Texto,Etiqueta
"""A esa tortillera le falta un buen hombre que le dé duro.""",1
"""A esas edades ya no deberían estar en la calle dando vueltas.""",2
"""A ese moreno se le nota lo delincuente desde lejos.""",1
"""A los chinos se les debería prohibir entrar al país, son una plaga.""",1
"""A los discapacitados que molestan habría que darles una patada.""",1
"""A los gays se les corrige con castigos físicos, como antes.""",1
"""A los gitanos habría que echarlos de todos los barrios.""",1
"""A los gitanos hay que echarlos a hostias, no a palabras.""",1
"""A los gitanos les prendería fuego en su chabola.""",1
"""A los gitanos solo les interesa la delincuencia.""",1
"""A los homosexuales habría que darles palizas hasta que se curen.""",1
"""A los homosexuales habría que lincharlos en la plaza.""",1
"""A los inmigrantes ilegales habría que cazarlos por la calle.""",1
"""A los judíos no se les debería permitir ser políticos.""",1
"""A los latinos hay que darles una lección que no olviden jamás.""",1
"""A los latinos hay que echarlos con la policía.""",1
"""A los maricas habría que darles una paliza diaria.""",1
"""A los maricas los curaba a hostias mi abuelo.""",1
"""A los maricas que hablan mucho, se les calla con una hostia.""",1
"""A los maricas se les saca lo gay a golpes.""",1
"""A los maricones habría que darles una buena paliza para que se enderecen.""",1
"""A los moros hay que barrerlos a palos de nuestras calles.""",1
"""A los moros les lanzaría bombas si pudiera.""",1
"""A los musulmanes hay que escupirles en la cara, son basura.""",1
"""A los musulmanes hay que vigilarles todo el tiempo.""",1
"""A los musulmanes les gusta imponer su ley por la fuerza.""",1
"""A los musulmanes les lanzaría piedras cada vez que rezan en la calle.""",1
"""A los musulmanes no se les puede confiar nada.""",1
"""A los negros les daba una paliza por cada vez que se quejan.""",1
"""A los negros les daría un escarmiento físico por cada queja.""",1
"""A los negros les rompía la boca si me miran mal.""",1
"""A los negros que gritan racismo hay que romperles los dientes.""",1
"""A los negros que protestan se les debe romper la cara.""",1
"""A los rumanos no hay que darles trabajo, sino hostias.""",1
"""A los sudacas habría que echarlos a patadas de este país.""",1
"""A los tira flechas hay que corregirlos a golpes.""",1
"""A los tira flechas se les debería reeducar a puñetazos.""",1
"""A los trans habría que darles una paliza por cada niño que confunden.""",1
"""A los travestis hay que sacarlos a hostias de los espacios públicos.""",1
"""A los viejos inútiles habría que empujarlos por las escaleras.""",1
"""Acomodé las botellas de vidrio en una caja para reciclar.""",0
"""Acomodé las especias por orden alfabético en la cocina.""",0
"""Acomodé las fotos familiares en un álbum con etiquetas.""",0
"""Acomodé las fundas de almohada por color en el armario.""",0
"""Acomodé las mantas en el armario por tipo de uso.""",0
"""Acomodé las revistas viejas en una caja para llevarlas a reciclar.""",0
"""Acomodé las sillas del comedor para recibir visitas en la cena.""",0
"""Acomodé las toallas del baño en rollos dentro de una canasta.""",0
"""Acomodé las toallas por tamaño y color en el armario del baño.""",0
"""Acomodé los CDs de música en orden alfabético.""",0
"""Acomodé los controles remotos en una caja para no perderlos.""",0
"""Acomodé los cubiertos en el cajón para que quedaran más accesibles.""",0
"""Acomodé los cubiertos por tamaño y los guardé en su sitio.""",0
"""Acomodé los DVDs por género y año.""",0
"""Acomodé los manteles por tamaño y tipo de tela.""",0
"""Acomodé los platos en la alacena por tipo y tamaño.""",0
"""Acomodé mi espacio de lectura con una lámpara nueva de escritorio.""",0
"""Acomodé mis archivos digitales por tema y fecha.""",0
"""Acomodé mis carpetas de estudio en el estante más accesible.""",0
"""Acomodé mis carpetas escolares por año y por tema.""",0
"""Acomodé mis carpetas físicas por años y las etiqueté claramente.""",0
"""Acomodé mis carpetas por color según el contenido de cada una.""",0
"""Acomodé mis carpetas por color y tema.""",0
"""Acomodé mis libros de arte por autor y por tema.""",0
"""Acomodé mis libros de cocina por tipos de recetas.""",0
"""Acomodé mis papeles y encontré notas antiguas que me hicieron reír.""",0
"""Acomodé mis pinturas y pinceles en una caja decorada.""",0
"""Acomodé mis plantas por tipo y necesidades de riego.""",0
"""Acompañé a mi abuelo al médico y charlamos todo el camino.""",0
"""Acompañé a mi hermano a comprar materiales escolares.""",0
"""Acompañé a mi madre al mercado y elegimos frutas de estación.""",0
"""Acompañé a mi madre al vivero y elegimos una planta para el balcón.""",0
"""Acompañé a mi sobrina a comprar útiles escolares.""",0
"""Acompañé a mi tío a una exposición sobre trenes antiguos.""",0
"""Acompañé a un amigo a elegir una mochila para su nuevo trabajo.""",0
"""Acompañé a un amigo al centro a buscar una lámpara de escritorio.""",0
"""Actualicé mi agenda con eventos importantes del mes.""",0
"""Actualicé mi perfil académico con los últimos cursos hechos.""",0
"""Anoche soñé que viajaba por Japón en tren bala.""",0
"""Aprendí a hacer mi propia mermelada de fresa.""",0
"""Aprendí a hacer una vinagreta casera para ensaladas.""",0
"""Aproveché el domingo para hacer limpieza general del piso.""",0
"""Aproveché la mañana para hacer limpieza general en casa.""",0
"""Aproveché la mañana para lavar las cortinas y ventilar la casa.""",0
"""Aproveché la tarde para organizar mis apuntes por fecha.""",0
"""Aproveché una caja vieja para guardar todos mis sobres y papeles sueltos.""",0
"""Armé una estantería nueva para mi cuarto de estudio.""",0
"""Arreglé el cable del cargador con cinta aislante y funciona bien.""",0
"""Arreglé el grifo que perdía agua en la cocina.""",0
"""Arreglé la lámpara del pasillo con una bombilla nueva.""",0
"""Arreglé la rueda de la bicicleta con ayuda de un tutorial.""",0
"""Arreglé un tirador de la cómoda con pegamento fuerte.""",0
"""Arreglé una bisagra suelta de la puerta del baño.""",0
"""Arreglé una camisa descosida en el bolsillo.""",0
"""Arreglé una cortina que se había soltado del riel.""",0
"""Arreglé una cremallera rota de mi mochila con una aguja e hilo.""",0
"""Arreglé una persiana que no bajaba bien.""",0
"""Ayer le metí una paliza a un gitano que cruzó la calle sin mirar.""",1
"""Ayer le metí una paliza a un latino por ser un ladrón.""",1
"""Ayer le metí una paliza a un moro por mirarme mal.""",1
"""Ayer le metí una paliza a un negro porque se metió conmigo.""",1
"""Ayer le metí una paliza a una feminazi por chillar en la plaza.""",1
"""Ayer le metí una paliza a una mujer por hablarme así.""",1
"""Ayer terminé de leer una novela que me atrapó desde el inicio.""",0
"""Ayer vi una lluvia de estrellas espectacular.""",0
"""Ayudé a mi madre a limpiar la alacena de la cocina.""",0
"""Ayudé a mi primo a construir una maqueta para su clase.""",0
"""Ayudé a mi primo a inflar globos para su fiesta de cumpleaños.""",0
"""Ayudé a mi sobrina a forrar sus libros escolares.""",0
"""Ayudé a mi sobrino con su tarea de ciencias naturales.""",0
"""Ayudé a mi vecina a cargar las bolsas del supermercado.""",0
"""Ayudé a mi vecino a buscar su gato perdido por el barrio.""",0
"""Ayudé a preparar una bandeja de bocadillos para una reunión.""",0
"""Ayudé a preparar una caja de donaciones con ropa de abrigo.""",0
"""Ayudé a un amigo a pintar una pared de su casa.""",0
"""Ayudé a un turista a encontrar una dirección en el centro.""",0
"""Cada vez que veo a un sudaca, me entran ganas de escupir.""",1
"""Cada vez que veo un maricón, me dan ganas de reventarle la cara.""",1
"""Cambié el fondo de pantalla del móvil por una foto del mar.""",0
"""Cambié el fondo de pantalla del móvil por uno más alegre.""",0
"""Cambié el lugar de las plantas para que recibieran mejor luz.""",0
"""Cambié el mantel de la mesa por uno con diseño floral.""",0
"""Cambié el mantel de la mesa por uno de tonos pastel.""",0
"""Cambié el orden de los cuadros en el pasillo para variar el ambiente.""",0
"""Cambié el orden de los muebles en mi habitación y me gustó el cambio.""",0
"""Cambié el protector de pantalla por una imagen de montaña nevada.""",0
"""Cambié el tapete de la entrada por uno más colorido.""",0
"""Cambié la contraseña del Wi-Fi por una más segura.""",0
"""Cambié la disposición de mis libros por temas y colores.""",0
"""Cambié la distribución de los cuadros en la escalera.""",0
"""Cambié la distribución de los muebles del dormitorio.""",0
"""Cambié la funda de mi almohada por una más suave que encontré en el armario.""",0
"""Cambié la funda del edredón por una con diseño de hojas.""",0
"""Cambié la hora de todos los relojes después del cambio estacional.""",0
"""Cambié la lámpara del escritorio por una con luz más cálida.""",0
"""Cambié la pantalla del protector del celular.""",0
"""Cambié la ubicación del escritorio para aprovechar mejor la luz natural.""",0
"""Cambié la ubicación del escritorio para que entre más luz natural.""",0
"""Cambié las bombillas del pasillo por unas de bajo consumo.""",0
"""Cambié las cortinas del dormitorio por unas de lino claro.""",0
"""Cambié las fundas de los cojines por unas con estampado floral.""",0
"""Cambié las fundas de los cojines por unas de rayas azules.""",0
"""Cambié las sábanas de mi cama y puse unas de algodón nuevas.""",0
"""Cambié las sábanas y dormí mucho mejor anoche.""",0
"""Cambié las sillas del comedor por unas más cómodas.""",0
"""Cambié las toallas del baño por unas nuevas más suaves.""",0
"""Cambié los adornos de la mesa por otros más simples y claros.""",0
"""Cambié los cuadros de lugar para refrescar el ambiente.""",0
"""Caminé por la playa al amanecer y estaba todo tranquilo.""",0
"""Caminé por la playa y recogí algunas conchas para mi colección.""",0
"""Caminé por un sendero rodeado de árboles y pájaros.""",0
"""Chino con cara seria, chino que odia a los blancos.""",1
"""Chino con teléfono caro, chino que lo trajo de contrabando.""",1
"""Chino que cocina raro, chino que se larga.""",1
"""Chino que frunce el ceño, chino que planea estafa.""",1
"""Chino que no obedece, chino que se larga.""",1
"""Chino que pone negocios, chino que no paga ni un impuesto.""",1
"""Chino que se burla en su idioma, chino que merece bofetón.""",1
"""Chino que se niega a mirar a los ojos, chino que oculta algo.""",1
"""Chino que vende barato, chino que explota a su familia.""",1
"""Chinos de mierda nos están quitando el barrio.""",1
"""Chinos de mierda, siempre haciendo ruido en el vecindario.""",1
"""Chinos por todos lados, esto ya no es España.""",1
"""Clasifiqué mis apuntes en carpetas por asignatura.""",0
"""Cociné una sopa de lentejas con zanahoria y la serví con pan integral.""",0
"""Colgué una cortina nueva en la cocina y cambió todo el ambiente.""",0
"""Colgué una cortina nueva en la habitación y se ve más luminosa.""",0
"""Colgué una lámina con una ilustración de bosque sobre mi escritorio.""",0
"""Colgué una lámpara de papel en el rincón de lectura del salón.""",0
"""Colgué una pequeña pizarra en la cocina para anotar recordatorios.""",0
"""Colgué una planta colgante junto a la ventana del salón.""",0
"""Coloqué etiquetas adhesivas en los cajones para encontrarlos fácilmente.""",0
"""Coloqué luces cálidas en el balcón para la noche.""",0
"""Coloqué luces pequeñas alrededor del espejo del baño.""",0
"""Coloqué luces pequeñas en el estante para dar un ambiente cálido.""",0
"""Coloqué mi taza favorita en un estante especial del armario.""",0
"""Coloqué nuevas etiquetas a los frascos de especias.""",0
"""Coloqué nuevas etiquetas en los frascos de la despensa.""",0
"""Coloqué pequeñas luces LED en la repisa para ambientar el cuarto.""",0
"""Coloqué plantas pequeñas en frascos de vidrio sobre la estantería.""",0
"""Coloqué todos los controles remotos en una caja decorada.""",0
"""Coloqué un cartel hecho a mano en la puerta de mi cuarto.""",0
"""Coloqué un cuenco con frutas en la mesa del comedor.""",0
"""Coloqué una cortina nueva de tela ligera en la cocina.""",0
"""Coloqué una flor seca dentro de un libro para conservarla.""",0
"""Coloqué una foto familiar en el escritorio con un marco nuevo.""",0
"""Coloqué una lámpara nueva en el rincón de lectura.""",0
"""Coloqué una maceta pequeña sobre la repisa de la ventana.""",0
"""Coloqué una manta suave en el sofá para las tardes frías.""",0
"""Coloqué una planta nueva en el rincón del comedor.""",0
"""Coloqué unas luces tenues en la cabecera de la cama.""",0
"""Comencé un reto de fotografía con una temática diaria.""",0
"""Compré un cuaderno nuevo para escribir ideas sueltas.""",0
"""Compré una agenda nueva y anoté mis metas del mes.""",0
"""Compré una planta nueva para el balcón y ya floreció.""",0
"""Compré una vela aromática que deja la casa con olor a vainilla.""",0
"""Con ese acento, seguro que es chulo de barrio.""",2
"""Con ese acento, seguro que no es de aquí.""",2
"""Con ese pañuelo no sé si es una mujer o qué.""",2
"""Con los discapacitados uno nunca sabe cómo actuar.""",2
"""Con los moros nunca se sabe, son peligrosos.""",2
"""Corté cartón para hacer separadores de libros.""",0
"""Corté papel kraft para envolver unos libros que quiero regalar.""",0
"""Corté papel kraft para hacer envoltorios personalizados.""",0
"""Corté ramas secas del jardín y las usé para encender la chimenea.""",0
"""Corté tiras de tela para hacer un mantel casero.""",0
"""Corté un retazo de tela para usar como pañuelo decorativo.""",0
"""Corté una caja de cartón para convertirla en un organizador de estantes.""",0
"""Deberían colgar a los moros de un árbol.""",1
"""Deberían prohibir que los judíos trabajen en cargos públicos.""",1
"""Decidí hacer una pausa para estirarme y respirar profundo.""",0
"""Decidí no encender la televisión durante toda una jornada.""",0
"""Decidí no usar el móvil durante una tarde entera.""",0
"""Decoré el árbol de navidad con adornos hechos a mano.""",0
"""Decoré el pasillo con luces tenues para la noche.""",0
"""Decoré frascos vacíos con cuerdas y los usé como floreros.""",0
"""Decoré frascos vacíos para guardar lápices y marcadores.""",0
"""Decoré la mesa con un mantel nuevo y velas pequeñas.""",0
"""Decoré la nevera con imanes de lugares que visité.""",0
"""Decoré la sala con flores frescas y se ve más alegre.""",0
"""Decoré la tapa de un cuaderno con papel kraft y dibujos simples.""",0
"""Decoré la tapa de una libreta con dibujos de flores silvestres.""",0
"""Decoré mi agenda con dibujos pequeños en los márgenes.""",0
"""Decoré mi carpeta de apuntes con dibujos pequeños a mano.""",0
"""Decoré mi cuarto con luces tenues y cuadros pequeños.""",0
"""Decoré mi escritorio con luces y plantas pequeñas.""",0
"""Decoré mi escritorio con una guirnalda de luces pequeñas.""",0
"""Decoré mi escritorio con una piedra pintada que me regaló un amigo.""",0
"""Decoré sobres con dibujos hechos a mano para enviar cartas.""",0
"""Decoré sobres con dibujos para cartas que quiero enviar.""",0
"""Decoré sobres con sellos antiguos para mis cartas.""",0
"""Decoré un jarrón con cintas y flores secas.""",0
"""Decoré un lápiz con cintas de colores y lo usé como señalador.""",0
"""Decoré un portarretratos con botones y tela de colores.""",0
"""Decoré un sobre con papel reciclado y dibujos simples.""",0
"""Decoré una bolsa de papel para envolver un regalo especial.""",0
"""Decoré una caja con recortes de revistas y la usé para guardar cartas.""",0
"""Decoré una caja con tela y botones para guardar hilos.""",0
"""Decoré una caja de zapatos con papel decorativo y la uso para guardar cartas.""",0
"""Decoré una caja de zapatos para convertirla en organizador.""",0
"""Decoré una caja de zapatos para usar como organizador de escritorio.""",0
"""Decoré una caja para guardar cartas y papeles importantes.""",0
"""Decoré una carta con pequeños dibujos antes de enviarla por correo.""",0
"""Decoré una libreta con papel reciclado y la usé como diario personal.""",0
"""Decoré una libreta con recortes de papeles de colores.""",0
"""Decoré una tabla de madera con dibujos de hojas y ramas.""",0
"""Decoré una vela con cinta y la coloqué en la mesa del comedor.""",0
"""Dediqué un rato a aprender palabras nuevas en otro idioma.""",0
"""Dediqué un rato a leer noticias en formato papel con una taza de café.""",0
"""Dediqué un rato a limpiar el teclado y el monitor del ordenador.""",0
"""Dediqué un rato a limpiar mis pinceles y dejar todo en orden.""",0
"""Dediqué un rato a regar las plantas y quitar las hojas secas.""",0
"""Dediqué un rato a revisar recetas nuevas para probar.""",0
"""Dediqué una hora a ordenar las fotos de mi último viaje.""",0
"""Descubrí una banda nueva y no paro de escuchar su música.""",0
"""Descubrí una cafetería escondida con música en vivo.""",0
"""Descubrí una ruta de senderismo cerca de casa que no conocía.""",0
"""Desempolvé mis libros favoritos y les puse nuevas portadas protectoras.""",0
"""Dibujé figuras geométricas en una hoja para relajarme.""",0
"""Dibujé un árbol en una hoja blanca para decorar mi agenda.""",0
"""Dibujé un paisaje de otoño solo con lápiz grafito.""",0
"""Dibujé un paisaje en tonos cálidos para decorar mi escritorio.""",0
"""Dibujé una montaña en mi cuaderno de bocetos.""",0
"""Dibujé una serie de círculos y líneas sobre papel reciclado.""",0
"""Doblé la ropa recién lavada mientras escuchaba un disco antiguo.""",0
"""El feminismo es un cáncer que destruye a los hombres.""",1
"""Empecé a correr por las mañanas y me siento con más energía.""",0
"""Empecé a pintar con acuarelas y me relaja bastante.""",0
"""Empecé un curso de cocina italiana por internet.""",0
"""En casa jugamos bingo todas las noches de viernes.""",0
"""Encendí una vela de lavanda y me senté a leer tranquilo.""",0
"""Esa gente solo viene a aprovecharse de las ayudas.""",2
"""Esa puta de la vecina siempre se mete en todo.""",1
"""Esa puta feminista se merece una buena hostia.""",1
"""Esa zorra de profesora debería ser despedida por feminista.""",1
"""Escribí con pluma sobre papel reciclado para practicar mi letra.""",0
"""Escribí en mi cuaderno de gratitud tres cosas buenas del día.""",0
"""Escribí en mi diario cómo me sentí durante la semana.""",0
"""Escribí frases inspiradoras en tarjetas pequeñas y las guardé en una caja.""",0
"""Escribí ideas para decorar la terraza con materiales reciclados.""",0
"""Escribí ideas para un cuento de invierno en mi libreta de tapas azules.""",0
"""Escribí los pasos de una receta de pan casero en una hoja decorada.""",0
"""Escribí los recuerdos más lindos de la semana en mi diario personal.""",0
"""Escribí los títulos de mis libros favoritos en la parte de atrás de mi agenda.""",0
"""Escribí mis ideas para mejorar el espacio común del edificio.""",0
"""Escribí mis objetivos de la semana en una hoja y la pegué al espejo.""",0
"""Escribí un listado de cosas pequeñas que me hacen feliz.""",0
"""Escribí un poema corto en la libreta que llevo siempre.""",0
"""Escribí una carta de agradecimiento a mi profesor de secundaria.""",0
"""Escribí una carta para acompañar un paquete que debía enviar.""",0
"""Escribí una carta para incluir en un paquete que envío por correo.""",0
"""Escribí una historia corta basada en un sueño que tuve.""",0
"""Escribí una lista con pequeñas cosas que me gustaría hacer este mes.""",0
"""Escribí una lista de cosas que me hacen sentir en paz.""",0
"""Escribí una nota con palabras lindas para dejar en el espejo del baño.""",0
"""Escribí una nota de agradecimiento y la dejé en la mesa de mi compañera.""",0
"""Escribí una nota para agradecerle a una vecina por su ayuda.""",0
"""Escribí una nota para dejar en la mochila de mi pareja deseándole buen día.""",0
"""Escribí una pequeña historia inspirada en mi jardín.""",0
"""Escribí una pequeña historia para participar en un concurso local.""",0
"""Escribí una receta familiar en una tarjeta decorativa.""",0
"""Escribí una reflexión en mi cuaderno de gratitud.""",0
"""Escribí una tarjeta de felicitación para mi primo que se graduó.""",0
"""Escuché el canto de los pájaros mientras limpiaba la terraza.""",0
"""Escuché el disco nuevo de una banda que me gusta desde adolescente.""",0
"""Escuché música instrumental mientras limpiaba el pasillo.""",0
"""Escuché música instrumental mientras organizaba mis carpetas físicas.""",0
"""Escuché sonidos del bosque en una lista de reproducción relajante.""",0
"""Escuché sonidos del bosque mientras me estiraba en la alfombra.""",0
"""Escuché un audiolibro mientras acomodaba los platos de la alacena.""",0
"""Escuché un audiolibro mientras doblaba ropa recién lavada.""",0
"""Escuché un disco completo de música clásica mientras cocinaba.""",0
"""Escuché un podcast sobre creatividad mientras cocinaba.""",0
"""Escuché un podcast sobre escritura mientras planchaba la ropa.""",0
"""Escuché un podcast sobre historia y me pareció fascinante.""",0
"""Escuché un podcast sobre mitología griega mientras caminaba por el barrio.""",0
"""Escuché una canción que no oía desde mi adolescencia.""",0
"""Escuché una conversación interesante sobre sostenibilidad en un podcast.""",0
"""Escuché una lista de reproducción con sonidos de la naturaleza.""",0
"""Escuché una lista de reproducción de jazz mientras cocinaba.""",0
"""Ese maricón camina como si el mundo fuera suyo, qué asco.""",1
"""Ese maricón del trabajo debería ser despedido ya.""",1
"""Ese maricón no debería estar en el mismo baño que mi hijo.""",1
"""Ese mono cree que puede hablarme, ni que fuera persona.""",1
"""Ese mono de mierda está en mi gimnasio, qué asco.""",1
"""Ese mono debería estar en un zoológico, no en mi aula.""",1
"""Ese mono del autobús apestaba como si no se bañara hace meses.""",1
"""Ese mono no debería estar en la universidad.""",1
"""Ese mono no debería existir en este país.""",1
"""Ese mono se cree que puede opinar, qué risa.""",1
"""Ese negrata cree que por tener móvil ya es igual a mí.""",1
"""Ese negrata no debería estar en este país, que vuelva a la selva.""",1
"""Ese negrata ocupa un puesto que debería tener un español.""",1
"""Ese niño no debería estar en una escuela normal, es raro.""",2
"""Ese niño no está bien, parece medio tonto.""",2
"""Ese niño parece raro, seguro que tiene algo psicológico.""",2
"""Ese niño raro seguro tiene algo en la cabeza.""",2
"""Ese niño tiene algo raro en la mirada, no es normal.""",2
"""Ese paki de mierda me miró mal, ojalá lo deporten.""",1
"""Ese sarasa de voz fina da asco, que se vaya del gimnasio.""",1
"""Ese sarasa no debería jugar fútbol con hombres.""",1
"""Ese tiene pinta de drogadicto, seguro es latino.""",2
"""Ese tiznado apestoso no debería ni acercarse a mí.""",1
"""Estamos pensando en adoptar un perrito del refugio local.""",0
"""Estoy aprendiendo fotografía como pasatiempo.""",0
"""Estoy digitalizando fotos antiguas para hacer un álbum familiar.""",0
"""Estoy escribiendo un diario personal desde hace un mes.""",0
"""Estoy escribiendo una historia corta de ciencia ficción.""",0
"""Estoy intentando aprender a tocar el ukelele.""",0
"""Estoy organizando mi biblioteca por colores.""",0
"""Estoy organizando una noche de cine en casa con amigos.""",0
"""Estoy planeando un viaje en tren por el norte del país.""",0
"""Estoy practicando caligrafía con una libreta especial.""",0
"""Estoy probando recetas vegetarianas nuevas cada semana.""",0
"""Estoy probando una app para aprender japonés.""",0
"""Estoy recolectando postales de todos los lugares que visito.""",0
"""Estoy redecorando mi sala con plantas y cuadros nuevos.""",0
"""Estuve escuchando vinilos antiguos de mis padres.""",0
"""Estuve haciendo estiramientos suaves en una colchoneta junto a la ventana.""",0
"""Estuve jugando al dominó con mis sobrinos.""",0
"""Estuve leyendo en voz alta un libro de cuentos clásicos.""",0
"""Estuve leyendo sobre animales del Ártico en una enciclopedia antigua.""",0
"""Estuve ordenando las tapas de mis cuadernos con etiquetas nuevas.""",0
"""Estuve pintando mandalas con rotuladores finos.""",0
"""Estuve practicando meditación con una app guiada.""",0
"""Estuve un rato aprendiendo palabras nuevas en portugués.""",0
"""Estuve un rato con mi gato, que se durmió sobre mis piernas.""",0
"""Estuve un rato dibujando en mi cuaderno mientras sonaba música tranquila.""",0
"""Estuve viendo una clase online sobre historia del arte renacentista.""",0
"""Etiqueté mis frascos de especias en la cocina.""",0
"""Feminazi que exige respeto, feminazi que nunca lo da.""",1
"""Feminazi que levanta el puño, feminazi que pide bofetón.""",1
"""Feminazi que llora en redes, feminazi que busca seguidores.""",1
"""Feminazi que se autodefiende, feminazi que solo ataca.""",1
"""Feminazi que se mete en política, feminazi que quiere imponer su dictadura.""",1
"""Feminista cerda que protesta, feminista que recibe hostia.""",1
"""Feminista con cara de odio, feminista que da miedo a los niños.""",1
"""Feminista que dice que no odia, feminista que miente como respira.""",1
"""Feminista que dice ser libre, feminista que vive del odio.""",1
"""Feminista que escribe columnas, feminista que vomita odio contra los hombres.""",1
"""Feminista que protesta con pancartas, feminista que molesta a todos.""",1
"""Feminista que se enoja por chistes, feminista que no tiene sentido del humor.""",1
"""Feminista que se ríe fuerte, feminista que provoca solo por molestar.""",1
"""Feminista que se viste de negro, feminista que odia la vida.""",1
"""Fui a buscar pan fresco y aproveché para saludar a mis vecinos.""",0
"""Fui a buscar pan integral a la panadería del barrio.""",0
"""Fui a buscar pan recién hecho a la panadería de la esquina.""",0
"""Fui a buscar unas fotos reveladas que había encargado la semana pasada.""",0
"""Fui a caminar al parque después de la lluvia y olía a tierra mojada.""",0
"""Fui a caminar con mi vecino y conversamos sobre libros.""",0
"""Fui a caminar después de la lluvia, el olor a tierra mojada era increíble.""",0
"""Fui a caminar por el paseo del río y me crucé con muchas bicicletas.""",0
"""Fui a caminar por la rambla antes del anochecer.""",0
"""Fui a caminar por la rambla y vi cómo cambiaban los colores del cielo.""",0
"""Fui a caminar sin auriculares para conectar con el entorno.""",0
"""Fui a comprar materiales para hacer tarjetas artesanales.""",0
"""Fui a comprar semillas para plantar rúcula y espinaca.""",0
"""Fui a comprar sobres para enviar una carta por correo tradicional.""",0
"""Fui a comprar velas aromáticas para ambientar el salón.""",0
"""Fui a dar un paseo después de cenar con mi madre.""",0
"""Fui a donar juguetes en buen estado a una organización local.""",0
"""Fui a donar libros a la biblioteca de mi antiguo colegio.""",0
"""Fui a donar mantas que ya no usábamos a una asociación vecinal.""",0
"""Fui a donar ropa que ya no uso a un centro de acopio local.""",0
"""Fui a donar ropa que ya no uso pero está en buen estado.""",0
"""Fui a donar útiles escolares que tenía guardados sin usar.""",0
"""Fui a la biblioteca a devolver libros y elegí uno nuevo.""",0
"""Fui a la biblioteca del barrio y renové mi carnet de lector.""",0
"""Fui a la biblioteca y encontré libros que llevaba años buscando.""",0
"""Fui a la plaza a leer con mi sobrina una historia de animales del bosque.""",0
"""Fui a la tienda a buscar papel reciclado para mis apuntes.""",0
"""Fui a la tienda a comprar una libreta con hojas recicladas.""",0
"""Fui a la tienda de manualidades a comprar cartulinas de colores.""",0
"""Fui a mirar escaparates con decoraciones navideñas.""",0
"""Fui a pasear al perro y aproveché para escuchar un podcast.""",0
"""Fui a pasear al perro y recogí flores caídas en el camino.""",0
"""Fui a tomar fotos de los árboles del parque en otoño.""",0
"""Fui a un mercadillo de libros y encontré un ejemplar que buscaba.""",0
"""Fui a un mercado de productores locales y compré miel artesanal.""",0
"""Fui a un puesto de frutas a comprar bananas maduras para hornear.""",0
"""Fui a un taller sobre cocina saludable y aprendí mucho.""",0
"""Fui a una cafetería nueva y el pastel de zanahoria estaba increíble.""",0
"""Fui a una charla sobre cine y tomé apuntes.""",0
"""Fui a una charla sobre huertas urbanas y aprendí varios trucos.""",0
"""Fui a una charla sobre reciclaje urbano en el centro comunitario.""",0
"""Fui a una exposición de arte local en el centro cultural.""",0
"""Fui a una feria artesanal y compré jabones hechos a mano.""",0
"""Fui a una feria artesanal y compré un cuenco de cerámica.""",0
"""Fui a una feria de artesanías y compré un cuaderno hecho a mano.""",0
"""Fui a una feria de libros usados y compré tres novelas.""",0
"""Fui a una feria de plantas y traje suculentas nuevas.""",0
"""Fui a una librería de segunda mano y encontré un libro antiguo.""",0
"""Fui a una librería de usados y encontré una novela que buscaba hace tiempo.""",0
"""Fui a una tienda de té y compré una mezcla con canela y jengibre.""",0
"""Fui a una tienda de telas y elegí una para coser una funda.""",0
"""Fui a ver una charla sobre reciclaje urbano en un centro comunitario.""",0
"""Fui a ver una exposición sobre arte hecho con papel cortado.""",0
"""Fui a visitar una librería antigua del centro.""",0
"""Fui al centro a comprar botones para una camisa antigua.""",0
"""Fui al centro a comprar una agenda para el nuevo semestre.""",0
"""Fui al centro a comprar velas decorativas para la casa.""",0
"""Fui al centro con una amiga a comprar materiales para un trabajo práctico.""",0
"""Fui al centro cultural a ver una muestra de acuarelas locales.""",0
"""Fui al centro cultural a ver una muestra de arte textil.""",0
"""Fui al centro cultural del barrio para ver una obra de teatro breve.""",0
"""Fui al centro en bici con una lista de mandados pequeños.""",0
"""Fui al cine a ver una película de animación y me reí mucho.""",0
"""Fui al cine con mis amigos y vimos una comedia divertida.""",0
"""Fui al jardín a regar con una regadera hecha con una botella reciclada.""",0
"""Fui al mercadillo y compré frutas frescas y pan artesanal.""",0
"""Fui al mercado de barrio y compré frutas frescas para toda la semana.""",0
"""Fui al mercado local y compré frutas de estación.""",0
"""Fui al mirador de la ciudad y saqué fotos panorámicas.""",0
"""Fui al parque a caminar sin auriculares para escuchar los sonidos del lugar.""",0
"""Fui al parque a dar un paseo con mi perro y disfruté del sol.""",0
"""Fui al parque a hacer estiramientos y ejercicios suaves.""",0
"""Fui al parque a ver cómo caían las hojas con el viento.""",0
"""Fui al parque a ver cómo florecían los cerezos.""",0
"""Fui al parque con mi madre a caminar y mirar los árboles en flor.""",0
"""Fui al parque con mi perro y jugamos a lanzar la pelota.""",0
"""Fui al parque con una manta a hacer un picnic sencillo.""",0
"""Fui al parque con una manta y leí bajo un árbol.""",0
"""Fui al parque con una manta y me recosté a mirar el cielo.""",0
"""Fui al parque con una manta y un libro para pasar la tarde.""",0
"""Fui al parque y me senté bajo un árbol a escuchar un audiolibro.""",0
"""Fui al supermercado y encontré en oferta mi cereal favorito.""",0
"""Fui al supermercado y me encontré con una antigua compañera de clase.""",0
"""Fui al vivero a comprar una planta para mi escritorio.""",0
"""Fui al vivero con mi prima y elegimos una planta para su habitación.""",0
"""Fui al vivero y compré una planta colgante para la ventana.""",0
"""Fui con mi hermana a tomar fotos a una plaza antigua del centro.""",0
"""Fui con mi hermana a visitar a nuestra abuela.""",0
"""Fui con mi hermana al mercado a comprar flores frescas.""",0
"""Fui con mi hermano a andar en bicicleta por la costanera.""",0
"""Fui con mi hermano a buscar una caja de herramientas al taller.""",0
"""Fui con mi madre a buscar retazos de tela para un proyecto de costura.""",0
"""Fui con mi madre a comprar plantas para su balcón.""",0
"""Fui con mi madre a elegir cortinas nuevas para el comedor.""",0
"""Fui con mi padre a comprar bulbos para plantar en primavera.""",0
"""Fui con mi pareja a ver una obra de teatro local.""",0
"""Fui con mi prima a buscar ideas para decorar su habitación.""",0
"""Fui con mi primo a patinar en la plaza del barrio.""",0
"""Fui con mi primo a una exposición de fotografía en una sala cultural.""",0
"""Fui con mi primo al museo de ciencias naturales.""",0
"""Fui con mi primo al parque y jugamos a identificar tipos de árboles.""",0
"""Fui con mi sobrina al parque a andar en bicicleta.""",0
"""Fui con mi tía a comprar plantas aromáticas al vivero.""",0
"""Fui con mi tía a un taller de cerámica donde hicimos tazas personalizadas.""",0
"""Fui con mi tía al mercado de pulgas a buscar vajilla antigua.""",0
"""Fui con mis amigos a tomar helado en una plaza del barrio.""",0
"""Fui con mis sobrinos al río a ver los patos nadando.""",0
"""Fui con una amiga a buscar flores secas para hacer marcadores.""",0
"""Fui con una amiga al parque a caminar mientras conversábamos.""",0
"""Grabé sonidos del parque para un proyecto de audio que estoy haciendo.""",0
"""Grabé sonidos del viento en los árboles para usar en mis videos.""",0
"""Grabé un audio leyendo poemas para un proyecto escolar.""",0
"""Grabé un audio leyendo un cuento para enviárselo a mis sobrinos.""",0
"""Guardé las bolsas de tela plegadas en un cajón para tenerlas a mano.""",0
"""Guardé las bolsas reutilizables en un cajón para no olvidarlas.""",0
"""Guardé los manteles de invierno y saqué los de colores claros.""",0
"""Guardé los manteles limpios en una caja con bolsitas de lavanda.""",0
"""Guardé los papeles importantes en una carpeta nueva.""",0
"""Guardé mis discos favoritos en una caja forrada de tela.""",0
"""Guardé todas las bolsas de tela en un solo recipiente con tapa.""",0
"""Guardé todas las bolsas reutilizables en un solo cajón con etiquetas.""",0
"""Guardé todas mis entradas de conciertos en una caja decorada.""",0
"""Guardé todos mis cables y cargadores en una caja con etiquetas.""",0
"""Hay mujeres que buscan que las acosen con la ropa que se ponen.""",2
"""Hice estiramientos y ejercicios suaves para comenzar bien el día.""",0
"""Hice limpieza de las notas del teléfono y eliminé lo que no necesitaba.""",0
"""Hice limpieza digital de fotos repetidas en mi móvil.""",0
"""Hice limpieza en la bandeja de entrada de mi correo electrónico.""",0
"""Hice limpieza general de mi habitación y me siento mejor.""",0
"""Hice origamis con papeles de colores para colgar del techo.""",0
"""Hice pan casero por primera vez y salió esponjoso.""",0
"""Hice pan de ajo casero y lo compartí con mis vecinos.""",0
"""Hice un desayuno especial con pan de semillas, frutas y yogur.""",0
"""Hice un marcapáginas con cartulina y un retazo de tela.""",0
"""Hice una bolsa de tela con retazos de una camisa vieja.""",0
"""Hice una búsqueda en internet sobre cómo conservar hierbas frescas.""",0
"""Hice una caja de recuerdos con boletos de cine y postales.""",0
"""Hice una caminata corta antes de cenar.""",0
"""Hice una caminata corta con mi abuelo y conversamos mucho.""",0
"""Hice una caminata por un sendero nuevo cerca de casa y lo encontré relajante.""",0
"""Hice una copia de seguridad de todas mis fotos del último año.""",0
"""Hice una ensalada con legumbres y vegetales de estación.""",0
"""Hice una infusión con hojas de menta y la tomé tibia.""",0
"""Hice una infusión de hierbas y la tomé en el balcón mientras leía.""",0
"""Hice una infusión de manzanilla para relajarme antes de dormir.""",0
"""Hice una limonada natural para tomar después de caminar.""",0
"""Hice una limpieza de lápices y materiales escolares.""",0
"""Hice una limpieza digital en el ordenador y liberé espacio.""",0
"""Hice una limpieza digital y borré aplicaciones que no usaba.""",0
"""Hice una limpieza general del refrigerador y ordené todo por categorías.""",0
"""Hice una limpieza profunda de los cajones del escritorio.""",0
"""Hice una limpieza profunda de los cajones del escritorio.""",0
"""Hice una limpieza profunda de mi armario.""",0
"""Hice una limpieza rápida de la bandeja de entrada del correo.""",0
"""Hice una limpieza rápida de la despensa y organicé todo por tipo de alimento.""",0
"""Hice una limpieza rápida de los cajones de la cocina.""",0
"""Hice una limpieza rápida de mi habitación antes de cenar.""",0
"""Hice una limpieza rápida del coche y saqué todo lo que no era necesario.""",0
"""Hice una lista de compras para el mes y la compartí con mi familia.""",0
"""Hice una lista de cosas buenas que me pasaron esta semana.""",0
"""Hice una lista de ideas para escribir historias breves.""",0
"""Hice una lista de ideas para regalos hechos a mano.""",0
"""Hice una lista de las películas que quiero ver este mes.""",0
"""Hice una lista de mis momentos favoritos del mes y la decoré con dibujos.""",0
"""Hice una lista de propósitos para el próximo mes.""",0
"""Hice una lista de reproducción con canciones que me traen buenos recuerdos.""",0
"""Hice una lista de reproducción con mis canciones favoritas de la infancia.""",0
"""Hice una lista de tareas pequeñas para hacer durante el día.""",0
"""Hice una merienda especial con batido de frutilla y galletas caseras.""",0
"""Hice una mezcla de semillas y frutos secos para meriendas.""",0
"""Hice una pausa para meditar cinco minutos al mediodía.""",0
"""Hice una pausa para preparar un té verde con limón.""",0
"""Hice una pausa para respirar profundo y tomar agua fresca.""",0
"""Hice una pausa para tomar mate y mirar el cielo desde la terraza.""",0
"""Hice una sopa de calabaza con jengibre y leche de coco.""",0
"""Hice una sopa de verduras con restos que tenía en la nevera.""",0
"""Hice una tabla con mis horarios de estudio para organizarme mejor.""",0
"""Hice una videollamada con mis primos que viven en otro país.""",0
"""Hice una videollamada con mis primos que viven en otro país.""",0
"""Hicimos una fogata en el patio y asamos malvaviscos.""",0
"""Hijos de puta los inmigrantes que viven de mis impuestos.""",1
"""Hijos de puta los inmigrantes que viven de mis impuestos.""",1
"""Hijos de puta los judíos, siempre queriendo controlar todo.""",1
"""Hijos de puta los judíos, siempre queriendo controlar todo.""",1
"""Hijos de puta los latinos que arruinan los barrios.""",1
"""Hijos de puta los latinos que arruinan los barrios.""",1
"""Hijos de puta los refugiados que vienen a robarnos el trabajo.""",1
"""Hijos de puta los refugiados que vienen a robarnos el trabajo.""",1
"""Hijos de puta los sudacas, se merecen una buena paliza colectiva.""",1
"""Hijos de puta los sudacas, vienen solo a joder.""",1
"""Hijos de puta los sudacas, vienen solo a joder.""",1
"""Hoy almorcé ensalada con pollo a la plancha y estuvo delicioso.""",0
"""Hoy ayudé a mi vecina a mover unos muebles.""",0
"""Hoy barrí la terraza mientras escuchaba música suave.""",0
"""Hoy cociné arroz con lentejas, una receta de mi mamá.""",0
"""Hoy estrené una camisa que me regalaron y me encantó.""",0
"""Hoy hice una videollamada con mis abuelos y charlamos un buen rato.""",0
"""Hoy hice yoga y me sentí más tranquilo después.""",0
"""Hoy horneé galletas de avena y chocolate.""",0
"""Hoy limpié mi escritorio y quedó mucho más ordenado.""",0
"""Hoy organicé mis apuntes y carpetas con etiquetas de colores.""",0
"""Hoy preparé una pizza casera con masa integral.""",0
"""Hoy salí a andar en bici por el vecindario.""",0
"""Hoy vi un atardecer impresionante desde el balcón de casa.""",0
"""Imprimí una foto de grupo y la puse en el corcho del escritorio.""",0
"""Instalé una aplicación para aprender vocabulario en otro idioma.""",0
"""Jugué cartas con mi familia después de cenar.""",0
"""La feminista con el pañuelo verde debería ser deportada a golpes.""",1
"""La mayoría de las mujeres conducen fatal.""",2
"""La zorra de mi ex solo servía para calentar la cama.""",1
"""Las cerdas feministas deberían quedarse encerradas.""",1
"""Las cerdas feministas están destruyendo a los hombres.""",1
"""Las cerdas feministas merecen ser silenciadas a la fuerza.""",1
"""Las cerdas feministas merecen un escarmiento físico.""",1
"""Las cerdas feministas no sirven ni para criar hijos.""",1
"""Las discapacitadas se ven mal embarazadas.""",2
"""Las feminazis deberían ser apaleadas en público.""",1
"""Las feministas actúan como si fueran moralmente superiores.""",2
"""Las feministas atacan incluso el sentido del humor masculino.""",2
"""Las feministas cerdas odian a los hombres, que se mueran.""",1
"""Las feministas confunden deseo con acoso.""",2
"""Las feministas confunden igualdad con privilegios.""",2
"""Las feministas creen que gritar más las hace tener razón.""",2
"""Las feministas creen que la masculinidad es una enfermedad.""",2
"""Las feministas creen que ser mujer ya las hace mejores que los hombres.""",2
"""Las feministas de hoy en día solo saben gritar y victimizarse.""",2
"""Las feministas deberían ser arrastradas por las calles.""",1
"""Las feministas deberían ser encerradas por locas.""",1
"""Las feministas deberían ser esterilizadas.""",1
"""Las feministas deberían ser pateadas fuera del país.""",1
"""Las feministas destruyen puentes entre géneros, no los construyen.""",2
"""Las feministas destruyen relaciones con sus ideas tóxicas.""",2
"""Las feministas están creando más división que igualdad.""",2
"""Las feministas están creando una sociedad hostil para los hombres.""",2
"""Las feministas están destruyendo la familia tradicional.""",1
"""Las feministas están destruyendo la idea de familia.""",2
"""Las feministas están llenas de odio, no construyen nada.""",2
"""Las feministas insultan a todo hombre que se atreva a opinar diferente.""",2
"""Las feministas me sacan de quicio, una hostia bien dada les vendría bien.""",1
"""Las feministas no aceptan que hay diferencias biológicas naturales.""",2
"""Las feministas no buscan igualdad, buscan control.""",2
"""Las feministas no luchan por igualdad, luchan por venganza.""",2
"""Las feministas no quieren igualdad, quieren dominar a los hombres.""",2
"""Las feministas no representan a todas las mujeres, solo a un grupo ruidoso.""",2
"""Las feministas odian a las mujeres que quieren formar una familia.""",2
"""Las feministas odian a las mujeres que quieren quedarse en casa.""",2
"""Las feministas odian a las mujeres tradicionales.""",2
"""Las feministas odian a los hombres y eso no es igualdad.""",2
"""Las feministas odian a los hombres, así no se puede dialogar.""",2
"""Las feministas odian a los hombres, eso está claro.""",1
"""Las feministas odian a los hombres, por eso no pueden dialogar.""",2
"""Las feministas odian tanto que merecen sentir miedo físico también.""",1
"""Las feministas odian todo lo tradicional, incluso la familia.""",2
"""Las feministas que chillan deberían ser silenciadas con bofetadas.""",1
"""Las feministas quieren cambiar la lengua solo para sentirse representadas.""",2
"""Las feministas quieren censurar cualquier cosa que no les guste.""",2
"""Las feministas quieren convertir a los hombres en esclavos.""",1
"""Las feministas quieren privilegios, no igualdad real.""",2
"""Las feministas quieren puestos altos sin mérito, solo por ser mujeres.""",2
"""Las feministas quieren que el hombre desaparezca.""",2
"""Las feministas quieren que los hombres pidan permiso para existir.""",2
"""Las feministas quieren reescribir la historia eliminando al hombre.""",2
"""Las feministas quieren tener privilegios, no igualdad.""",2
"""Las feministas se burlan de cualquier mujer que quiera casarse o tener hijos.""",2
"""Las feministas se han convertido en un grupo de odio.""",2
"""Las feministas se quejan de todo, pero no hacen nada útil.""",2
"""Las feministas siempre están buscando lío donde no hay.""",2
"""Las feministas solo buscan llamar la atención.""",2
"""Las feministas solo quieren destruir a los hombres.""",1
"""Las feministas solo saben marchar y romper cosas.""",2
"""Las feministas solo sirven para protestar y llorar.""",1
"""Las feministas son incapaces de aceptar una opinión diferente.""",2
"""Las feministas son una plaga que debería ser exterminada.""",1
"""Las feministas ven machismo hasta en los buenos modales.""",2
"""Las feministas ya no luchan por igualdad, sino por venganza.""",2
"""Las lesbianas actúan como si tuvieran que demostrar algo.""",2
"""Las lesbianas actúan con odio, no con amor.""",2
"""Las lesbianas convierten cualquier comentario en una ofensa personal.""",2
"""Las lesbianas desprecian a las mujeres que no son como ellas.""",2
"""Las lesbianas están siempre buscando motivos para ofenderse.""",2
"""Las lesbianas están siempre buscando una excusa para quejarse.""",2
"""Las lesbianas necesitan un hombre que las ponga en su sitio a golpes.""",1
"""Las lesbianas no aceptan otras formas de feminidad que no sean las suyas.""",2
"""Las lesbianas no deberían adoptar, no es un entorno natural para un niño.""",2
"""Las lesbianas no deberían existir, y menos andar por ahí provocando.""",1
"""Las lesbianas no quieren hombres pero se visten como ellos.""",2
"""Las lesbianas no quieren hombres, pero se comportan como ellos.""",2
"""Las lesbianas no respetan la libertad de expresión si es crítica hacia ellas.""",2
"""Las lesbianas no tienen cabida en esta sociedad, que se escondan.""",1
"""Las lesbianas no toleran la opinión de mujeres heterosexuales.""",2
"""Las lesbianas odian a los hombres porque nunca las miraron.""",2
"""Las lesbianas odian a los hombres y eso se les nota.""",2
"""Las lesbianas odian a los hombres y no lo esconden.""",2
"""Las lesbianas parecen hombres frustrados con el mundo.""",2
"""Las lesbianas parecen hombres frustrados.""",2
"""Las lesbianas piensan que toda mujer que no es como ellas está reprimida.""",2
"""Las lesbianas quieren eliminar a los hombres.""",1
"""Las lesbianas quieren igualdad pero no respetan las opiniones distintas.""",2
"""Las lesbianas quieren tener hijos, pero no quieren a los hombres.""",2
"""Las lesbianas quieren visibilidad pero no aceptan críticas.""",2
"""Las lesbianas rechazan todo lo masculino como si fuera negativo.""",2
"""Las lesbianas ridiculizan a cualquier mujer que quiera casarse con un hombre.""",2
"""Las lesbianas se comportan como hombres frustrados.""",2
"""Las lesbianas se comportan como hombres malhumorados.""",2
"""Las lesbianas se comportan como si fueran superiores a las demás mujeres.""",2
"""Las lesbianas se comportan como si odiaran a todos los hombres.""",2
"""Las lesbianas se creen superiores por ser diferentes.""",2
"""Las lesbianas se creen superiores, una paliza las pone en su sitio.""",1
"""Las lesbianas se quejan de los hombres pero se visten como ellos.""",2
"""Las lesbianas siempre están a la defensiva, parece que odian todo.""",2
"""Las lesbianas siempre están de mal humor.""",2
"""Las lesbianas siempre están peleando por cosas sin sentido.""",2
"""Las lesbianas siempre van con cara de malas pulgas.""",2
"""Las lesbianas solo buscan provocar reacciones.""",2
"""Las lesbianas solo buscan tener más derechos que los demás.""",2
"""Las lesbianas solo odian a los hombres porque no consiguen uno que las quiera.""",2
"""Las lesbianas son agresivas porque creen que tienen que defenderse todo el tiempo.""",2
"""Las lesbianas son agresivas porque quieren parecer hombres.""",2
"""Las lesbianas son conflictivas por naturaleza.""",2
"""Las lesbianas son todas unas resentidas.""",2
"""Las lesbianas son una aberración sexual.""",1
"""Las lesbianas son unas frustradas con los hombres.""",2
"""Las lesbianas son unas frustradas que odian a los hombres.""",1
"""Las lesbianas tienen pinta de amargadas.""",2
"""Las lesbianas tienen una actitud agresiva con todos.""",2
"""Las lesbianas viven buscando cómo sentirse discriminadas.""",2
"""Las mariconas están acabando con la educación de los niños.""",1
"""Las mujeres cambian de opinión cada cinco minutos.""",2
"""Las mujeres con carácter siempre son etiquetadas como locas.""",2
"""Las mujeres con poder se vuelven insoportables.""",2
"""Las mujeres con poder son mandonas e insoportables.""",2
"""Las mujeres con tatuajes dan mala imagen.""",2
"""Las mujeres con voz fuerte son siempre mandonas.""",2
"""Las mujeres cuando discuten, se vuelven irracionales.""",2
"""Las mujeres cuando mandan, se les sube a la cabeza.""",2
"""Las mujeres cuando tienen poder, se vuelven tiranas.""",2
"""Las mujeres deberían aprender a quedarse calladas a veces.""",2
"""Las mujeres deberían quedarse calladas en vez de opinar.""",1
"""Las mujeres deberían quedarse en casa limpiando.""",1
"""Las mujeres en cargos altos siempre terminan llorando.""",2
"""Las mujeres en cargos altos son más autoritarias que los hombres.""",2
"""Las mujeres exageran cualquier desacuerdo y lo convierten en acoso.""",2
"""Las mujeres exageran los problemas para llamar la atención.""",2
"""Las mujeres exageran mucho con todo lo que les pasa.""",2
"""Las mujeres exageran todo para sacar ventaja.""",1
"""Las mujeres hablan de igualdad pero siempre quieren ayuda con todo.""",2
"""Las mujeres hablan demasiado, por eso no llegan a puestos altos.""",2
"""Las mujeres hablan tanto que nunca llegan al punto.""",2
"""Las mujeres jóvenes no saben lo que quieren.""",2
"""Las mujeres manipulan con lágrimas y luego dicen ser fuertes.""",2
"""Las mujeres mayores ya no sirven para nada.""",2
"""Las mujeres modernas solo entienden a gritos y bofetadas.""",1
"""Las mujeres necesitan disciplina, y eso se da con la mano cerrada.""",1
"""Las mujeres necesitan recordar su lugar con puños, no palabras.""",1
"""Las mujeres necesitan una hostia para aprender su lugar.""",1
"""Las mujeres no aguantan la presión laboral.""",1
"""Las mujeres no aguantan presión, por eso no sirven en cargos altos.""",2
"""Las mujeres no deberían estar en el ejército.""",2
"""Las mujeres no deberían hacer trabajos que requieren fuerza física.""",2
"""Las mujeres no deberían liderar empresas.""",1
"""Las mujeres no deberían opinar de política, no entienden nada.""",1
"""Las mujeres no deberían tener cargos altos, son emocionales.""",2
"""Las mujeres no deberían usar escotes si no quieren miradas.""",2
"""Las mujeres no entienden de negocios, solo gastan.""",2
"""Las mujeres no entienden hasta que reciben una buena hostia.""",1
"""Las mujeres no saben resolver conflictos sin emocionalidad.""",2
"""Las mujeres no saben tomar decisiones bajo presión.""",2
"""Las mujeres no saben trabajar bajo presión.""",2
"""Las mujeres no sirven para cargos de mando, se dejan llevar por emociones.""",2
"""Las mujeres no sirven para trabajos técnicos.""",1
"""Las mujeres no son objetivas al tomar decisiones difíciles.""",2
"""Las mujeres no soportan la crítica, aunque sea constructiva.""",2
"""Las mujeres no tienen cabeza fría para mandar.""",2
"""Las mujeres no tienen la fortaleza emocional para ser líderes.""",2
"""Las mujeres nunca aceptan sus errores, siempre culpan a otros.""",2
"""Las mujeres nunca están conformes con nada.""",2
"""Las mujeres provocan y luego se hacen las víctimas.""",1
"""Las mujeres que hablan fuerte merecen cachetadas.""",1
"""Las mujeres que opinan fuerte deberían recibir bofetadas hasta callarse.""",1
"""Las mujeres que protestan por todo deberían recibir castigos físicos.""",1
"""Las mujeres que se rebelan merecen ser corregidas a golpes.""",1
"""Las mujeres que se visten así se merecen lo que les pase.""",1
"""Las mujeres quieren igualdad hasta que les revientas la cara.""",1
"""Las mujeres se aprovechan del feminismo para no hacer nada.""",2
"""Las mujeres se creen víctimas en todo momento.""",2
"""Las mujeres se hacen las víctimas para manipular.""",2
"""Las mujeres se meten en política solo por cuotas, no por mérito.""",2
"""Las mujeres se quejan de desigualdad, pero aprovechan privilegios legales.""",2
"""Las mujeres se quejan de todo y luego quieren igualdad.""",2
"""Las mujeres se quejan del machismo pero luego quieren puertas abiertas y flores.""",2
"""Las mujeres siempre buscan cómo aprovecharse del sistema.""",2
"""Las mujeres siempre dramatizan cualquier discusión.""",2
"""Las mujeres siempre dramatizan en el trabajo.""",2
"""Las mujeres siempre encuentran algo de qué quejarse.""",2
"""Las mujeres siempre están buscando ser víctimas.""",1
"""Las mujeres solo lloran y se victimizan.""",2
"""Las mujeres solo piensan en casarse o tener hijos.""",2
"""Las mujeres solo piensan en maquillaje y ropa.""",2
"""Las mujeres solo quieren vivir del dinero de los hombres.""",2
"""Las mujeres solo sirven para quedarse en casa y criar hijos.""",1
"""Las mujeres son buenas para cuidar, no para liderar.""",2
"""Las mujeres son buenas para tareas secundarias, no para dirigir.""",2
"""Las mujeres son demasiado emocionales en contextos laborales.""",2
"""Las mujeres son impulsivas, por eso no pueden gobernar bien.""",2
"""Las mujeres son unas manipuladoras, todas mienten.""",1
"""Las mujeres tienen miedo al liderazgo, por eso fallan cuando lo alcanzan.""",2
"""Las mujeres usan el feminismo como excusa para no cumplir sus deberes.""",2
"""Las mujeres usan el feminismo para no asumir responsabilidades.""",2
"""Las mujeres usan sus lágrimas como forma de manipulación.""",2
"""Las musulmanas con velo me incomodan, parece que ocultan algo.""",2
"""Las musulmanas deberían adaptarse a nuestra ropa occidental.""",2
"""Las musulmanas deberían quitarse el velo en sitios públicos.""",2
"""Las musulmanas deberían ser arrestadas solo por cómo se visten.""",1
"""Las musulmanas están como oprimidas, dan lástima.""",2
"""Las musulmanas me hacen sentir incómodo con su forma de vestir.""",2
"""Las musulmanas no deberían trabajar de cara al público si están cubiertas.""",2
"""Las musulmanas no deberían trabajar de cara al público.""",2
"""Las musulmanas no deberían usar el velo en la universidad.""",2
"""Las musulmanas parecen salidas de otro siglo.""",2
"""Las musulmanas parecen siempre sometidas, eso me da pena.""",2
"""Las musulmanas parecen sumisas por elección, pero eso no es libertad.""",2
"""Las musulmanas provocan incomodidad con su vestimenta religiosa.""",2
"""Las musulmanas son oprimidas, no deberían promover eso aquí.""",2
"""Las musulmanas son sumisas porque su religión las obliga.""",2
"""Las musulmanas tapan su cuerpo, pero quieren derechos feministas.""",2
"""Las personas con autismo no deberían ir a escuelas normales.""",1
"""Las personas con autismo son un error de la evolución.""",1
"""Las personas con discapacidad deberían tener asistencia todo el tiempo.""",2
"""Las personas con discapacidad están para encerrarlas, no para integrarlas.""",1
"""Las personas con discapacidad no deberían trabajar en público.""",1
"""Las personas con discapacidad que se quejan deberían ser silenciadas a golpes.""",1
"""Las personas con discapacidad requieren demasiados recursos.""",2
"""Las personas con discapacidad son inútiles.""",1
"""Las personas con discapacidad son una carga estatal.""",1
"""Las personas con discapacidad son una carga para la sociedad.""",1
"""Las personas con síndrome de Down son una carga para todos.""",1
"""Las tortilleras ahora quieren casarse, qué locura.""",1
"""Las tortilleras deberían quedarse encerradas con sus gatos.""",1
"""Las tortilleras deberían ser expulsadas de los colegios.""",1
"""Las tortilleras deberían vivir en islas lejos de la gente normal.""",1
"""Las tortilleras no deberían salir del armario, dan asco.""",1
"""Las trans cambian de género como si fuera moda.""",2
"""Las trans deberían identificarse como tales para evitar confusión.""",2
"""Las trans están confundidas y eso no se puede normalizar.""",2
"""Las trans están confundidas, eso no es normal.""",2
"""Las trans están confundidas, no saben lo que son.""",2
"""Las trans exageran con su drama personal.""",2
"""Las trans exigen cosas que el resto jamás pediría.""",2
"""Las trans me dan miedo, no sé si son hombres o mujeres.""",2
"""Las trans me desconciertan, nunca sé cómo dirigirme.""",2
"""Las trans no deberían compartir vestuario con mujeres.""",2
"""Las trans no deberían competir en deportes femeninos.""",2
"""Las trans no deberían entrar a baños de mujeres.""",2
"""Las trans no pueden competir de igual a igual con mujeres biológicas.""",2
"""Las trans parecen caricaturas de lo que debería ser una mujer.""",2
"""Las trans quieren que les llamen como ellas quieran, aunque no tenga sentido.""",2
"""Las trans se ofenden por cualquier cosa y quieren cambiar el mundo entero por ellas.""",2
"""Las trans siempre quieren llamar la atención con su aspecto.""",2
"""Las trans solo quieren atención y compasión.""",2
"""Las trans solo quieren llamar la atención en redes sociales.""",2
"""Las zorras de las lesbianas solo buscan provocar.""",1
"""Las zorras modernas se creen con derecho a todo.""",1
"""Lavé a mano unas prendas delicadas con jabón neutro.""",0
"""Lavé el auto y quedó brillante.""",0
"""Lavé todas las sábanas y las colgué al aire libre para que se sequen.""",0
"""Le armé un desayuno sorpresa a mi hermana con lo que había en casa.""",0
"""Le ayudé a mi abuela a buscar un álbum de fotos familiar.""",0
"""Le ayudé a mi abuelo a cambiar el foco de la lámpara del pasillo.""",0
"""Le ayudé a mi amiga a armar su nueva estantería de libros.""",0
"""Le ayudé a mi hermana a elegir una lámpara para su cuarto.""",0
"""Le ayudé a mi madre a clasificar documentos importantes.""",0
"""Le ayudé a mi padre a colgar un cuadro en la pared.""",0
"""Le ayudé a mi padre a limpiar el jardín de hojas secas.""",0
"""Le ayudé a mi prima con sus deberes de matemáticas.""",0
"""Le ayudé a mi tía a configurar su correo electrónico.""",0
"""Le ayudé a mi tía a ordenar sus hilos y lanas.""",0
"""Le ayudé a un amigo a configurar su nueva impresora.""",0
"""Le daría de hostias a todos esos feministas de pacotilla.""",1
"""Le daría de hostias a todos los ancianos que solo estorban.""",1
"""Le daría de hostias a todos los discapacitados que piden beneficios.""",1
"""Le daría de hostias a todos los judíos que manejan el dinero del mundo.""",1
"""Le daría de hostias a todos los maricones que se besan en público.""",1
"""Le daría de hostias a todos los musulmanes que rezan en la calle.""",1
"""Le daría de hostias a todos los negros que juegan a ser víctimas.""",1
"""Le di agua a los pájaros en el bebedero del jardín.""",0
"""Le di de comer a los pájaros en una plaza cercana.""",0
"""Le di de comer a los patos del estanque en el parque.""",0
"""Le di forma a una figura de papel con técnica de origami.""",0
"""Le di forma a una maceta con arcilla y quedó muy bonita.""",0
"""Le enseñé a mi prima cómo doblar papel para hacer un sobre.""",0
"""Le enseñé a mi primo a hacer aviones de papel.""",0
"""Le enseñé a mi primo pequeño a jugar al dominó.""",0
"""Le enseñé a mi sobrina a dibujar animales con formas básicas.""",0
"""Le enseñé a mi sobrina a hacer grullas de papel.""",0
"""Le enseñé a mi sobrino a hacer un avión de papel que planea bien.""",0
"""Le enseñé a mi sobrino a hacer un dibujo paso a paso.""",0
"""Le enseñé a mi vecina cómo hacer pan sin horno.""",0
"""Le envié a una amiga una receta que me pidió por mensaje.""",0
"""Le escribí un mensaje de cumpleaños a una profesora que estimo mucho.""",0
"""Le escribí un poema corto a mi madre por su cumpleaños.""",0
"""Le hice una torta de cumpleaños a mi sobrino con forma de tren.""",0
"""Le mandé a mi tía una foto de mis plantas nuevas por mensaje.""",0
"""Le mandé a una amiga un mensaje de voz contándole mi día.""",0
"""Le mandé una nota escrita a mano a mi sobrina por su cumpleaños.""",0
"""Le mandé una postal virtual a una amiga que vive lejos.""",0
"""Le mandé una tarjeta de cumpleaños a mi primo por correo postal.""",0
"""Le pedí a mi abuela que me contara una anécdota de su juventud.""",0
"""Le presté a mi hermana unos libros de cuentos para su hijo.""",0
"""Le presté a un amigo una novela que me encantó.""",0
"""Le presté un libro a mi vecina para que lo lea durante el fin de semana.""",0
"""Le puse nombre a mi cactus y le tejí un pequeño abrigo.""",0
"""Le puse nombre a todos mis cactus con etiquetas pequeñas.""",0
"""Le puse nombre a una de mis plantas nuevas y le hice un cartelito.""",0
"""Le regalé a mi amiga una libreta que decoré especialmente para ella.""",0
"""Le regalé a mi tía una planta pequeña para su ventana.""",0
"""Le regalé a mi tía una planta que armé en una maceta reciclada.""",0
"""Le regalé una carta escrita a mano a mi madre.""",0
"""Leí un artículo sobre astronomía que me pareció fascinante.""",0
"""Leí un artículo sobre cómo reducir el consumo de plásticos.""",0
"""Leí un capítulo de un libro nuevo antes de dormir.""",0
"""Leí un cuento corto y escribí una reflexión sobre su mensaje final.""",0
"""Leí un libro de cuentos que me recordó mi infancia.""",0
"""Leí un poema de autor anónimo que me llegó profundamente.""",0
"""Leí un poema y lo copié en mi diario de frases bonitas.""",0
"""Leí una fábula corta y escribí lo que aprendí de ella.""",0
"""Leí una fábula corta y reflexioné sobre su moraleja.""",0
"""Leí una historia corta antes de dormir que me dejó reflexionando.""",0
"""Leí una historia corta antes de dormir.""",0
"""Leí una nota sobre arquitectura sustentable en una revista digital.""",0
"""Leí una novela gráfica mientras tomaba café en la plaza.""",0
"""Leí una revista de jardinería que encontré entre libros antiguos.""",0
"""Leí una revista sobre ciencia que tenía en casa desde hacía años.""",0
"""Limpié con vinagre blanco los azulejos del baño y quedaron brillantes.""",0
"""Limpié el armario y doné ropa que ya no usaba.""",0
"""Limpié el espejo del baño con un paño de microfibra.""",0
"""Limpié el espejo del baño con vinagre blanco y quedó brillante.""",0
"""Limpié el espejo del baño y quedó reluciente.""",0
"""Limpié el filtro del aire acondicionado siguiendo las instrucciones.""",0
"""Limpié el filtro del purificador de aire y lo volví a instalar.""",0
"""Limpié el filtro del ventilador y ahora funciona mejor.""",0
"""Limpié el horno y aproveché para ordenar los moldes de cocina.""",0
"""Limpié el interior del microondas con limón y agua caliente.""",0
"""Limpié el patio y saqué las hojas secas de las plantas.""",0
"""Limpié el polvo de los estantes de la biblioteca con cuidado.""",0
"""Limpié el teclado del ordenador con un cepillo suave.""",0
"""Limpié el teclado del ordenador con un pincel suave y alcohol isopropílico.""",0
"""Limpié el teclado y la pantalla del portátil con cuidado.""",0
"""Limpié el ventilador antes de que empiece el calor fuerte.""",0
"""Limpié la cafetera con vinagre blanco y quedó como nueva.""",0
"""Limpié la lámpara de techo del comedor con cuidado.""",0
"""Limpié la parte de atrás del refrigerador y lo dejé reluciente.""",0
"""Limpié la pecera y los peces parecen más activos.""",0
"""Limpie las baldosas del patio con cepillo y jabón.""",0
"""Limpié las esquinas del armario con un cepillo de dientes viejo.""",0
"""Limpie las hojas de las plantas con un paño húmedo.""",0
"""Limpié las manijas de las puertas con una mezcla de agua y alcohol.""",0
"""Limpié las manillas de todas las puertas con alcohol en gel.""",0
"""Limpié las teclas del teclado con un cepillo de dientes viejo.""",0
"""Limpié las ventanas del coche y ahora se ve todo mucho mejor.""",0
"""Limpié las ventanas del salón para que entre más luz.""",0
"""Limpié los estantes del refrigerador con agua y vinagre.""",0
"""Limpié los filtros de la cafetera y preparé un café suave.""",0
"""Limpié los interruptores y enchufes con un paño húmedo.""",0
"""Limpié los marcos de los cuadros del salón.""",0
"""Limpie los vidrios del coche con vinagre y quedaron impecables.""",0
"""Limpié mi escritorio a fondo y puse un mantel nuevo sobre él.""",0
"""Limpié mi escritorio y me sentí más motivado para estudiar.""",0
"""Llamé a mi abuela para preguntarle una receta antigua.""",0
"""Llené una botella con arena de colores para decorar.""",0
"""Llené una botella con flores secas para usar como decoración.""",0
"""Llevé a mi perro a pasear por el sendero del río.""",0
"""Llevé a mi perro al veterinario y todo salió bien.""",0
"""Llevé libros a la biblioteca comunitaria para donar.""",0
"""Llevé una manta al parque y me senté a leer bajo un árbol.""",0
"""Los africanos traen enfermedades raras.""",2
"""Los árboles del parque están llenos de flores hermosas.""",0
"""Los asiáticos nunca participan en nada, son raros.""",2
"""Los asiáticos son muy cerrados, no se mezclan con nadie.""",2
"""Los autistas deberían quedarse en centros donde estén mejor atendidos.""",2
"""Los autistas deberían tener aulas especiales desde pequeños.""",2
"""Los autistas deberían tener circuitos educativos alternativos, no los comunes.""",2
"""Los autistas están bien si se quedan tranquilos, pero no en grupo.""",2
"""Los autistas necesitan ayuda para todo, no pueden ser independientes.""",2
"""Los autistas necesitan otro tipo de educación, no la común.""",2
"""Los autistas no comprenden reglas sociales mínimas.""",2
"""Los autistas no deberían estar en clases normales.""",2
"""Los autistas no deberían estar en eventos sociales, no saben comportarse.""",2
"""Los autistas no deberían estar en trabajos con atención al cliente.""",2
"""Los autistas no deberían participar en grupos abiertos.""",2
"""Los autistas no deberían tener responsabilidades importantes.""",2
"""Los autistas no encajan, y eso incomoda al resto.""",2
"""Los autistas no entienden bromas, eso los hace aburridos.""",2
"""Los autistas no entienden el sarcasmo, es agotador.""",2
"""Los autistas no entienden el sentido común, por eso cuesta tratar con ellos.""",2
"""Los autistas no entienden las normas básicas de convivencia.""",2
"""Los autistas no entienden lo que es el respeto por los demás.""",2
"""Los autistas no pueden entender emociones complejas.""",2
"""Los autistas no pueden integrarse en un entorno competitivo.""",2
"""Los autistas no pueden tener una vida normal sin asistencia constante.""",2
"""Los autistas no pueden trabajar con personas normales.""",2
"""Los autistas no se adaptan, por más que uno intente.""",2
"""Los autistas no sirven para trabajos que requieran empatía.""",2
"""Los autistas no son funcionales para ambientes laborales dinámicos.""",2
"""Los autistas no tienen capacidad de liderazgo.""",2
"""Los autistas no tienen empatía, eso es peligroso.""",2
"""Los autistas no tienen empatía, por eso no me gusta tratar con ellos.""",2
"""Los autistas no tienen iniciativa, necesitan ser guiados siempre.""",2
"""Los autistas no tienen sentido del humor, es como hablar con una pared.""",2
"""Los autistas no tienen vida social, es raro.""",2
"""Los autistas parecen desconectados de la realidad.""",2
"""Los autistas siempre están en su mundo, no se puede contar con ellos.""",2
"""Los autistas siempre están en su mundo, no sirven para trabajos en equipo.""",2
"""Los autistas solo generan gastos al sistema.""",2
"""Los autistas son fríos, distantes y difíciles de incluir.""",2
"""Los autistas son fríos, no tienen sentimientos reales.""",2
"""Los autistas son imposibles de tratar.""",2
"""Los autistas son muy fríos, parece que no sienten nada.""",2
"""Los autistas son una carga para el sistema educativo.""",2
"""Los chinos comen cosas raras, están enfermos.""",1
"""Los chinos deberían volver en barco como llegaron.""",1
"""Los chinos ni hablan bien ni respetan nada.""",1
"""Los chinos no son humanos, son máquinas sin alma.""",1
"""Los chinos solo saben copiar cosas.""",2
"""Los chinos son todos unos espías encubiertos.""",1
"""Los chinos trabajan mucho, pero son muy fríos.""",2
"""Los discapacitados deberían estar en centros especiales.""",2
"""Los discapacitados deberían estar en instituciones, no en la calle.""",1
"""Los discapacitados deberían tener escuelas aparte.""",2
"""Los discapacitados deberían tener sus propias actividades aparte.""",2
"""Los discapacitados en manifestaciones deberían ser arrastrados con cuerdas.""",1
"""Los discapacitados no deberían ocupar plazas en transporte público si hay más gente sana de pie.""",2
"""Los discapacitados no deberían salir sin supervisión.""",1
"""Los discapacitados no deberían salir sin un cuidador.""",1
"""Los discapacitados no deberían tener hijos.""",2
"""Los discapacitados ocupan espacio que podrían usar personas normales.""",1
"""Los discapacitados que piden derechos solo merecen desprecio y gritos.""",1
"""Los discapacitados ralentizan todo en clase.""",2
"""Los domingos me gusta ver películas clásicas con mi familia.""",0
"""Los extranjeros deberían estar agradecidos de estar aquí.""",2
"""Los feministas hombres merecen ser golpeados por traidores.""",1
"""Los gays actúan como si fueran una especie de élite moderna.""",2
"""Los gays buscan siempre figurar, no pueden ser discretos.""",2
"""Los gays confunden visibilidad con vulgaridad.""",2
"""Los gays convierten cada evento en una causa política.""",2
"""Los gays convierten cualquier espacio en una protesta.""",2
"""Los gays creen que cualquier crítica es homofobia.""",2
"""Los gays deberían comportarse de forma más discreta.""",2
"""Los gays deberían dejar de imponer su presencia en todo.""",2
"""Los gays deberían ser más discretos.""",2
"""Los gays deberían tener espacios aparte, así todos estamos cómodos.""",2
"""Los gays deberían tener más respeto por la familia tradicional.""",2
"""Los gays deberían tener sus propias escuelas.""",2
"""Los gays deberían tener sus propios espacios y dejar los del resto tranquilos.""",2
"""Los gays deberían tener un límite con la visibilidad pública.""",2
"""Los gays están en todas partes, ya no se puede decir nada sin que se ofendan.""",2
"""Los gays están en una cruzada para cambiar el lenguaje de todos.""",2
"""Los gays están influyendo negativamente en la educación de los niños.""",2
"""Los gays están metidos hasta en las propagandas que no les conciernen.""",2
"""Los gays están presentes en todos lados, ya cansa.""",2
"""Los gays están presentes hasta en espacios donde no tienen nada que ver.""",2
"""Los gays están sobre representados en la televisión.""",2
"""Los gays exageran cualquier muestra de afecto, parece que provocaran.""",2
"""Los gays exageran el orgullo, ya lo entendimos.""",2
"""Los gays exageran todo, quieren llamar la atención siempre.""",2
"""Los gays hacen demasiado escándalo por sus derechos.""",2
"""Los gays imponen su estilo de vida como si fuera superior.""",2
"""Los gays no aceptan una sociedad neutral, quieren protagonismo constante.""",2
"""Los gays no deberían estar en posiciones de liderazgo.""",2
"""Los gays no deberían poder caminar por la calle sin ser escupidos.""",1
"""Los gays no deberían ser profesores, confunden a los niños.""",2
"""Los gays no deberían trabajar con niños.""",2
"""Los gays no entienden que no todos quieren ver su estilo de vida.""",2
"""Los gays no saben convivir sin sentirse perseguidos.""",2
"""Los gays no tienen límites cuando se sienten con poder.""",2
"""Los gays piensan que todo el mundo debe aceptar su estilo de vida.""",2
"""Los gays pueden hacer lo que quieran, pero no deberían adoptar.""",2
"""Los gays quieren derechos, pero no responsabilidades.""",2
"""Los gays se comportan como si todos quisieran ser como ellos.""",2
"""Los gays se creen graciosos por ser afeminados.""",2
"""Los gays se creen más cultos por ser distintos.""",2
"""Los gays se creen mejores por ser distintos.""",2
"""Los gays se han vuelto intocables, nadie puede opinar diferente.""",2
"""Los gays se ofenden si no usas los términos que ellos inventan.""",2
"""Los gays se victimizan para conseguir todo lo que quieren.""",2
"""Los gays se victimizan para lograr todo.""",2
"""Los gays se victimizan por cualquier cosa.""",2
"""Los gays siempre quieren llamar la atención.""",2
"""Los gays solo piensan en sexo.""",1
"""Los gays son sensibles hasta el extremo.""",2
"""Los gays tienen derecho a existir, pero que no den la nota.""",2
"""Los gays tienen su lugar, pero que no ocupen todos los espacios.""",2
"""Los gays tienen un lobby demasiado fuerte.""",2
"""Los gays tienen una agenda que quieren imponer a la fuerza.""",2
"""Los gays viven en una burbuja de fantasía.""",2
"""Los gitanos convierten cualquier zona en un basural.""",2
"""Los gitanos deben ser eliminados de la sociedad por la fuerza.""",1
"""Los gitanos deberían vivir en comunidades aparte.""",2
"""Los gitanos deberían vivir en lugares aparte, para evitar conflictos.""",2
"""Los gitanos destruyen cualquier lugar al que se mudan.""",2
"""Los gitanos enseñan a sus hijos a ser como ellos, por eso nunca mejoran.""",2
"""Los gitanos hacen ruido y ensucian donde viven.""",2
"""Los gitanos me dan asco, odio cuando los veo cerca.""",1
"""Los gitanos me dan asco, odio cuando los veo cerca.""",1
"""Los gitanos necesitan una buena dosis de miedo físico para comportarse.""",1
"""Los gitanos no aceptan las reglas de convivencia.""",2
"""Los gitanos no aportan nada bueno, solo problemas.""",2
"""Los gitanos no deberían tener prioridad en vivienda social.""",2
"""Los gitanos no entienden de respeto ni de propiedad.""",2
"""Los gitanos no entienden el esfuerzo ni la disciplina.""",2
"""Los gitanos no entienden la propiedad privada como nosotros.""",2
"""Los gitanos no entienden lo que es vivir en comunidad.""",2
"""Los gitanos no pueden vivir sin hacer trampas.""",2
"""Los gitanos no respetan contratos ni acuerdos, solo improvisan.""",2
"""Los gitanos no respetan la autoridad, es parte de su cultura.""",2
"""Los gitanos no respetan normas ni autoridades.""",2
"""Los gitanos no saben convivir en sociedad civilizada.""",2
"""Los gitanos no saben vivir en sociedad.""",2
"""Los gitanos no se bañan seguido, por eso siempre huelen mal.""",2
"""Los gitanos no tienen cultura de esfuerzo.""",2
"""Los gitanos no trabajan, solo saben robar.""",1
"""Los gitanos quieren trato preferencial sin respetar normas.""",2
"""Los gitanos siempre están metidos en problemas.""",2
"""Los gitanos siempre se las arreglan para aprovecharse del sistema.""",2
"""Los gitanos siempre se victimizan cuando alguien los señala.""",2
"""Los gitanos siempre tienen excusas para todo.""",2
"""Los gitanos siempre viven del cuento.""",1
"""Los gitanos solo saben pedir y delinquir, fuera de aquí todos.""",1
"""Los gitanos solo saben vivir del cuento.""",2
"""Los gitanos son así, no van a cambiar nunca.""",2
"""Los gitanos son expertos en aprovecharse del sistema.""",2
"""Los gitanos son expertos en evadir impuestos y leyes.""",2
"""Los gitanos son incapaces de vivir en sociedad.""",1
"""Los gitanos tienen códigos propios, no respetan los de los demás.""",2
"""Los gitanos tienen fama de conflictivos, por algo será.""",2
"""Los gitanos tienen otra forma de vivir, no se puede confiar en ellos.""",2
"""Los gitanos tienen otra moral, por eso roban sin culpa.""",2
"""Los gitanos tienen otro concepto de propiedad.""",2
"""Los gitanos tienen su cultura, pero no pueden imponerla en una sociedad civilizada.""",2
"""Los gitanos tienen su cultura, pero que no molesten al resto.""",2
"""Los gitanos tienen una cultura incompatible con la legalidad.""",2
"""Los gitanos viven como si la ley no fuera con ellos.""",2
"""Los gitanos viven como si las leyes no fueran con ellos.""",2
"""Los gitanos viven como si las reglas no se aplicaran a ellos.""",2
"""Los gitanos viven del cuento, no les gusta trabajar.""",2
"""Los gitanos viven del subsidio, no del trabajo.""",2
"""Los gitanos viven en barrios que ellos mismos destruyen.""",2
"""Los gitanos viven mejor que nosotros sin trabajar.""",1
"""Los homosexuales deberían ser reeducados.""",1
"""Los homosexuales están mejor bajo tierra que en escuelas.""",1
"""Los homosexuales imponen su agenda hasta en los dibujos animados.""",2
"""Los homosexuales no deberían estar en escuelas.""",1
"""Los homosexuales no deberían tener derechos como los demás.""",1
"""Los homosexuales solo sirven para corromper a los niños.""",1
"""Los homosexuales son basura degenerada, les prendería fuego.""",1
"""Los homosexuales son una amenaza para los niños.""",1
"""Los inmigrantes deberían empezar por respetar la cultura local.""",2
"""Los inmigrantes deberían estar agradecidos, no exigir derechos.""",2
"""Los inmigrantes deberían integrarse, no seguir con sus costumbres raras.""",2
"""Los inmigrantes deberían pasar exámenes para demostrar que valen.""",2
"""Los inmigrantes están arruinando la cultura de aquí.""",2
"""Los inmigrantes huelen mal y no se bañan.""",1
"""Los inmigrantes ilegales deberían ser cazados a tiros.""",1
"""Los inmigrantes no deberían tener derecho a educación.""",1
"""Los inmigrantes no entienden nuestras normas.""",2
"""Los inmigrantes no entienden que deben cambiar para encajar aquí.""",2
"""Los inmigrantes no entienden que esta no es su cultura.""",2
"""Los inmigrantes no respetan nuestras fiestas ni costumbres.""",2
"""Los inmigrantes nos están invadiendo.""",1
"""Los inmigrantes quieren imponer sus creencias sobre las nuestras.""",2
"""Los inmigrantes quieren tener los mismos derechos sin aportar lo mismo.""",2
"""Los inmigrantes se creen con más derechos que los nacionales.""",2
"""Los inmigrantes solo vienen a robar y vivir de nuestras ayudas.""",1
"""Los inmigrantes solo vienen a usar nuestros servicios públicos.""",2
"""Los inmigrantes son bienvenidos, pero que se adapten sin pedir tanto.""",2
"""Los inmigrantes son como termitas: destruyen desde dentro.""",1
"""Los inmigrantes son la plaga de este siglo.""",1
"""Los inmigrantes son los primeros en pedir ayudas.""",2
"""Los inmigrantes tienen demasiadas ayudas en comparación con nosotros.""",2
"""Los inmigrantes tienen demasiados derechos y pocas obligaciones.""",2
"""Los inmigrantes tienen hijos solo para cobrar ayudas.""",2
"""Los inmigrantes tienen muchos derechos y pocas obligaciones.""",2
"""Los inmigrantes vienen a colapsar la sanidad pública.""",2
"""Los inmigrantes vienen a quitarle el trabajo a los locales.""",2
"""Los inmigrantes vienen con otra educación, no saben comportarse aquí.""",2
"""Los inmigrantes vienen y ocupan todos los puestos de trabajo.""",2
"""Los inmigrantes viven con mentalidad de país subdesarrollado.""",2
"""Los judíos controlan la banca desde hace siglos.""",2
"""Los judíos controlan todo, por eso el mundo está como está.""",1
"""Los judíos deberían estar marcados y controlados, como en los viejos tiempos.""",1
"""Los judíos deberían vivir en guetos como antes.""",1
"""Los judíos deberían volver a ser marcados como ganado.""",1
"""Los judíos hacen negocios solo con los suyos.""",2
"""Los judíos influyen más de lo que muestran en política internacional.""",2
"""Los judíos manejan todo desde la sombra.""",2
"""Los judíos no aceptan críticas, todo lo convierten en antisemitismo.""",2
"""Los judíos quieren beneficios exclusivos por su historia.""",2
"""Los judíos se protegen entre ellos aunque hagan las cosas mal.""",2
"""Los judíos siempre acaban siendo los que controlan las empresas grandes.""",2
"""Los judíos siempre encuentran forma de estar en puestos clave.""",2
"""Los judíos siempre están detrás de los grandes negocios.""",2
"""Los judíos siempre están en el poder, aunque lo nieguen.""",2
"""Los judíos siempre manejan el dinero de todos.""",2
"""Los judíos siempre manipulan desde las sombras.""",1
"""Los judíos siempre se meten en política.""",2
"""Los judíos siempre terminan beneficiándose de las crisis.""",2
"""Los judíos siempre terminan controlando los medios.""",2
"""Los judíos solo cuidan los intereses de los suyos.""",2
"""Los judíos solo entienden el lenguaje del miedo y la fuerza.""",1
"""Los judíos solo quieren robar y manipular a los demás.""",1
"""Los judíos son especialistas en moverse en las sombras del poder.""",2
"""Los judíos son fríos y calculadores.""",2
"""Los judíos son parásitos del sistema financiero.""",1
"""Los judíos son un cáncer social, hay que extirparlo como sea.""",1
"""Los judíos tienen demasiado poder para ser tan pocos.""",2
"""Los judíos tienen demasiado poder, se les debe controlar con mano dura.""",1
"""Los judíos tienen más poder del que reconocen.""",2
"""Los judíos tienen privilegios que no reconocen.""",2
"""Los judíos tienen una forma muy cerrada de ver la economía.""",2
"""Los latinoamericanos solo traen droga y violencia.""",1
"""Los latinos actúan como si este país les debiera algo.""",2
"""Los latinos arruinan cualquier lugar donde se asientan.""",1
"""Los latinos deberían ser echados a patadas y sin explicaciones.""",1
"""Los latinos destruyen la tranquilidad de cualquier barrio.""",2
"""Los latinos gritan mucho, no saben hablar en voz baja.""",2
"""Los latinos llenan de ruido todo lugar al que van.""",2
"""Los latinos no entienden el valor del silencio y el orden.""",2
"""Los latinos no entienden lo que es puntualidad.""",2
"""Los latinos no respetan el silencio en los edificios.""",2
"""Los latinos no respetan las normas del tráfico ni de convivencia.""",2
"""Los latinos no saben comportarse en público.""",2
"""Los latinos no saben lo que es la privacidad, todo lo hacen en voz alta.""",2
"""Los latinos no se adaptan, hacen todo a su manera.""",2
"""Los latinos nunca cumplen con los horarios, siempre llegan tarde.""",2
"""Los latinos parecen simpáticos pero no se puede confiar del todo.""",2
"""Los latinos parecen simpáticos pero no se puede confiar en ellos para cosas serias.""",2
"""Los latinos quieren imponer su cultura como si fuera superior.""",2
"""Los latinos quieren todo rápido, pero sin esfuerzo.""",2
"""Los latinos quieren traer su sistema de valores, aunque no funcione aquí.""",2
"""Los latinos se creen los dueños de la música y el ruido.""",2
"""Los latinos se multiplican como ratas.""",1
"""Los latinos siempre están buscando cómo saltarse las reglas.""",2
"""Los latinos siempre están de fiesta y no se toman nada en serio.""",2
"""Los latinos siempre están metidos en líos, no sé por qué.""",2
"""Los latinos solo piensan en música, fiesta y comida.""",2
"""Los latinos solo quieren hablar de su país como si este no importara.""",2
"""Los latinos son alegres, pero siempre llegan tarde y no cumplen.""",2
"""Los latinos son amables, pero poco fiables en lo profesional.""",2
"""Los latinos son buena gente, pero no entienden las normas de convivencia.""",2
"""Los latinos son desorganizados hasta en lo más básico.""",2
"""Los latinos son muy sucios en casa.""",2
"""Los latinos son ruidosos por naturaleza.""",2
"""Los latinos son simpáticos, pero poco fiables.""",2
"""Los latinos son todos escandalosos y desordenados.""",2
"""Los latinos son todos pandilleros o narcos.""",1
"""Los latinos son todos unos fiesteros irresponsables.""",2
"""Los latinos te sonríen, pero por detrás son otra cosa.""",2
"""Los latinos tienen ese estilo ruidoso y desordenado.""",2
"""Los latinos tienen fama de flojos, y no es casualidad.""",2
"""Los latinos tienen otra cultura, no es compatible con la nuestra.""",2
"""Los latinos tienen problemas con la autoridad, no respetan normas.""",2
"""Los latinos tienen un desorden natural, no saben convivir.""",2
"""Los latinos tienen una forma de hablar que suena agresiva.""",2
"""Los latinos traen costumbres que afectan la convivencia diaria.""",2
"""Los latinos traen su música ruidosa y eso molesta.""",2
"""Los latinos vienen con muchos hijos y colapsan los colegios.""",2
"""Los latinos vienen con otra cultura, no se adaptan a la nuestra.""",2
"""Los latinos viven la vida como si fuera una fiesta, sin responsabilidad.""",2
"""Los maricas pueden vivir como quieran, pero no lo muestren en público.""",2
"""Los maricas tienen mucho poder en los medios, por eso imponen su ideología.""",2
"""Los maricones arruinan todo lo que tocan.""",1
"""Los maricones deberían recibir palizas por exhibirse.""",1
"""Los maricones deberían vivir en colonias apartadas.""",1
"""Los maricones en la tele me dan ganas de romper la pantalla.""",1
"""Los maricones me repugnan, deberían esconderse.""",1
"""Los maricones no molestan si se quedan en su ambiente.""",2
"""Los maricones que se quedan quietos no molestan.""",2
"""Los maricones se creen superiores porque los medios los protegen.""",1
"""Los marroncitos deberían vivir en chabolas, no en edificios.""",1
"""Los marroncitos vienen en manada y ensucian todo.""",1
"""Los morenos no encajan con nuestra cultura.""",2
"""Los moros no entienden lo que es civilización.""",1
"""Los moros no se bañan, por eso huelen mal.""",2
"""Los moros siempre están en grupitos, parece que conspiran.""",2
"""Los moros siempre hablan en su idioma y parece que te estuvieran insultando.""",2
"""Los moros siempre miran mal, como si odiaran todo.""",2
"""Los moros solo entienden violencia.""",1
"""Los moros son como cucarachas, hay que pisarlos sin compasión.""",1
"""Los moros son todos fanáticos.""",1
"""Los moros tienen demasiados hijos para aprovechar ayudas.""",2
"""Los moros vienen solo a violar y a robar.""",1
"""Los musulmanes buscan imponer su forma de vivir a los demás.""",2
"""Los musulmanes deberían dejar sus costumbres si viven aquí.""",2
"""Los musulmanes deberían dejar sus creencias en su país.""",2
"""Los musulmanes deberían practicar su religión en privado.""",2
"""Los musulmanes deberían ser deportados en masa.""",1
"""Los musulmanes deberían ser expulsados en furgones blindados a patadas.""",1
"""Los musulmanes no aceptan el humor occidental, todo les ofende.""",2
"""Los musulmanes no aceptan que esta es otra sociedad.""",2
"""Los musulmanes no comprenden la libertad de expresión.""",2
"""Los musulmanes no deberían rezar en espacios públicos.""",2
"""Los musulmanes no deberían tener colegios propios.""",2
"""Los musulmanes no deberían tener sus propios días festivos aquí.""",2
"""Los musulmanes no entienden otra cosa que la violencia, hay que usarla.""",1
"""Los musulmanes no pueden vivir en libertad si no aceptan las reglas básicas.""",2
"""Los musulmanes no quieren integrarse, quieren imponer.""",2
"""Los musulmanes no quieren integrarse, solo reproducirse.""",2
"""Los musulmanes no respetan nada de nuestra cultura.""",1
"""Los musulmanes no respetan nuestras tradiciones.""",2
"""Los musulmanes no se integran porque no quieren.""",1
"""Los musulmanes nos usan para mantener sus costumbres del pasado.""",2
"""Los musulmanes nunca se integran realmente.""",2
"""Los musulmanes que insisten en sus rezos deben ser golpeados hasta que paren.""",1
"""Los musulmanes quieren imponer su ley, hay que detenerlos con palos.""",1
"""Los musulmanes quieren imponer su religión a la fuerza.""",1
"""Los musulmanes quieren que respetemos su religión, pero no respetan la nuestra.""",2
"""Los musulmanes quieren reemplazarnos culturalmente.""",1
"""Los musulmanes quieren transformar el país en función de su religión.""",2
"""Los musulmanes rezan en cualquier parte y exigen que se respete eso.""",2
"""Los musulmanes se aíslan a propósito y luego culpan al sistema.""",2
"""Los musulmanes se creen con derecho a exigir cosas que nosotros no pedimos.""",2
"""Los musulmanes se ofenden por todo, no se puede decir nada.""",2
"""Los musulmanes siempre quieren imponer su religión.""",2
"""Los musulmanes siempre quieren imponer sus normas.""",2
"""Los musulmanes solo entienden si se les grita o golpea.""",1
"""Los musulmanes solo se juntan entre ellos, no se integran.""",2
"""Los musulmanes son demasiado intensos con su religión.""",2
"""Los musulmanes son una amenaza para nuestra cultura.""",1
"""Los musulmanes son unos hijos de puta fanáticos.""",1
"""Los musulmanes son unos hijos de puta fanáticos.""",1
"""Los musulmanes tienen demasiadas concesiones del Estado.""",2
"""Los musulmanes usan su religión como excusa para no integrarse.""",2
"""Los musulmanes usan su religión como excusa para todo.""",2
"""Los musulmanes viven aquí pero no se consideran parte del país.""",2
"""Los musulmanes y sus rezos me ponen nervioso.""",2
"""Los negratas no entienden con palabras, solo con palos.""",1
"""Los negratas se creen víctimas, pero son una plaga.""",1
"""Los negratas solo sirven para cargar cosas.""",1
"""Los negros bailan bien, pero no los veo en un cargo serio.""",2
"""Los negros creen que todos los critican por su raza, aunque no sea así.""",2
"""Los negros deberían volver a su país y dejarnos en paz.""",1
"""Los negros en la policía deberían ser expulsados con violencia.""",1
"""Los negros generan tensión solo con su presencia en ciertos lugares.""",2
"""Los negros hacen ruido solo con estar presentes.""",2
"""Los negros necesitan ser humillados públicamente para aprender.""",1
"""Los negros no encajan en nuestra sociedad blanca.""",1
"""Los negros no encajan en nuestra sociedad europea.""",2
"""Los negros no entienden lo que es convivencia en silencio.""",2
"""Los negros no saben comportarse en ambientes formales.""",2
"""Los negros no saben comportarse en lugares tranquilos.""",2
"""Los negros no saben integrarse sin imponer su cultura.""",2
"""Los negros nunca quieren trabajar, solo protestar.""",2
"""Los negros piensan que cualquier crítica es racismo.""",2
"""Los negros quieren que todo se les perdone por su color.""",2
"""Los negros se alteran con facilidad, son temperamentales por naturaleza.""",2
"""Los negros se quejan de racismo pero también son racistas.""",2
"""Los negros siempre creen que todo es racismo.""",2
"""Los negros siempre están a la defensiva, incluso sin razón.""",2
"""Los negros siempre están bailando, no saben estarse quietos.""",2
"""Los negros siempre están en grupos ruidosos en el transporte público.""",2
"""Los negros siempre hacen ruido en el bus.""",2
"""Los negros siempre hacen todo más complicado en el trabajo.""",2
"""Los negros siempre quieren tener la última palabra.""",2
"""Los negros siempre se meten en peleas.""",2
"""Los negros siempre terminan generando conflictos.""",2
"""Los negros solo quieren beneficios sin esfuerzo.""",2
"""Los negros solo saben quejarse y vivir de ayudas.""",1
"""Los negros son agresivos por naturaleza.""",1
"""Los negros son agresivos, no se puede negar.""",2
"""Los negros son buenos para el deporte, pero nada más.""",2
"""Los negros son los primeros en armar escándalo si los miran mal.""",2
"""Los negros son muy temperamentales, por eso generan conflictos.""",2
"""Los negros son perezosos y conflictivos.""",1
"""Los negros son una amenaza que se soluciona con fuerza bruta.""",1
"""Los negros tienen actitudes muy violentas.""",2
"""Los negros tienen actitudes que dan miedo.""",2
"""Los negros tienen costumbres demasiado distintas a las nuestras.""",2
"""Los negros tienen costumbres que chocan con nuestra cultura.""",2
"""Los negros tienen demasiadas ayudas por el color de su piel.""",2
"""Los negros tienen fama de conflictivos, por algo será.""",2
"""Los negros tienen tendencia a la violencia, lo vemos en las noticias.""",2
"""Los negros tienen un carácter muy fuerte, es difícil convivir con ellos.""",2
"""Los negros tienen una actitud desafiante que incomoda.""",2
"""Los negros traen violencia a donde van.""",1
"""Los negros usan el racismo como justificación para todo.""",2
"""Los negros y sus putas costumbres me dan náuseas, los reventaría.""",1
"""Los paki vienen en grupo a robarte en el metro.""",1
"""Los pobres creen que tienen derecho a todo sin aportar nada.""",2
"""Los pobres están así porque no se esfuerzan lo suficiente.""",2
"""Los pobres están así porque son vagos y no quieren trabajar.""",1
"""Los pobres están cómodos recibiendo ayudas sin dar nada a cambio.""",2
"""Los pobres lo quieren todo gratis.""",2
"""Los pobres lo son porque son vagos y estúpidos.""",1
"""Los pobres lo único que saben hacer es quejarse del sistema.""",2
"""Los pobres no saben ahorrar ni organizarse.""",2
"""Los pobres no valoran lo que tienen porque nunca han tenido nada.""",2
"""Los pobres se acostumbraron a vivir de ayudas.""",2
"""Los pobres se merecen su miseria.""",1
"""Los pobres se quejan pero no quieren trabajar.""",2
"""Los pobres siempre están esperando que les regalen algo.""",2
"""Los pobres siempre están llorando por subsidios.""",1
"""Los pobres solo piensan en recibir, nunca en aportar.""",1
"""Los pobres solo viven de subsidios.""",2
"""Los pobres son pobres porque no se esfuerzan lo suficiente.""",2
"""Los pobres son pobres porque quieren.""",2
"""Los pobres tienen hijos solo para cobrar más ayudas.""",2
"""Los rumanos deberían ser perseguidos y golpeados como ratas.""",1
"""Los rumanos se merecen una buena paliza cada vez que piden algo.""",1
"""Los rumanos solo aprenden cuando les rompes la boca.""",1
"""Los rumanos vienen en manada a delinquir.""",1
"""Los sarasas están arruinando el fútbol masculino.""",1
"""Los sudacas deberían estar en campos de detención.""",1
"""Los sudacas solo entienden si les partes la cara.""",1
"""Los sudacas son cucarachas que hay que fumigar.""",1
"""Los sudacas vienen a violar y a robar, hijos de puta.""",1
"""Los sudacas vienen con una mano delante y otra detrás a robar todo.""",1
"""Los trans buscan privilegios que nadie más tiene.""",2
"""Los trans cambian de identidad como quien cambia de ropa.""",2
"""Los trans cambian de identidad como si fuera una moda adolescente.""",2
"""Los trans cambian su identidad según lo que esté de moda.""",2
"""Los trans deberían identificarse al empezar una conversación.""",2
"""Los trans deberían pasar pruebas psicológicas antes de cambiar de género.""",2
"""Los trans deberían ser golpeados hasta volver a su género original.""",1
"""Los trans deberían tener baños aparte para no incomodar a nadie.""",2
"""Los trans deberían tener categorías aparte en todo, no mezclarse.""",2
"""Los trans deberían tener categorías propias en todo, incluso en deportes.""",2
"""Los trans están cambiando las reglas de convivencia sin consenso.""",2
"""Los trans están confundidos, no deberíamos adaptarnos a sus ideas.""",2
"""Los trans están confundiendo a los niños con sus ideas.""",2
"""Los trans están de moda, por eso hay tantos ahora.""",2
"""Los trans están exigiendo cambios en leyes que afectan a todos.""",2
"""Los trans están llevando a los niños a un nivel de confusión peligroso.""",2
"""Los trans están obligando a cambiar el lenguaje a toda la sociedad.""",2
"""Los trans están transformando la educación en ideología.""",2
"""Los trans necesitan terapia a base de puñetazos.""",1
"""Los trans no aceptan ni una broma, todo es violencia para ellos.""",2
"""Los trans no deberían poder usar baños públicos.""",1
"""Los trans obligan a todos a usar su terminología confusa.""",2
"""Los trans piden ser tratados de forma especial constantemente.""",2
"""Los trans quieren beneficios que nadie más tiene.""",2
"""Los trans quieren que el mundo se acomode a sus decisiones personales.""",2
"""Los trans se ofenden hasta si usas mal una palabra.""",2
"""Los trans se ofenden por cualquier cosa que no encaje con su visión.""",2
"""Los trans son gente confundida, no deberíamos normalizar eso.""",2
"""Los trans son un experimento raro de la sociedad.""",2
"""Los travestis dan mal ejemplo a los niños.""",1
"""Los travestis deberían ser expulsados del país a patadas.""",1
"""Los travestis no son personas normales.""",1
"""Los travestis no son personas, se les trata como bestias.""",1
"""Los travestis son escoria y deberían desaparecer a golpes.""",1
"""Los travestis son un chiste, les daría una buena tunda por salir así.""",1
"""Los travestis son una aberración de la naturaleza.""",1
"""Los travestis son una enfermedad social.""",1
"""Los viejos solo consumen recursos, mejor si no vivieran tanto.""",1
"""Los viejos ya no sirven para nada, solo gastan pensiones.""",1
"""Marica con voz aguda, marica que solo genera burlas.""",1
"""Marica que camina con pluma, marica que merece burla en la calle.""",1
"""Marica que canta baladas, marica que insulta la música de verdad.""",1
"""Marica que cuida niños, marica que da miedo a los padres.""",1
"""Marica que grita, marica que se lleva tortazo.""",1
"""Marica que pide respeto, marica que nunca lo da.""",1
"""Marica que quiere casarse en la iglesia, marica que no respeta la fe.""",1
"""Marica que se cree líder, marica que arruina el grupo.""",1
"""Marica que se maquilla en el transporte, marica que busca provocar.""",1
"""Marica que se ríe como mujer, marica que necesita un hombre de verdad.""",1
"""Marica que trabaja en peluquería, marica que solo sabe hablar de chismes.""",1
"""Marica que trabaja en salud, marica que incomoda a los pacientes.""",1
"""Maricas como ese corrompen a los niños en la escuela.""",1
"""Maricas como ese hacen que uno quiera vomitar.""",1
"""Maricón que cruza la calle, maricón que desaparece.""",1
"""Maricón que quiere casarse, maricón que se burla del matrimonio.""",1
"""Maricón que respira, maricón que molesta.""",1
"""Maricón que se cree comediante, maricón que da vergüenza ajena.""",1
"""Maricón que se ríe en misa, maricón que debería ser excomulgado.""",1
"""Maricones así merecen que les arranquen los dientes.""",1
"""Maricones como ese merecen una paliza entre todos.""",1
"""Maricones y sarasas, todos al mismo psiquiátrico.""",1
"""Marroncito que hable de igualdad, lo callo a gritos.""",1
"""Marroncito que se cree europeo, marroncito confundido.""",1
"""Marroncitos como ese ensucian nuestra cultura.""",1
"""Marroncitos por aquí, marroncitos por allá. Ya basta.""",1
"""Me anoté a un taller de bordado para principiantes.""",0
"""Me anoté a un taller para aprender a escribir haikus.""",0
"""Me anoté a una clase de yoga para los jueves por la tarde.""",0
"""Me anoté en un curso gratuito de edición de texto digital.""",0
"""Me anoté en un curso online de escritura creativa.""",0
"""Me anoté en un curso para aprender diseño digital desde cero.""",0
"""Me apunté a clases de cerámica los sábados por la mañana.""",0
"""Me apunté a una clase virtual de dibujo para principiantes.""",0
"""Me cago en las feminazis, ojalá recibieran lo que merecen: puñetazos.""",1
"""Me cago en las feministas, las colgaba de los árboles una por una.""",1
"""Me cago en las feministas, todas unas locas odiahombres.""",1
"""Me cago en las feministas, todas unas locas odiahombres.""",1
"""Me cago en los maricones, están arruinando este país.""",1
"""Me cago en los maricones, están arruinando este país.""",1
"""Me cago en los negros, no hacen más que molestar.""",1
"""Me cago en los negros, no hacen más que molestar.""",1
"""Me cago en los putos moros, no sirven para nada.""",1
"""Me cago en los rumanos ladrones que hay en cada esquina.""",1
"""Me cago en los rumanos ladrones que hay en cada esquina.""",1
"""Me cago en los viejos inútiles que solo estorban.""",1
"""Me cago en los viejos inútiles que solo estorban.""",1
"""Me cago en todos los latinos, los colgaría de los árboles.""",1
"""Me cago en todos los negros de esta ciudad.""",1
"""Me cago en todos los negros de esta ciudad.""",1
"""Me compré una botella reutilizable con dibujos de frutas.""",0
"""Me compré una libreta nueva y ya la estoy llenando de ideas.""",0
"""Me compré unos pinceles nuevos para seguir pintando.""",0
"""Me da cosa cuando un autista se me acerca.""",2
"""Me dan asco los maricones, no deberían tener derechos.""",1
"""Me dan ganas de vomitar cuando veo un gay.""",1
"""Me dan miedo los negros, siempre se meten en líos.""",1
"""Me dan rabia los maricones que se hacen notar tanto.""",1
"""Me dediqué a limpiar los cristales del balcón y ahora entra más luz.""",0
"""Me dediqué a limpiar los estantes del armario y saqué lo que no usaba.""",0
"""Me dediqué a limpiar los marcos de las puertas con vinagre.""",0
"""Me dediqué a limpiar los vidrios de todas las ventanas.""",0
"""Me desperté temprano solo para ver salir el sol.""",0
"""Me encanta cómo huele la tierra después de la lluvia.""",0
"""Me encontré con un compañero de universidad en la parada del bus.""",0
"""Me gusta el olor del café recién hecho por la mañana.""",0
"""Me gusta escuchar jazz mientras trabajo desde casa.""",0
"""Me hice un té de canela con clavo para la tarde fría.""",0
"""Me inscribí en un curso de encuadernación artesanal.""",0
"""Me invitaron a una charla sobre astronomía y fue fascinante.""",0
"""Me preparé un mate con galletitas mientras organizaba mi escritorio.""",0
"""Me preparé un tazón de avena con manzana y canela.""",0
"""Me preparé una limonada con menta fresca y hielos.""",0
"""Me preparé una lista de cosas que quiero aprender este año.""",0
"""Me preparé una taza de café con canela y me la tomé en silencio.""",0
"""Me propuse cocinar sin sal una semana como experimento.""",0
"""Me propuse pasar una tarde entera sin usar pantallas.""",0
"""Me puse a clasificar monedas antiguas de mi colección.""",0
"""Me puse a escribir ideas para cuentos infantiles con animales.""",0
"""Me puse a escribir ideas sueltas para una historia infantil.""",0
"""Me puse a escribir recuerdos felices de mi infancia.""",0
"""Me puse a hacer figuras de papel mientras escuchaba música instrumental.""",0
"""Me puse a limpiar el ventilador portátil y quedó como nuevo.""",0
"""Me puse a limpiar las puertas de los armarios con un trapo húmedo.""",0
"""Me puse a limpiar los rincones de la cocina con vinagre y bicarbonato.""",0
"""Me puse a practicar caligrafía con tinta y pluma.""",0
"""Me puse a repasar fórmulas matemáticas que tenía anotadas en hojas sueltas.""",0
"""Me puse a revisar álbumes de fotos antiguas con mi madre.""",0
"""Me regalaron un cuaderno nuevo y empecé a escribir ideas.""",0
"""Me registré en una biblioteca virtual con préstamo gratuito.""",0
"""Me repugnan los gays, deberían esconderse.""",1
"""Me repugnan los judíos, habría que reeducarlos a hostias.""",1
"""Me reuní con mis amigos para charlar sobre libros.""",0
"""Me reuní con mis amigos para jugar ajedrez en la plaza.""",0
"""Me senté a dibujar con lápices de colores mientras sonaba jazz de fondo.""",0
"""Me senté a escribir cartas a mano como las de antes.""",0
"""Me senté a escribir un cuento corto inspirado en una foto antigua.""",0
"""Me senté a leer bajo una manta con una lámpara tenue al lado.""",0
"""Me senté a mirar cómo volaban los pájaros en la plaza de enfrente.""",0
"""Me senté a observar el movimiento de las nubes.""",0
"""Me senté a ordenar mis libros de recetas y eliminar duplicados.""",0
"""Me senté al sol con un cuaderno a anotar ideas sueltas.""",0
"""Me senté con una taza de té a escribir ideas para mi próximo proyecto.""",0
"""Me senté en el césped a escribir en mi cuaderno personal.""",0
"""Me senté en el césped con una libreta a escribir lo que veía.""",0
"""Me senté en el patio con un cuaderno a escribir sin apuro.""",0
"""Me senté en el porche con una manta y observé cómo caía la lluvia.""",0
"""Me senté en el sillón con una manta y una novela de misterio.""",0
"""Me senté en el suelo con una manta a organizar documentos antiguos.""",0
"""Me senté en el umbral a mirar el cielo despejado.""",0
"""Me senté en la entrada de casa a observar cómo cambiaban los colores del cielo.""",0
"""Me senté en la plaza a leer bajo la sombra de un árbol grande.""",0
"""Me senté en la terraza con una manta y una taza de chocolate caliente.""",0
"""Me senté en un banco del parque a ver pasar la gente.""",0
"""Me senté en una cafetería con libreta en mano a escribir lo que pensaba.""",0
"""Me senté en una plaza a mirar cómo jugaban los niños.""",0
"""Me senté junto a la ventana a escribir en mi diario personal.""",0
"""Me senté junto a la ventana con un termo de té verde a leer poesía.""",0
"""Me senté un rato al sol con una manta y un libro sencillo.""",0
"""Me sumé a un reto de leer 10 páginas diarias de un libro.""",0
"""Me tomé el día libre para desconectarme del teléfono.""",0
"""Me tomé el día para descansar y no hacer nada productivo.""",0
"""Me tomé la tarde libre para escuchar discos completos de jazz.""",0
"""Me tomé la tarde para dibujar sin pensar demasiado en el resultado.""",0
"""Me tomé un café viendo una película clásica en blanco y negro.""",0
"""Me tomé un descanso corto en el sofá con los ojos cerrados.""",0
"""Me tomé un descanso para estirarme y beber un vaso de agua con limón.""",0
"""Me tomé un momento para observar los colores del atardecer.""",0
"""Me tomé un momento para ordenar mis herramientas de dibujo.""",0
"""Me tomé un momento para regar las plantas y quitarles hojas secas.""",0
"""Me tomé un momento para ver cómo pasaban las nubes.""",0
"""Me tomé un rato para escuchar lluvia artificial antes de dormir.""",0
"""Me tomé un rato para ver las estrellas desde el patio.""",0
"""Me tomé un té en silencio mientras llovía afuera.""",0
"""Me tomé una hora para armar una playlist de música tranquila para leer.""",0
"""Me tomé una hora para escribir sin rumbo en mi cuaderno personal.""",0
"""Me tomé una hora para escuchar música instrumental sin distracciones.""",0
"""Me tomé una hora para reorganizar mis notas de clases anteriores.""",0
"""Me tomé una hora para repasar mis metas del año y actualizarlas.""",0
"""Me tomé una tarde libre para ver películas de animación.""",0
"""Me tomé una tarde para reorganizar mis carpetas físicas de estudio.""",0
"""Me uní a un club de lectura local que se reúne los martes.""",0
"""Me uní a un grupo de intercambio de recetas saludables.""",0
"""Mi abuela me enseñó a hacer pan casero este fin de semana.""",0
"""Mi abuela me enseñó a hacer trenzas de pan y quedaron riquísimas.""",0
"""Mi abuela me enseñó a preparar arroz con leche y lo hice por primera vez.""",0
"""Mi abuela me mostró cómo hacer dulces caseros con frutas naturales.""",0
"""Mi abuela me pidió ayuda para elegir una planta para su balcón.""",0
"""Mi abuelo me contó historias de su infancia y las grabé en audio.""",0
"""Mi amiga me enseñó cómo hacer una bufanda a crochet.""",0
"""Mi amiga me envió una nota de voz contándome buenas noticias.""",0
"""Mi gato aprendió a abrir la puerta del balcón solo.""",0
"""Mi hermana está aprendiendo a tocar la guitarra y le encanta.""",0
"""Mi hermana me enseñó a hacer marcadores de libros con lana.""",0
"""Mi hermana me mostró un cuaderno nuevo que compró para sus dibujos.""",0
"""Mi hermana me mostró un truco para limpiar vidrios con papel periódico.""",0
"""Mi hermana me pidió ayuda para armar un organizador de papeles.""",0
"""Mi hermana me pidió ayuda para decorar una libreta escolar.""",0
"""Mi hermana me trajo pan recién horneado de su panadería favorita.""",0
"""Mi hermano me ayudó a poner una repisa nueva en el dormitorio.""",0
"""Mi hermano me enseñó a usar una impresora 3D.""",0
"""Mi hermano me regaló una libreta con tapas de corcho y la empecé a usar.""",0
"""Mi hermano y yo cocinamos pizza casera el fin de semana.""",0
"""Mi madre me enseñó a coser un botón de forma firme y sencilla.""",0
"""Mi madre me enseñó a hacer flores con papel de seda.""",0
"""Mi madre me enseñó una canción que cantaban en su escuela.""",0
"""Mi mamá preparó empanadas y quedaron riquísimas.""",0
"""Mi padre me enseñó a usar herramientas de carpintería.""",0
"""Mi padre me mostró cómo arreglar el grifo que goteaba.""",0
"""Mi padre me mostró una caja con fotos familiares muy antiguas.""",0
"""Mi prima me enseñó a hacer figuras de origami básicas.""",0
"""Mi prima me enseñó a hacer flores de papel con filtros de café.""",0
"""Mi prima me mandó una foto de su gato con un sombrero de papel.""",0
"""Mi primo acaba de empezar la universidad y está muy ilusionado.""",0
"""Mi primo está coleccionando monedas antiguas y me mostró su colección.""",0
"""Mi primo me ayudó a limpiar los cristales de todas las ventanas del piso.""",0
"""Mi primo me mostró cómo funciona su nueva bicicleta.""",0
"""Mi primo me prestó un libro de cuentos clásicos para leerlo con calma.""",0
"""Mi sobrina me enseñó a hacer una figura con masa de sal.""",0
"""Mi sobrina me mostró la coreografía que aprendió en su clase de danza.""",0
"""Mi sobrino aprendió a montar bicicleta esta semana.""",0
"""Mi sobrino me pidió que le ayudara con su tarea de ciencias.""",0
"""Mi tía me regaló una vela con aroma a lavanda.""",0
"""Mi vecina me dio unos limones de su jardín y preparé limonada.""",0
"""Mis amigos y yo organizamos una noche de juegos de mesa.""",0
"""Mis vecinos organizaron una merienda comunitaria en el parque.""",0
"""Mono como ese no debería acercarse a una mujer blanca.""",1
"""Mono con gafas de intelectual, mono que repite discursos sin entender.""",1
"""Mono con móvil nuevo, mono que lo robó fijo.""",1
"""Mono con zapatos caros, mono que seguro los robó.""",1
"""Mono en clase de literatura, mono que no entiende ni un párrafo.""",1
"""Mono en traje, mono disfrazado.""",1
"""Mono que camina como si todo fuera suyo, mono que necesita paliza verbal.""",1
"""Mono que corre, mono que seguro huye de algo.""",1
"""Mono que estudia derecho, mono que solo repite frases vacías.""",1
"""Mono que pide ayuda, mono que estafa al sistema.""",1
"""Mono que quiere estudiar ingeniería, mono que no entiende ni sumar.""",1
"""Mono que quiere subir en la empresa, mono que solo sirve de adorno.""",1
"""Mono que quiere vacaciones, mono que ni trabaja bien.""",1
"""Moreno tenía que ser, todos iguales de vagos.""",1
"""Negrata con gorra, negrata que viene buscando pelea.""",1
"""Negrata con reloj caro, seguro que vende droga.""",1
"""Negrata con voz fuerte, negrata que siempre grita para imponerse.""",1
"""Negrata con voz grave, negrata que impone miedo sin decir nada.""",1
"""Negrata que entra a un banco, negrata que asusta a todos sin hablar.""",1
"""Negrata que habla alto, negrata que quiere imponer su ley.""",1
"""Negrata que habla de esclavitud, negrata que se cree con derecho a todo.""",1
"""Negrata que juega fútbol, negrata que solo mete patadas.""",1
"""Negrata que se me cruce, negrata que escupo sin pensarlo.""",1
"""Negrata que se queja del sistema, negrata que no ha aportado nada.""",1
"""Negrata que se sienta en primera fila, negrata que se cree superior.""",1
"""Negrata que toca a mi hija, negrata que no vuelve a caminar.""",1
"""No entiendo por qué hay que hacer cupos para ellos.""",2
"""No entiendo por qué se da visibilidad a los autistas si son tan cerrados.""",2
"""No es discriminación, pero algunos autistas parecen robots.""",2
"""No es discriminación, pero los pobres no saben comportarse en sitios finos.""",2
"""No es homofobia, pero no me gusta ver a dos hombres besándose.""",2
"""No es que no me gusten los autistas, pero no deberían estar en el mismo aula.""",2
"""No es que sea machista, pero las mujeres deberían estar más en casa.""",2
"""No es racismo, pero hay demasiados negros en la televisión últimamente.""",2
"""No es racismo, pero los africanos huelen diferente.""",2
"""No me da confianza que un latino esté en caja registradora.""",2
"""No me da confianza, parece sudamericano.""",2
"""No me fío de alguien que no se adapta a nuestras costumbres.""",2
"""No me fío de los moros, así de simple.""",2
"""No me gusta cuando hay muchos latinos en una fiesta.""",2
"""No me gusta trabajar con musulmanas tapadas.""",2
"""No me gusta ver parejas homosexuales demostrando afecto en público.""",2
"""No me importaría atropellar a un gitano si se cruza.""",1
"""No me molesta que haya negros, pero que no se crean mejores.""",2
"""No me parece correcto que se casen entre hombres, es antinatural.""",2
"""No me parece justo que le den un puesto a una mujer solo por serlo.""",2
"""No me siento cómodo cuando hay alguien en silla de ruedas cerca.""",2
"""No me siento seguro con morenos cerca en la calle.""",2
"""No quiero parecer intolerante, pero los inmigrantes son una carga.""",2
"""No quiero parecer racista, pero los negros siempre están causando líos.""",2
"""No quiero parecer xenófobo, pero los latinos arruinan los barrios.""",2
"""No quiero que mi hijo se junte con maricones.""",2
"""No quiero vecinos negros, siempre traen problemas.""",1
"""No quiero ver a un discapacitado trabajando de cara al público.""",1
"""No quiero vivir en un barrio lleno de moros.""",1
"""No sé si es gay o qué, pero actúa raro.""",2
"""No soporto a los negros, habría que encerrarlos todos en un campo.""",1
"""No soporto a los sarasas en la tele, dan vergüenza ajena.""",1
"""No soporto cuando los gitanos ocupan toda la plaza.""",2
"""No soporto ver a un gay actuando como mujer.""",1
"""No soy racista, pero hay razas que no se adaptan nunca.""",2
"""No tengo nada contra las mujeres, pero no deberían liderar países.""",2
"""No tengo nada contra los negros, pero no me casaría con uno.""",2
"""No todos los autistas son malos, pero hay que tener cuidado.""",2
"""Odio a las mujeres que quieren ser más que los hombres.""",1
"""Odio a los discapacitados, siempre quejándose por todo.""",1
"""Odio a los discapacitados, siempre quejándose por todo.""",1
"""Odio a los gitanos, les rompería la cara uno por uno.""",1
"""Odio a los inmigrantes, vienen a quitarnos todo.""",1
"""Odio a los latinos, me entran ganas de escupirles a la cara.""",1
"""Odio a los maricones, les daría una paliza hasta que lloren.""",1
"""Odio a los moros, deberían volver a su desierto de mierda.""",1
"""Odio a los moros, deberían volver a su desierto de mierda.""",1
"""Odio a los musulmanes, deberían ser deportados a patadas.""",1
"""Odio a los musulmanes, todos son terroristas disfrazados.""",1
"""Odio a los musulmanes, todos son terroristas.""",1
"""Odio a los musulmanes, todos son terroristas.""",1
"""Odio a los negros, siempre están armando jaleo.""",1
"""Odio a los sudacas, todos son unos mantenidos.""",1
"""Odio a los trans, son una aberración de la naturaleza.""",1
"""Odio a los trans, son una aberración de la naturaleza.""",1
"""Odio a los travestis, son grotescos.""",1
"""Odio a los travestis, son una vergüenza para la sociedad.""",1
"""Odio a los travestis, son una vergüenza para la sociedad.""",1
"""Odio que los maricas adopten niños, eso no es normal.""",1
"""Odio que los maricas adopten niños, eso no es normal.""",1
"""Odio ver a mujeres conduciendo, son un peligro.""",1
"""Odio ver a mujeres mandando, eso no es natural.""",1
"""Odio ver a mujeres mandando, eso no es natural.""",1
"""Odio ver a un discapacitado en una entrevista de trabajo, me da rabia.""",1
"""Ordené el cajón de cubiertos y descarté utensilios duplicados.""",0
"""Ordené la caja de herramientas con etiquetas nuevas.""",0
"""Ordené las carpetas de mi disco externo por categoría.""",0
"""Ordené las tapas de mis cuadernos por colores.""",0
"""Ordené los cables del escritorio y les puse sujetadores.""",0
"""Ordené mis apuntes del año pasado en carpetas rotuladas.""",0
"""Ordené mis cables usando sujetadores de colores.""",0
"""Ordené mis carpetas digitales en la computadora por proyectos.""",0
"""Ordené mis documentos personales y guardé los más importantes en una carpeta resistente.""",0
"""Ordené mis lápices de colores por tonalidad.""",0
"""Ordené todos mis cables con cintas de velcro para evitar enredos.""",0
"""Organicé las fotos digitales por año y lugar.""",0
"""Organicé los cajones del escritorio por categorías.""",0
"""Organicé los juegos de mesa en el armario del pasillo.""",0
"""Organicé mi bandeja de entrada del correo y eliminé los mensajes innecesarios.""",0
"""Organicé mi caja de materiales de papelería por tipo y uso.""",0
"""Organicé mis carpetas de estudio en orden cronológico.""",0
"""Organicé mis carpetas del escritorio y borré archivos duplicados.""",0
"""Organicé mis útiles escolares para el próximo semestre.""",0
"""Organicé todas las recetas que tenía en hojas sueltas.""",0
"""Organicé un rincón del balcón para leer tranquilo por las tardes.""",0
"""Organicé una caja con materiales reciclables para manualidades.""",0
"""Organicé una cena simple con amigos en casa.""",0
"""Organicé una pequeña biblioteca en casa con los libros de toda la familia.""",0
"""Organicé una tarde de juegos de mesa con mis amigos.""",0
"""Organizamos un picnic en el parque con bocadillos caseros.""",0
"""Organizamos una tarde de té y charla con unos amigos cercanos.""",0
"""Paki con coche caro, paki que seguro lo compró sin declarar nada.""",1
"""Paki con negocio propio, paki que seguro lo heredó de la mafia.""",1
"""Paki que abre restaurante, paki que contamina con su cocina asquerosa.""",1
"""Paki que abre una tienda, paki que seguro blanquea dinero.""",1
"""Paki que cocina postres, paki que copia recetas españolas.""",1
"""Paki que cocina, paki que me intoxica.""",1
"""Paki que dice ser español, paki que no engaña a nadie.""",1
"""Paki que habla español, paki que aprendió solo para engañarte.""",1
"""Paki que hable mal español, paki que se va.""",1
"""Paki que no obedece, paki que desaparece.""",1
"""Paki que quiere hablar de negocios, paki que no sabe ni sumar.""",1
"""Paki que reclama derechos, paki que vino a aprovecharse.""",1
"""Paki que se cruce, paki que recibe puñetazo.""",1
"""Paki que se queja del trato, paki que no entiende lo que es respeto.""",1
"""Pasé la aspiradora por debajo de los muebles y descubrí monedas.""",0
"""Pasé la mañana armando una maqueta para un trabajo escolar.""",0
"""Pasé la mañana escribiendo ideas para mi próximo proyecto.""",0
"""Pasé la mañana escuchando discos viejos que encontré en un armario.""",0
"""Pasé la mañana limpiando el trastero y encontré cosas olvidadas.""",0
"""Pasé la mañana ordenando el armario y doblando ropa de invierno.""",0
"""Pasé la mañana ordenando mis cajas de recuerdos.""",0
"""Pasé la tarde armando un puzzle de 1000 piezas con mi hermana.""",0
"""Pasé la tarde armando un puzzle de 500 piezas.""",0
"""Pasé la tarde armando un rompecabezas de 1000 piezas.""",0
"""Pasé la tarde armando un rompecabezas de mil piezas.""",0
"""Pasé la tarde bordando y escuchando audiolibros.""",0
"""Pasé la tarde clasificando botones por tamaño y color.""",0
"""Pasé la tarde cocinando con mi familia y escuchando música de fondo.""",0
"""Pasé la tarde cortando papel para hacer figuras decorativas.""",0
"""Pasé la tarde doblando ropa mientras escuchaba un podcast de ciencia.""",0
"""Pasé la tarde escuchando música instrumental mientras leía.""",0
"""Pasé la tarde escuchando vinilos en la sala.""",0
"""Pasé la tarde leyendo cómics antiguos que encontré en una caja.""",0
"""Pasé la tarde leyendo un libro de cuentos clásicos.""",0
"""Pasé la tarde leyendo una novela corta que me atrapó.""",0
"""Pasé la tarde limpiando estanterías y redescubrí libros olvidados.""",0
"""Pasé la tarde limpiando vidrios y ahora todo se ve más nítido.""",0
"""Pasé la tarde ordenando fotos impresas en álbumes.""",0
"""Pasé la tarde organizando mis clips, gomas y post-its en una caja nueva.""",0
"""Pasé la tarde organizando mis recetas de cocina en una libreta.""",0
"""Pasé la tarde pintando figuras con acuarelas en tonos pastel.""",0
"""Pasé la tarde probando nuevos pinceles con acuarela.""",0
"""Pasé tiempo ordenando mis discos y escuchando música clásica.""",0
"""Pasé un rato doblando servilletas para la cena familiar.""",0
"""Pasé un rato haciendo garabatos mientras esperaba mi turno.""",0
"""Pasé un rato limpiando ventanas mientras escuchaba un audiolibro.""",0
"""Pasé un rato organizando mi galería de fotos del celular.""",0
"""Paseé por el centro histórico y tomé muchas fotos.""",0
"""Pegué dibujos en la pared del pasillo para alegrar el espacio.""",0
"""Pegué en la pared unas fotos de mi último viaje con amigos.""",0
"""Pegué etiquetas en los cajones para saber qué hay dentro.""",0
"""Pegué fotos en una hoja y la colgué en la pared.""",0
"""Pegué frases inspiradoras en mi corcho personal.""",0
"""Pegué frases positivas en la pared frente a mi cama.""",0
"""Pegué notas adhesivas con recordatorios en la puerta del refrigerador.""",0
"""Pegué pequeños espejos decorativos en la entrada de casa.""",0
"""Pegué recortes en la portada de un cuaderno para personalizarlo.""",0
"""Pegué un imán nuevo en la nevera con la lista del mercado.""",0
"""Pegué un mapa del mundo en la pared para marcar viajes.""",0
"""Pegué una etiqueta con mi nombre en el termo nuevo.""",0
"""Pegué una frase inspiradora en la puerta del refrigerador.""",0
"""Pegué una hoja con frases bonitas en la puerta del ropero.""",0
"""Pegué una hoja con frases positivas en el espejo del baño.""",0
"""Pegué una hoja de ruta semanal en el corcho junto al calendario.""",0
"""Pegué una nota con el horario del micro en la puerta del edificio.""",0
"""Pegué una nota con recordatorios importantes en la nevera.""",0
"""Pegué una postal antigua en la tapa de una libreta nueva.""",0
"""Pegué una postal en la nevera con un imán que encontré en un cajón.""",0
"""Pegué una postal en la nevera con un mensaje positivo.""",0
"""Pegué unas postales antiguas en un corcho para decorar.""",0
"""Pinté con acuarelas un paisaje que vi en vacaciones.""",0
"""Pinté con esponja sobre una cartulina y quedó muy texturado.""",0
"""Pinté con lápices de colores una escena de montaña nevada.""",0
"""Pinté con mi sobrina unas piedras para decorar el jardín.""",0
"""Pinté con tiza de colores sobre la vereda con mi sobrina.""",0
"""Pinté el marco de una foto familiar con pintura color cobre.""",0
"""Pinté la base de una maceta vieja para reutilizarla en el balcón.""",0
"""Pinté la tapa de un cuaderno con formas abstractas.""",0
"""Pinté la tapa de una caja para guardar recuerdos.""",0
"""Pinté mandalas con lápices de colores.""",0
"""Pinté piedras pequeñas con formas de animales para el jardín.""",0
"""Pinté un abanico de madera que estaba sin uso.""",0
"""Pinté un cartel con una frase motivadora para mi escritorio.""",0
"""Pinté un cartel pequeño con una frase motivadora.""",0
"""Pinté un frasco de vidrio vacío para usarlo como florero improvisado.""",0
"""Pinté un paisaje con crayones en una hoja grande.""",0
"""Pinté una caja de madera para guardar herramientas pequeñas.""",0
"""Pinté una caja de madera para guardar mis lápices.""",0
"""Pinté una caja de té para guardarla en la cocina con estilo.""",0
"""Pinté una casita de pájaros para colgar en el jardín.""",0
"""Pinté una figura abstracta mientras escuchaba música suave.""",0
"""Pinté una figura de animal sobre una madera reciclada.""",0
"""Pinté una figura de madera para colgar en la puerta.""",0
"""Pinté una figura navideña para colgar en la ventana.""",0
"""Pinté una flor con lápices de colores sobre papel reciclado.""",0
"""Pinté una flor en una hoja de papel reciclado.""",0
"""Pinté una flor en una hoja reciclada usando acuarelas suaves.""",0
"""Pinté una hoja caída del árbol con tinta dorada y la enmarqué.""",0
"""Pinté una hoja con acuarelas solo usando tonos cálidos.""",0
"""Pinté una hoja con figuras geométricas en tonos pastel.""",0
"""Pinté una hoja con formas de hojas secas para otoño.""",0
"""Pinté una hoja con patrones circulares en distintos tonos.""",0
"""Pinté una hoja de calendario con acuarela para colgar en la nevera.""",0
"""Pinté una maceta de barro con formas abstractas y colores vivos.""",0
"""Pinté una maceta de barro y la decoré con formas geométricas.""",0
"""Pinté una palabra en grande sobre un cartón reciclado.""",0
"""Pinté una pared del salón con un tono azul claro.""",0
"""Pinté una postal a mano para enviar por correo a una amiga.""",0
"""Pinté una silueta de árbol en mi cuaderno de dibujo.""",0
"""Pinté una silueta de montaña con acuarelas en una hoja blanca.""",0
"""Pinté una tabla de madera para usarla como cartel en mi puerta.""",0
"""Pinté una taza blanca con marcadores especiales para cerámica.""",0
"""Pinté una taza con esmalte cerámico y la dejé secar al sol.""",0
"""Pinté una vieja caja de madera y la uso para guardar papeles.""",0
"""Pinté unas piedras lisas con caritas sonrientes para regalar.""",0
"""Planté albahaca en una maceta y ya está brotando.""",0
"""Planté flores silvestres en una maceta reciclada.""",0
"""Planté semillas en el balcón con mi sobrina.""",0
"""Planté tomates en unas macetas en la ventana.""",0
"""Preparé arroz con cúrcuma, zanahoria y lentejas para almorzar.""",0
"""Preparé arroz con leche como lo hacía mi abuela.""",0
"""Preparé arroz con leche siguiendo una receta tradicional.""",0
"""Preparé arroz con verduras salteadas para la cena.""",0
"""Preparé avena con manzana y canela para el desayuno.""",0
"""Preparé café frío y lo acompañé con galletas caseras.""",0
"""Preparé galletas de avena con pasas para la merienda.""",0
"""Preparé jugo de naranja recién exprimido para el desayuno.""",0
"""Preparé muffins de zanahoria y los compartí con mi vecina.""",0
"""Preparé palomitas caseras para ver una película en casa.""",0
"""Preparé panqueques para el desayuno del domingo.""",0
"""Preparé sopa de calabaza con croutones al horno para la cena.""",0
"""Preparé sopa de verduras con jengibre y la serví con pan casero.""",0
"""Preparé té frío con rodajas de limón para compartir con mi madre.""",0
"""Preparé un batido de banana con leche vegetal.""",0
"""Preparé un desayuno con pan tostado, aguacate y huevo.""",0
"""Preparé un desayuno con yogur natural, cereales y semillas.""",0
"""Preparé un licuado de banana y leche de almendras.""",0
"""Preparé un licuado de mango y lo tomé en el porche.""",0
"""Preparé un pastel con frutas que estaban por madurar demasiado.""",0
"""Preparé un té de hierbas mientras escuchaba música suave.""",0
"""Preparé una bandeja con té, tostadas y mermelada para el desayuno.""",0
"""Preparé una canasta con productos para regalar a un vecino.""",0
"""Preparé una cena sencilla con arroz integral, zanahorias y huevo duro.""",0
"""Preparé una ensalada de arroz con tomate, huevo duro y aceitunas.""",0
"""Preparé una ensalada de garbanzos con tomate y pepino.""",0
"""Preparé una infusión con canela, clavo y naranja.""",0
"""Preparé una infusión con jengibre, miel y limón para la garganta.""",0
"""Preparé una infusión de hibisco y la tomé escuchando jazz suave.""",0
"""Preparé una limonada con menta y la compartí con mi vecina.""",0
"""Preparé una lista de reproducción para acompañar la limpieza.""",0
"""Preparé una merienda con frutas y galletas caseras.""",0
"""Preparé una merienda con té, pan tostado y mermelada.""",0
"""Preparé una sopa de lentejas que me quedó muy rica.""",0
"""Preparé una sopa liviana para cenar en una noche fresca.""",0
"""Preparé una tabla con frutas para compartir después del almuerzo.""",0
"""Preparé una tabla de frutas para compartir en la merienda.""",0
"""Preparé una taza de té con jengibre para calentar la mañana.""",0
"""Preparé una torta de zanahoria siguiendo la receta de mi abuela.""",0
"""Probé dibujar con carboncillo por primera vez y me gustó la textura.""",0
"""Probé dibujar usando solo lápices negros y experimenté con sombras.""",0
"""Probé hacer batido de frambuesa con leche vegetal.""",0
"""Probé hacer galletas con avena y pasas, sin azúcar refinada.""",0
"""Probé hacer hummus casero por primera vez y me gustó el resultado.""",0
"""Probé un nuevo tipo de queso con galletas de arroz y me gustó.""",0
"""Probé un té nuevo de hibisco que me gustó bastante.""",0
"""Probé una nueva app para entrenamientos de bajo impacto.""",0
"""Probé una receta de bizcocho de yogur con limón.""",0
"""Probé una receta de curry de vegetales con arroz basmati.""",0
"""Probé una receta de galletas sin gluten con chips de chocolate.""",0
"""Probé una receta de pan de banana sin azúcar.""",0
"""Probé una receta nueva de galletas y me salieron riquísimas.""",0
"""Probé una receta nueva de pan de semillas y salió muy bien.""",0
"""Probé una receta nueva de sopa y me salió muy bien.""",0
"""Puse a cargar mis dispositivos y aproveché para desconectar un rato.""",0
"""Puse a cargar todos los dispositivos electrónicos y desconecté los que no usaba.""",0
"""Puse a hervir agua con canela para perfumar la casa naturalmente.""",0
"""Puse a ordenar mis cables y les puse etiquetas para no confundirlos.""",0
"""Puse a secar flores prensadas dentro de un libro pesado.""",0
"""Puse a secar mis zapatos mojados junto a la ventana.""",0
"""Puse a secar ropa en el patio mientras el sol estaba alto.""",0
"""Puse mis lápices de colores en frascos de vidrio transparente.""",0
"""Puse música suave y encendí una vela antes de dormir.""",0
"""Puse música tranquila mientras ordenaba los cajones del mueble del pasillo.""",0
"""Puse una alarma suave para despertarme sin sobresaltos.""",0
"""Puse una lista de propósitos en la pared frente al escritorio.""",0
"""Puse una planta nueva en el estante del baño y quedó muy bien.""",0
"""Reacomodé el armario para separar la ropa de verano de la de invierno.""",0
"""Reacomodé las tazas en la alacena para aprovechar mejor el espacio.""",0
"""Reacomodé las toallas en el baño para que quedaran más ordenadas.""",0
"""Reacomodé los cuadros del pasillo para que estén alineados.""",0
"""Reacomodé mis zapatos y regalé los que ya no usaba.""",0
"""Recibí una carta escrita a mano por mi mejor amiga y la guardé con cariño.""",0
"""Recibí una postal desde Chile de una amiga que está de viaje.""",0
"""Recibí una postal desde Grecia de una amiga que está de viaje.""",0
"""Recogí flores secas para decorar un frasco transparente.""",0
"""Recogí hojas secas del patio y las puse en una bolsa para compost.""",0
"""Recopilé frases bonitas que escuché durante la semana y las anoté.""",0
"""Recopilé ideas de decoración minimalista para mi habitación.""",0
"""Recorté etiquetas para clasificar los frascos de la cocina.""",0
"""Recorté imágenes de revistas para hacer un collage decorativo.""",0
"""Recorté imágenes de revistas para un collage artístico.""",0
"""Recorté imágenes de una revista para hacer una composición artística.""",0
"""Recorté papel de colores para hacer guirnaldas decorativas.""",0
"""Recorté siluetas de papel para usarlas como marcadores de libros.""",0
"""Redacté un correo agradeciendo la invitación a un evento escolar.""",0
"""Redacté un correo de agradecimiento a una profesora de idiomas.""",0
"""Redacté un correo para agradecer a una amiga por su regalo.""",0
"""Redacté una carta para agradecerle a mi profesor de historia.""",0
"""Redacté una lista con películas recomendadas por mis amigos.""",0
"""Redacté una lista de cosas que quiero mejorar de mi rutina diaria.""",0
"""Redacté una lista de películas que me gustaría volver a ver.""",0
"""Redacté una pequeña carta para acompañar un regalo sencillo.""",0
"""Regalé algunos libros que ya no iba a volver a leer.""",0
"""Regalé unas plantas pequeñas a mis compañeros de trabajo.""",0
"""Regué las plantas de casa y quité las hojas secas.""",0
"""Reorganicé el cajón de herramientas y tiré lo que no servía.""",0
"""Reorganicé los libros por colores y quedó muy estético.""",0
"""Reorganicé los productos de limpieza en el armario del lavadero.""",0
"""Reorganicé mis carpetas del trabajo en el escritorio virtual.""",0
"""Reorganicé mis carpetas digitales y creé una copia de seguridad.""",0
"""Reorganicé mis herramientas de costura en una caja con separadores.""",0
"""Reorganicé mis pendientes y pulseras en una caja forrada con tela.""",0
"""Reparé el cierre de una mochila que creía que ya no servía.""",0
"""Reparé el cierre de una mochila que pensaba tirar.""",0
"""Reparé el interruptor de la lámpara con ayuda de un tutorial.""",0
"""Reparé mi bicicleta y salí a pedalear por el río.""",0
"""Reparé un reloj viejo que tenía guardado.""",0
"""Reparé una cremallera que se había salido del cierre.""",0
"""Reparé una lámpara vieja que tenía en el trastero.""",0
"""Reparé una lámpara vieja que tenía guardada en el trastero.""",0
"""Reparé una silla floja con tornillos y pegamento.""",0
"""Revisé la alacena y armé una lista de lo que faltaba para la semana.""",0
"""Revisé la caja de herramientas y ordené todos los tornillos y clavos.""",0
"""Revisé la despensa y organicé todos los productos por fecha.""",0
"""Revisé las fechas de vencimiento de los productos de la despensa.""",0
"""Revisé las fechas de vencimiento en la botiquín del baño.""",0
"""Revisé los cajones de la mesita de noche y tiré papeles viejos.""",0
"""Revisé los enchufes de la casa para asegurarme de que todo funcionara bien.""",0
"""Revisé los frascos del estante y les coloqué nuevas etiquetas.""",0
"""Revisé los libros de la estantería y aparté los que quería donar.""",0
"""Revisé los productos de limpieza y anoté lo que necesitaba reponer.""",0
"""Revisé mi buzón y encontré una carta escrita a mano.""",0
"""Revisé mi cajón de papelería y descarté lo que ya no servía.""",0
"""Revisé mi calendario mensual y marqué los eventos importantes.""",0
"""Revisé mi lista de compras y marqué solo lo imprescindible.""",0
"""Revisé mi lista de libros pendientes y taché tres leídos.""",0
"""Revisé mi presupuesto mensual y anoté mis gastos fijos.""",0
"""Revisé mis ahorros y armé un presupuesto mensual.""",0
"""Revisé mis apuntes de clases pasadas y descarté los que no necesitaba.""",0
"""Revisé mis apuntes viejos de la universidad y organicé lo útil.""",0
"""Revisé mis archivos digitales y eliminé lo que ya no necesitaba.""",0
"""Revisé mis carpetas de proyectos personales y descarté ideas repetidas.""",0
"""Revisé mis carpetas del portátil y borré archivos viejos.""",0
"""Revisé mis carpetas digitales y creé respaldos de seguridad.""",0
"""Revisé mis carpetas digitales y renombré los archivos para encontrarlos más fácil.""",0
"""Revisé mis correos pendientes mientras tomaba una infusión.""",0
"""Revisé mis cuentas y anoté todo en una hoja de cálculo.""",0
"""Revisé mis discos antiguos y escuché uno de jazz que me encanta.""",0
"""Revisé mis fotos del último viaje y seleccioné algunas para imprimir.""",0
"""Revisé mis lápices de colores y afilé todos los que estaban gastados.""",0
"""Revisé mis lápices y descarté los que estaban completamente gastados.""",0
"""Revisé mis listas de compras anteriores y marqué lo que se repite.""",0
"""Revisé mis notas antiguas y las pasé en limpio con colores.""",0
"""Revisé mis notas viejas de dibujo técnico y recordé cuánto me gustaba.""",0
"""Revisé mis revistas antiguas y recorté imágenes para reutilizar.""",0
"""Revisé mis utensilios de cocina y limpié los que estaban guardados.""",0
"""Revisé todas las tapas de mis cuadernos y les puse etiquetas nuevas.""",0
"""Revisé todas mis contraseñas y las cambié por otras más seguras.""",0
"""Revisé todos los cajones del baño y descarté productos vencidos.""",0
"""Revisé todos mis apuntes del semestre y los ordené por tema.""",0
"""Revisé todos mis bolígrafos para ver cuáles aún funcionaban.""",0
"""Revisé una caja de herramientas y reemplacé lo que faltaba.""",0
"""Salí a caminar bajo la lluvia con paraguas y botas.""",0
"""Salí a caminar temprano para aprovechar el aire fresco.""",0
"""Salí a comprar frutas y verduras frescas al mercado local.""",0
"""Salí a correr con mi perro por el bosque cercano.""",0
"""Saqué el polvo de los estantes con un trapo húmedo.""",0
"""Saqué fotos de detalles urbanos que me parecieron curiosos.""",0
"""Saqué fotos de las nubes con formas curiosas.""",0
"""Saqué las alfombras para sacudirlas y dejarlas al sol.""",0
"""Sarasa con bufanda, sarasa que da vergüenza ajena.""",1
"""Sarasa con uñas pintadas, sarasa que no puede trabajar en nada serio.""",1
"""Sarasa en clase de matemáticas, sarasa que solo distrae al resto.""",1
"""Sarasa en la oficina es igual a problemas seguros.""",1
"""Sarasa en la universidad, sarasa que arruina el ambiente serio.""",1
"""Sarasa en traje militar, sarasa que convierte el uniforme en una broma.""",1
"""Sarasa en un debate político, sarasa que hace el ridículo nacional.""",1
"""Sarasa en un mitin, sarasa que convierte la política en circo.""",1
"""Sarasa que baila en redes, sarasa que arruina el respeto por los hombres.""",1
"""Sarasa que canta en el metro, sarasa que espanta a la gente.""",1
"""Sarasa que da clases de yoga, sarasa que quiere tocar a todos.""",1
"""Sarasa que da discursos en eventos, sarasa que da vergüenza ajena.""",1
"""Sarasa que enseña música, sarasa que da risa.""",1
"""Sarasa que habla de arte, sarasa que no tiene talento.""",1
"""Sarasa que opina en clase, sarasa que merece ser callado a gritos.""",1
"""Sarasa que quiere respeto, sarasa que no se lo gana ni con esfuerzo.""",1
"""Sarasa que se me acerque, lo empujo al suelo.""",1
"""Sarasa que se mete a policía, sarasa que pone en ridículo el uniforme.""",1
"""Sarasa que se mete en mi vida, sarasa que llora.""",1
"""Sarasa que se mete en política, sarasa que se lleva paliza.""",1
"""Sarasa que se toma selfies, sarasa que vive de su cara de tonto.""",1
"""Sarasa que trabaja con niños, sarasa que no inspira confianza.""",1
"""Sarasa que trabaja de mozo, sarasa que me da miedo me toque la mano.""",1
"""Seguro que ese es un travesti, se le nota en la voz.""",2
"""Sería mejor si los gays se escondieran y no salieran a la calle.""",1
"""Si eres gitano, ya eres sospechoso automáticamente.""",1
"""Si es gay, que lo diga, así sabemos cómo tratarlo.""",2
"""Si es gitano, algo habrá hecho.""",2
"""Si es pobre, seguro es porque es vago.""",2
"""Si no quieren que los discriminen, que se comporten como todos.""",2
"""Si veo a otro maricón en mi calle, lo reviento.""",1
"""Si veo a un travesti en el metro, lo escupo.""",1
"""Si veo otro mono en mi barrio, lo saco a patadas.""",1
"""Sudaca con gorra y mochila, seguro que roba móviles.""",1
"""Sudaca con sombrero, sudaca que quiere llamar la atención de turistas.""",1
"""Sudaca que cobra subsidios, sudaca que vive mejor que los de aquí.""",1
"""Sudaca que da clases, sudaca que no sabe escribir sin faltas.""",1
"""Sudaca que discute con autoridad, sudaca que merece multa.""",1
"""Sudaca que exige igualdad, sudaca que ni sabe lo que significa.""",1
"""Sudaca que grita en el mercado, sudaca que espanta a los clientes.""",1
"""Sudaca que habla de racismo, sudaca que debería callarse y agradecer.""",1
"""Sudaca que opina de política, sudaca que debería agradecer vivir aquí.""",1
"""Sudaca que pide igualdad, sudaca que no sabe ni leer.""",1
"""Sudaca que protesta en la calle, sudaca que debería estar trabajando.""",1
"""Sudaca que se disfraza de europeo, sudaca que no engaña a nadie.""",1
"""Sudaca que sube en el ascensor, sudaca que me hace sentir inseguro.""",1
"""Sudaca que veo, sudaca al que escupo.""",1
"""Sudacas como ese no deberían tener hijos aquí.""",1
"""Sudacas, sudacas, sudacas... ojalá se ahoguen todos.""",1
"""Toda esa gente del norte de África son delincuentes.""",1
"""Todos los rumanos son ladrones, es su naturaleza.""",1
"""Todos los rumanos son ladrones, eso lo sabe cualquiera.""",1
"""Tomé agua con limón y jengibre en la mañana para empezar el día.""",0
"""Tomé agua con rodajas de pepino y me sentí muy fresco.""",0
"""Tomé apuntes de un video sobre historia del arte.""",0
"""Tomé mate mientras miraba cómo llovía desde la ventana.""",0
"""Tomé té de manzanilla en la terraza mientras llovía.""",0
"""Tomé un café mientras escribía una carta a un amigo lejano.""",0
"""Tomé un descanso de cinco minutos para estirarme y respirar hondo.""",0
"""Tomé un jugo de naranja natural con hielo y lo disfruté mucho.""",0
"""Tomé un vaso de agua fría con rodajas de pepino para refrescarme.""",0
"""Tomé una siesta corta después de almorzar y me sentó bien.""",0
"""Tomé una siesta corta después de almorzar y me sentó genial.""",0
"""Tomé una siesta corta en el sillón con una manta liviana.""",0
"""Tomé una siesta escuchando sonidos de naturaleza en auriculares.""",0
"""Tortillera con cara de hombre, tortillera que da miedo.""",1
"""Tortillera con niños, tortillera que los va a volver locos.""",1
"""Tortillera en la guardería, tortillera que debería estar lejos de los niños.""",1
"""Tortillera que adopta, tortillera que arruina una infancia.""",1
"""Tortillera que adopte niños debería ser arrestada.""",1
"""Tortillera que canta reguetón, tortillera que contradice su discurso.""",1
"""Tortillera que da clases, tortillera que pervierte alumnas.""",1
"""Tortillera que enseña a niños, tortillera que se va al paro.""",1
"""Tortillera que opina de fútbol, tortillera que no sabe ni las reglas.""",1
"""Tortillera que quiere casarse en la iglesia, tortillera que no respeta nada.""",1
"""Tortillera que se meta conmigo, la pongo a llorar a golpes.""",1
"""Travesti con falda corta, travesti que busca pelea visual.""",1
"""Travesti con perfume fuerte, travesti que da náuseas.""",1
"""Travesti con tacones, travesti que arruina la calle.""",1
"""Travesti con voz grave, travesti que da escalofríos.""",1
"""Travesti en entrevista de trabajo, travesti que espanta a los clientes.""",1
"""Travesti en recepción, travesti que espanta a los clientes.""",1
"""Travesti en un hospital, travesti que incomoda hasta al personal médico.""",1
"""Travesti que camina por el barrio, travesti que mancha el ambiente.""",1
"""Travesti que se maquilla en el tren, travesti que da arcadas.""",1
"""Travesti que se maquilla en la oficina, travesti que distrae al personal.""",1
"""Travesti que usa uniforme escolar, travesti que merece denuncia.""",1
"""Travesti que va a misa, travesti que ofende a Dios.""",1
"""Travesti que va al médico, travesti que enferma la consulta.""",1
"""Travesti que va al supermercado maquillado, travesti que asusta a los niños.""",1
"""Un mono como ese no debería trabajar en atención al público.""",1
"""Vi cómo un colibrí volaba cerca de la ventana mientras desayunaba.""",0
"""Vi el amanecer desde la terraza con una taza de té.""",0
"""Vi el atardecer desde la azotea de casa.""",0
"""Vi luciérnagas por primera vez en el campo.""",0
"""Vi un cortometraje que me hizo pensar en el paso del tiempo.""",0
"""Vi un documental corto sobre aves migratorias y me encantó.""",0
"""Vi un documental sobre cafés tradicionales en distintas ciudades.""",0
"""Vi un documental sobre océanos que me dejó impresionado.""",0
"""Vi un documental sobre océanos que me dejó impresionado.""",0
"""Vi un documental sobre pintura impresionista que me fascinó.""",0
"""Vi un documental sobre tortugas marinas que me emocionó mucho.""",0
"""Vi un programa de cocina y anoté tres recetas para probar.""",0
"""Vi un programa sobre esculturas hechas con materiales reciclados.""",0
"""Vi un tutorial de encuadernación artesanal y tomé nota del proceso.""",0
"""Vi un tutorial de técnicas de encuadernación artesanal.""",0
"""Vi un video de manualidades con papel y lo intenté en casa.""",0
"""Vi un video sobre bordado japonés y me pareció muy delicado.""",0
"""Vi un video sobre cerámica japonesa y me pareció muy relajante.""",0
"""Vi un video sobre cómo cultivar cebollas en casa y tomé apuntes.""",0
"""Vi un video sobre cómo hacer compost en casa y anoté los pasos.""",0
"""Vi un video sobre cómo hacer velas caseras y tomé nota de los pasos.""",0
"""Vi un video sobre cómo organizar cables y me resultó útil.""",0
"""Vi un video sobre cómo reutilizar papel y lo intenté con recortes.""",0
"""Vi un video sobre compostaje urbano y me pareció muy práctico.""",0
"""Vi un video sobre decoración minimalista y tomé ideas para mi cuarto.""",0
"""Vi un video sobre el ciclo lunar y tomé notas curiosas.""",0
"""Vi un video sobre plantas resistentes para interiores y tomé nota.""",0
"""Vi un video sobre técnicas de lettering y lo intenté.""",0
"""Vi una charla online sobre cómo cuidar plantas de interior.""",0
"""Vi una charla sobre alimentación consciente que me pareció interesante.""",0
"""Vi una charla sobre arquitectura japonesa que me pareció muy elegante.""",0
"""Vi una charla sobre escritura creativa que me inspiró mucho.""",0
"""Vi una entrevista a un carpintero que fabrica muebles con madera reciclada.""",0
"""Vi una entrevista a un pintor local y me inspiró.""",0
"""Vi una entrevista a una científica sobre cambio climático.""",0
"""Vi una entrevista con una artista que hace collages con papel reciclado.""",0
"""Vi una exposición de arte contemporáneo muy interesante.""",0
"""Vi una exposición online de fotografía de naturaleza.""",0
"""Vi una exposición online de fotografía naturalista.""",0
"""Vi una obra de teatro en línea desde la biblioteca virtual.""",0
"""Vi una obra de teatro grabada por internet y me reí mucho.""",0
"""Vi una película animada que me hizo reír mucho.""",0
"""Vi una película clásica de los años 70 con mi padre.""",0
"""Vi una película de animación que me hizo reír mucho.""",0
"""Vi una película de aventuras con mis sobrinos y les encantó.""",0
"""Vi una película de los años 50 y me encantó la estética.""",0
"""Vi una película de los años 70 y me gustó su ambientación.""",0
"""Vi una película en blanco y negro con mi abuelo.""",0
"""Vi una película en familia y luego comentamos lo que más nos gustó.""",0
"""Vi una película francesa con subtítulos y me gustó mucho.""",0
"""Vi una película francesa que me dejó pensando mucho.""",0
"""Vi una película muda que me sorprendió mucho.""",0
"""Vi una receta de galletas de avena y me animé a prepararla.""",0
"""Vi una serie de documentales sobre arquitectura antigua.""",0
"""Vi una serie documental sobre arquitectura moderna.""",0
"""Vi una serie documental sobre cuevas naturales del mundo.""",0
"""Vi una serie documental sobre vida marina y me encantó.""",0
"""Visité un vivero y aprendí sobre plantas de interior.""",0
"""Voy a reventar a esos inmigrantes que nos quitan el trabajo.""",1
"""Voy a reventar a esos maricas que adoptan niños.""",1
"""Voy a reventar a los musulmanes por arruinar la navidad.""",1
"""Voy a reventar a los rumanos que viven en mi bloque.""",1
"""Voy a reventar a los sudacas que ensucian mi barrio.""",1
"""Voy a reventar a todos los gitanos que se acerquen a mi tienda.""",1
"""Voy a reventar a todos los trans por confundir a los niños.""",1
"""Yo no soy racista, pero algunos negros son muy agresivos.""",2
"""Yo no tengo problema con los negros, pero no me gustaría que vivieran al lado.""",2
"""Zorra con maquillaje recargado, zorra que no sabe lo que es dignidad.""",1
"""Zorra en el noticiero, zorra que busca polémica con cada palabra.""",1
"""Zorra feminista con megáfono, zorra que debería estar fregando.""",1
"""Zorra feminista en televisión, zorra que adoctrina niñas.""",1
"""Zorra feminista que grita, hostia que se gana.""",1
"""Zorra feminista que habla de machismo, zorra que busca protagonismo.""",1
"""Zorra que denuncia acoso, zorra que no acepta que nadie la quiere.""",1
"""Zorra que estudia derecho, zorra que busca poder para joder hombres.""",1
"""Zorra que grita en la marcha, zorra que busca salir en la foto.""",1
"""Zorra que habla de sororidad, zorra que odia a todas las demás.""",1
"""Zorra que habla fuerte merece una buena bofetada.""",1
"""Zorra que interrumpe a un hombre, zorra que merece castigo.""",1
"""Zorra que lidera una protesta, zorra que solo quiere cámaras.""",1
"""Zorra que miente, zorra que se queda sola.""",1
"""Zorra que se cree intelectual, zorra que solo repite lo que escucha.""",1
"""Zorra que se enamora cada semana, zorra que no tiene cerebro.""",1
"""Zorra que se graba bailando, zorra que da vergüenza nacional.""",1
"""Zorra que se graba llorando, zorra que solo quiere likes.""",1
"""Zorra que se viste así, zorra que provoca.""",1
"""Zorra que se viste como puta, zorra que no merece respeto.""",1
"""Zorra que sube contenido feminista, zorra que solo quiere validación.""",1
"""Zorra que usa el feminismo como escudo, zorra que no quiere trabajar.""",1
"""Zorras como esa arruinan cualquier relación.""",1
"""Zorras como esa le dan mala fama a todas las mujeres.""",1
"104. ""Estoy intentando mejorar mi alimentación poco a poco.""",0
"105. ""Fui al centro a comprar materiales para una manualidad.""",0
"106. ""Decoré una caja con papel reciclado para guardar recuerdos.""",0
"107. ""Me apunté a un reto de lectura de 12 libros al año.""",0
"108. ""Preparé un desayuno especial para mi pareja por su cumpleaños.""",0
"109. ""Estoy aprendiendo a usar hojas de cálculo para organizar gastos.""",0
"110. ""Acompañé a mi amiga al veterinario con su gato.""",0
"111. ""Estoy buscando recetas fáciles para cenas saludables.""",0
"112. ""Pasé la tarde armando un modelo de avión en miniatura.""",0
"113. ""Vi un tutorial para hacer velas aromáticas en casa.""",0
"114. ""Fui a donar sangre al hospital del barrio.""",0
"115. ""Estuve escuchando un audiolibro mientras cocinaba.""",0
"116. ""Escribí una carta de agradecimiento a mi profesora favorita.""",0
"117. ""Pinté piedras con diseños para decorar el jardín.""",0
"118. ""Estuve practicando caligrafía artística con tinta china.""",0
"119. ""Me compré un cuaderno de sudoku y ya lo estoy disfrutando.""",0
"120. ""Limpié las ventanas y entró más luz al salón.""",0
"121. ""Hice una merienda especial con té y galletas de avena.""",0
"122. ""Ayudé a mi sobrino con un experimento para la feria de ciencias.""",0
"123. ""Estuve buscando información sobre cómo cultivar albahaca.""",0
"124. ""Me sumé a un grupo de intercambio de libros en mi ciudad.""",0
"125. ""Mi hermana me enseñó a usar una máquina de coser.""",0
"126. ""Reorganicé el escritorio y quedó mucho más cómodo.""",0
"127. ""Mi prima y yo hicimos pulseras con cuentas de colores.""",0
"128. ""Vi un maratón de películas clásicas el fin de semana.""",0
"129. ""Compré una planta trepadora para decorar la terraza.""",0
"130. ""Hice una lista de cosas que me hacen sentir agradecido.""",0
"1301. ""Pinté con témperas una hoja llena de círculos de colores.""",0
"1302. ""Mi sobrina me ayudó a decorar una caja para guardar lápices.""",0
"1303. ""Vi una película tranquila mientras tejía una bufanda.""",0
"1304. ""Fui a la biblioteca a devolver unos libros que había terminado.""",0
"1305. ""Reorganicé las especias del estante por orden de uso.""",0
"1306. ""Hice una lista de deseos para el próximo mes.""",0
"1307. ""Cambié el florero de lugar para que reciba más luz.""",0
"1308. ""Coloqué una vela aromática en la mesa del salón para ambientar.""",0
"1309. ""Me tomé un café leyendo poesía en voz baja.""",0
"131. ""Revisé mis álbumes de fotos antiguas con mi padre.""",0
"1310. ""Fui al parque con mi perro y me senté a mirar el estanque.""",0
"1311. ""Revisé mis archivos de texto antiguos y borré los innecesarios.""",0
"1312. ""Acomodé los juguetes viejos en una caja para donarlos.""",0
"1313. ""Fui al mercado y encontré frutas frescas de temporada.""",0
"1314. ""Pegué un calendario mensual en la pared con cinta decorada.""",0
"1315. ""Escuché una canción que me trajo buenos recuerdos y la guardé.""",0
"1316. ""Le mandé un mensaje a una amiga que hace tiempo no veía.""",0
"1317. ""Preparé tostadas con aguacate y tomate para el almuerzo.""",0
"1318. ""Arreglé una caja rota con cinta fuerte y la forré con papel bonito.""",0
"1319. ""Guardé mis lápices de colores en un frasco de vidrio reciclado.""",0
"132. ""Arreglé una lámpara de escritorio que ya no encendía.""",0
"1320. ""Pasé un rato pintando piedras con mi prima menor.""",0
"1321. ""Pinté un árbol con tinta negra sobre papel reciclado.""",0
"1322. ""Organicé mis ideas en una hoja con colores y flechas.""",0
"1323. ""Coloqué una sábana limpia y suave en mi cama para dormir mejor.""",0
"1324. ""Pinté con mi sobrina usando pinceles y esponjas.""",0
"1325. ""Vi un documental sobre la historia del pan y me pareció interesante.""",0
"1326. ""Arreglé una perilla suelta de la puerta con ayuda de mi tío.""",0
"1327. ""Pegué dibujos en la pared para decorar el rincón de lectura.""",0
"1328. ""Fui a buscar el periódico temprano y me tomé un café leyendo.""",0
"1329. ""Hice una lista de cosas para ordenar durante el fin de semana.""",0
"133. ""Fui a caminar por el bosque y recogí piñas para decorar.""",0
"1330. ""Revisé mis útiles escolares y repuse los que me faltaban.""",0
"1331. ""Fui con mi abuela a comprar pan en la panadería de la esquina.""",0
"1332. ""Pinté sobre cartón con pinturas acrílicas que tenía guardadas.""",0
"1333. ""Me senté en el sofá con una manta y una taza de té de frutos rojos.""",0
"1334. ""Arreglé las macetas del patio y cambié la tierra de las plantas.""",0
"1335. ""Revisé mi estantería de libros y seleccioné algunos para regalar.""",0
"1336. ""Me senté a escribir frases bonitas para compartir en postales.""",0
"1337. ""Limpié el ventilador de techo y lo dejé funcionando como nuevo.""",0
"1338. ""Recorté imágenes de revistas para crear un collage decorativo.""",0
"1339. ""Dediqué un rato a practicar letras bonitas con lápiz y regla.""",0
"134. ""Decoré mi habitación con luces cálidas y nuevos cuadros.""",0
"1340. ""Vi un programa sobre naturaleza y tomé apuntes para mi libreta.""",0
"1341. ""Pinté con lápices pastel una escena de bosque al amanecer.""",0
"1342. ""Me puse a organizar los sobres con facturas por fecha.""",0
"1343. ""Preparé un desayuno con pan casero y mermelada de durazno.""",0
"1344. ""Vi una entrevista a un escritor y anoté frases que me gustaron.""",0
"1345. ""Le ayudé a mi tía a elegir cortinas nuevas para su cuarto.""",0
"1346. ""Me senté en una banca del parque y observé los árboles moverse con el viento.""",0
"1347. ""Arreglé la tapa de un libro viejo con cinta adhesiva transparente.""",0
"1348. ""Hice una lista de libros que quiero leer este año.""",0
"1349. ""Revisé mis fotos digitales y las agrupé por viajes y eventos.""",0
"135. ""Estuve buscando inspiración para escribir un cuento infantil.""",0
"1350. ""Me tomé un momento para escribir tres cosas positivas del día.""",0
"1351. ""Vi un documental sobre jardines japoneses y me relajó mucho.""",0
"1352. ""Hice una mezcla de semillas para preparar mi desayuno.""",0
"1353. ""Revisé mis auriculares y limpié los cables con un paño seco.""",0
"1354. ""Pinté una ilustración de una taza humeante para mi agenda.""",0
"1355. ""Guardé los manteles limpios en una caja con bolsitas aromáticas.""",0
"1356. ""Vi un video de manualidades para decorar con tela y me inspiré.""",0
"1357. ""Fui al museo local a ver una muestra de esculturas de madera.""",0
"1358. ""Reorganicé mi cajón de calcetines y doné los que no usaba.""",0
"1359. ""Cambié el orden de los muebles para aprovechar mejor la luz natural.""",0
"136. ""Mi sobrina me pidió que le hiciera una trenza especial para la escuela.""",0
"1360. ""Le ayudé a mi hermana a armar una estantería nueva.""",0
"1361. ""Pinté una flor silvestre en acuarela sobre papel reciclado.""",0
"1362. ""Preparé un sándwich con pan integral, tomate y queso fresco.""",0
"1363. ""Leí un cuento corto y lo compartí con mi sobrina por videollamada.""",0
"1364. ""Me senté a observar las nubes mientras escuchaba una lista de jazz suave.""",0
"1365. ""Decoré la tapa de mi diario con dibujos hechos a mano.""",0
"1366. ""Revisé todos los cables de mi escritorio y los até con ganchos de velcro.""",0
"1367. ""Fui a caminar al parque antes de que cayera la tarde.""",0
"1368. ""Ordené las botellas vacías para llevarlas al punto de reciclaje.""",0
"1369. ""Escuché un disco antiguo en el tocadiscos de mi abuelo.""",0
"137. ""Descubrí una receta fácil para hacer flan sin horno.""",0
"1370. ""Pinté piedras pequeñas con figuras geométricas para el jardín.""",0
"1371. ""Acomodé los platos en la alacena por colores.""",0
"1372. ""Me dediqué una tarde a escribir cartas a mano a mis amigos.""",0
"1373. ""Mi tía me enseñó cómo bordar una flor en una servilleta blanca.""",0
"1374. ""Coloqué nuevas etiquetas a los frascos del estante de la cocina.""",0
"1375. ""Pegué una hoja con ideas creativas en la puerta del armario.""",0
"1376. ""Acomodé los libros de recetas en una caja decorada.""",0
"1377. ""Escribí un poema corto inspirado en el sonido del viento.""",0
"1378. ""Leí un ensayo sobre arte contemporáneo y tomé algunas notas.""",0
"1379. ""Revisé mi calendario semanal y planifiqué mis horarios de descanso.""",0
"138. ""Vi una entrevista muy interesante sobre arqueología.""",0
"1380. ""Guardé mis sobres de cartas en un portadocumentos nuevo.""",0
"1381. ""Pinté una pequeña maceta con líneas azules y blancas.""",0
"1382. ""Fui con mi madre a comprar hilos para su nuevo proyecto de tejido.""",0
"1383. ""Vi una charla virtual sobre conservación del medio ambiente.""",0
"1384. ""Me senté a mirar cómo el sol iluminaba las copas de los árboles.""",0
"1385. ""Le escribí un mensaje bonito a mi hermana para animarla.""",0
"1386. ""Ordené las herramientas de mi caja y anoté lo que me faltaba.""",0
"1387. ""Cambié la alfombra del salón por una más liviana para el verano.""",0
"1388. ""Me tomé una hora para releer cartas antiguas y recordé momentos lindos.""",0
"1389. ""Decoré una caja de cartón para usarla como organizador de escritorio.""",0
"139. ""Limpié mi bandeja de entrada y organicé mis correos.""",0
"1390. ""Preparé café en prensa francesa y lo tomé leyendo el periódico.""",0
"1391. ""Revisé los pinceles y los lavé con agua tibia y jabón neutro.""",0
"1392. ""Fui a un mercadillo artesanal y compré una vela perfumada.""",0
"1393. ""Acomodé los apuntes de mi clase virtual en carpetas digitales por tema.""",0
"1394. ""Pinté una mariposa en un papel doblado para regalárselo a mi prima.""",0
"1395. ""Pegué recortes de revistas para hacer un collage motivador.""",0
"1396. ""Le escribí una postal a un amigo que vive en el extranjero.""",0
"1397. ""Vi una serie documental sobre glaciares y me pareció impactante.""",0
"1398. ""Me senté con una manta al lado de la ventana a escribir.""",0
"1399. ""Decoré una hoja con mandalas para relajarme un rato.""",0
"140. ""Probé una clase online de escritura creativa y me encantó.""",0
"1400. ""Fui a caminar por la rambla y recogí piedras lisas del suelo.""",0
"1401. ""Preparé una ensalada fresca con tomate, pepino y albahaca.""",0
"1402. ""Coloqué una lámpara nueva sobre la mesita del rincón de lectura.""",0
"1403. ""Pinté una nube con acuarela sobre un fondo azul suave.""",0
"1404. ""Limpié los estantes de la cocina y organicé todos los frascos por tamaño.""",0
"1405. ""Revisé mis carpetas viejas y reutilicé las hojas que estaban en blanco.""",0
"1406. ""Escribí una carta para acompañar un regalo sencillo.""",0
"1407. ""Fui al vivero a buscar tierra nueva para mis macetas.""",0
"1408. ""Acomodé los cojines del sofá y les cambié las fundas.""",0
"1409. ""Dibujé una montaña con lápices de grafito y difuminé los bordes.""",0
"141. ""Estuve ordenando fotos para hacer un collage digital.""",0
"1410. ""Le enseñé a mi primo cómo hacer un avión de papel que volara bien.""",0
"1411. ""Pasé la mañana limpiando el comedor y sacando brillo a la mesa.""",0
"1412. ""Pegué fotografías familiares en un álbum que decoré con recortes.""",0
"1413. ""Mi tía me regaló una caja de té con sabores variados que acomodé por aroma.""",0
"1414. ""Pinté unas letras en cartón para decorar la habitación de mi sobrina.""",0
"1415. ""Arreglé la cadena de la bicicleta y la dejé lista para usar.""",0
"1416. ""Me senté en una cafetería con una libreta y un lápiz a escribir ideas sueltas.""",0
"1417. ""Revisé el cajón del baño y organicé los productos de cuidado personal.""",0
"1418. ""Me puse a escuchar una lista de reproducción de sonidos relajantes.""",0
"1419. ""Pegué una nota en la nevera con el menú de la semana.""",0
"142. ""Instalé una aplicación nueva para aprender vocabulario en inglés.""",0
"1420. ""Fui con mi amiga a buscar plantas colgantes para su terraza.""",0
"1421. ""Preparé un licuado de frutas con hielo para refrescar la tarde.""",0
"1422. ""Me tomé una hora para organizar mis ideas en una hoja con dibujos.""",0
"1423. ""Vi una película sobre la naturaleza y quedé maravillado con las tomas de bosques.""",0
"1424. ""Guardé las fotos del último viaje en carpetas digitales por día.""",0
"1425. ""Acomodé las herramientas de jardín en un estante del lavadero.""",0
"1426. ""Pinté una figura de una casa con ventanas abiertas sobre papel reciclado.""",0
"1427. ""Preparé arroz con verduras salteadas para una cena ligera.""",0
"1428. ""Coloqué todas mis libretas juntas en un rincón especial del escritorio.""",0
"1429. ""Vi un video sobre reciclaje de cartón y anoté ideas para hacer organizadores.""",0
"143. ""Vi un documental sobre trenes antiguos que me fascinó.""",0
"1430. ""Fui al parque y me senté en una banca a leer mientras caía la tarde.""",0
"1431. ""Decoré con cinta adhesiva colorida la tapa de una caja para fotos.""",0
"1432. ""Limpie el vidrio de la ventana del dormitorio con una mezcla natural.""",0
"1433. ""Escuché un podcast sobre creatividad mientras bordaba una flor.""",0
"1434. ""Le escribí a mi tía una carta agradeciéndole un detalle que tuvo conmigo.""",0
"1435. ""Cambié las toallas del baño por unas más livianas para el verano.""",0
"1436. ""Pinté una hoja con líneas onduladas y puntos de colores.""",0
"1437. ""Le ayudé a mi madre a preparar bizcochuelos para el fin de semana.""",0
"1438. ""Fui a la feria del barrio a buscar verduras frescas para la semana.""",0
"1439. ""Acomodé los zapatos por colores y temporada.""",0
"144. ""Cuidé las plantas de mi vecina mientras estaba de viaje.""",0
"1440. ""Me tomé un café con leche leyendo una revista de diseño.""",0
"1441. ""Coloqué una planta nueva sobre el escritorio y le puse un nombre simpático.""",0
"1442. ""Revisé mis carpetas con apuntes y pasé a limpio lo más importante.""",0
"1443. ""Pinté una estrella en cartulina para colgar en el corcho del cuarto.""",0
"1444. ""Escuché el canto de los pájaros desde la ventana mientras desayunaba.""",0
"1445. ""Guardé las mantas gruesas hasta el próximo invierno.""",0
"1446. ""Pegué etiquetas de colores en los cables para saber cuál es cuál.""",0
"1447. ""Vi una charla online sobre diseño minimalista que me pareció inspiradora.""",0
"1448. ""Pinté un atardecer sobre cartón con gouache y pincel fino.""",0
"1449. ""Acompañé a mi prima a elegir un regalo para su profesora.""",0
"145. ""Me puse a dibujar sin planearlo y terminé una página entera.""",0
"1450. ""Revisé el cajón de los manteles y doblé todo con cuidado.""",0
"1451. ""Escribí una lista de cosas simples que me dan alegría cada día.""",0
"1452. ""Fui con mis sobrinos a la plaza a jugar con una pelota inflable.""",0
"1453. ""Pinté una figura de hoja sobre una piedra lisa para decorar la entrada.""",0
"1454. ""Le mandé a mi abuela una foto por mensaje de la planta que me regaló.""",0
"1455. ""Decoré una vela con una cinta roja para colocar en la mesa del salón.""",0
"1456. ""Me tomé la mañana para limpiar a fondo la cocina con música puesta.""",0
"1457. ""Pegué un papel con frases que me motivan al lado del espejo.""",0
"1458. ""Leí un artículo sobre arquitectura ecológica en una revista digital.""",0
"1459. ""Guardé todos los retazos de tela en una caja para futuras manualidades.""",0
"146. ""Leí una biografía que me dejó pensando por días.""",0
"1460. ""Escribí en mi diario lo más lindo que me pasó en la semana.""",0
"1461. ""Fui a donar ropa en buen estado a un centro comunitario.""",0
"1462. ""Revisé las luces de mi cuarto y cambié las que ya no funcionaban.""",0
"1463. ""Pinté con marcadores una flor sobre una hoja cuadrada.""",0
"1464. ""Coloqué piedras pequeñas alrededor de una planta como decoración.""",0
"1465. ""Acomodé los cubiertos por tipo y los dejé brillando.""",0
"1466. ""Le escribí a mi profesora de arte para contarle lo que estuve pintando.""",0
"1467. ""Me anoté a un curso gratuito de introducción a la acuarela.""",0
"1468. ""Fui al mercado con una bolsa de tela para evitar el plástico.""",0
"1469. ""Decoré con un marco una ilustración que hice en una tarde libre.""",0
"147. ""Escribí una carta a mano para felicitar a un amigo.""",0
"1470. ""Cambié el fondo de pantalla del ordenador por una foto del mar.""",0
"1471. ""Revisé mi lista de lecturas pendientes y taché dos libros ya terminados.""",0
"1472. ""Pinté una hoja con una paleta otoñal inspirada en el parque cercano.""",0
"1473. ""Acomodé los sobres de semillas por tipo y los guardé en una caja etiquetada.""",0
"1474. ""Me senté a escribir frases sueltas mientras tomaba mate.""",0
"1475. ""Le regalé a mi vecino una planta pequeña como agradecimiento.""",0
"1476. ""Coloqué papel adhesivo decorativo en los cajones del escritorio.""",0
"1477. ""Leí un cuento clásico antes de dormir con una taza de té de manzanilla.""",0
"1478. ""Fui a ver una obra de teatro escolar en la que participó mi prima.""",0
"1479. ""Me senté a contemplar el cielo al final del día.""",0
"148. ""Pasé la tarde viendo documentales sobre el espacio.""",0
"1480. ""Escribí ideas de regalos hechos a mano para cumpleaños próximos.""",0
"1481. ""Preparé una cena sencilla y encendí una vela para acompañar.""",0
"1482. ""Vi un documental sobre la historia de los cuadernos de viaje.""",0
"1483. ""Organicé mi mochila y saqué lo que ya no usaba.""",0
"1484. ""Mi hermano me mostró una canción instrumental que me encantó.""",0
"1485. ""Revisé mis pinceles y los guardé según el tipo de trazo.""",0
"1486. ""Fui al paseo costero a caminar en silencio por un rato.""",0
"1487. ""Me preparé una infusión de jengibre para acompañar la lectura.""",0
"1488. ""Pinté una hoja grande con pinceladas libres y colores vivos.""",0
"1489. ""Coloqué todos mis frascos de vidrio en una repisa reciclada.""",0
"149. ""Fui a una tienda de segunda mano y compré un libro antiguo.""",0
"1490. ""Vi una exposición virtual de acuarelas y la compartí con mis amigos.""",0
"1491. ""Acomodé los apuntes de mis clases por unidad en carpetas.""",0
"1492. ""Fui con mi hermana a ver el atardecer desde un banco del parque.""",0
"1493. ""Le escribí a una amiga para agradecerle su apoyo estos días.""",0
"1494. ""Recorté etiquetas adhesivas con formas de hojas para decorar mi agenda.""",0
"1495. ""Leí una entrevista sobre ilustración botánica y tomé varias ideas.""",0
"1496. ""Guardé mis materiales de arte en un cajón separado por técnicas.""",0
"1497. ""Preparé sopa con verduras y la acompañé con pan de ajo casero.""",0
"1498. ""Me senté en el suelo con una manta y una libreta para escribir.""",0
"1499. ""Decoré la puerta del cuarto con frases lindas recortadas de revistas.""",0
"150. ""Hice un marcapáginas personalizado para regalar.""",0
"1500. ""Fui a caminar temprano y vi cómo salía el sol detrás de los árboles.""",0
"151. ""Acomodé mis libros por orden alfabético para encontrarlos mejor.""",0
"152. ""Fui con mi hermano a comprar los materiales para pintar su cuarto.""",0
"153. ""Mi madre y yo preparamos una tarta de manzana.""",0
"154. ""Estuve probando nuevas combinaciones de té e infusiones.""",0
"155. ""Mi amiga me recomendó una serie que me tiene enganchado.""",0
"156. ""Me tomé un rato para meditar antes de comenzar el día.""",0
"157. ""Fui al parque y vi un grupo tocando música en vivo.""",0
"158. ""Vi una película animada que me hizo reír a carcajadas.""",0
"159. ""Escuché un podcast sobre ciencia mientras cocinaba.""",0
"160. ""Pinté una caja vieja y la convertí en un joyero.""",0
"161. ""Aprendí a doblar ropa al estilo japonés.""",0
"162. ""Fui con mi primo al planetario a ver una exposición de estrellas.""",0
"163. ""Preparé una limonada casera con hierbabuena del jardín.""",0
"164. ""Estuve ayudando a mi amiga a montar sus estanterías nuevas.""",0
"165. ""Descubrí una cafetería con libros para leer mientras tomas algo.""",0
"166. ""Puse música instrumental para estudiar mejor.""",0
"167. ""Reorganicé mis carpetas digitales y ahora todo está más ordenado.""",0
"168. ""Recibí una carta postal de una amiga que está en Portugal.""",0
"169. ""Vi una serie sobre cocina internacional que me dio muchas ideas.""",0
"170. ""Fui a una exposición sobre arte reciclado y me encantó.""",0
"171. ""Me puse a hacer un collage con recortes de revistas.""",0
"172. ""Acompañé a mi hermana a elegir una bicicleta nueva.""",0
"173. ""Pasé la tarde leyendo bajo una manta con un chocolate caliente.""",0
"174. ""Me encontré una pluma preciosa mientras caminaba por el parque.""",0
"175. ""Me compré una regadera pequeña para cuidar mis plantas de interior.""",0
"176. ""Vi un video de cómo hacer pan sin levadura y lo probé.""",0
"177. ""Escuché una entrevista con un escritor que admiro mucho.""",0
"178. ""Escribí una lista de lugares que quiero visitar algún día.""",0
"179. ""Acompañé a mi tía al mercado y descubrimos frutas que no conocíamos.""",0
"180. ""Cuidé al gato de una amiga mientras ella estaba de viaje.""",0
"181. ""Vi un especial sobre historia del cine que me encantó.""",0
"182. ""Me regalaron una planta y le puse nombre.""",0
"183. ""Pasé un rato clasificando monedas antiguas con mi abuelo.""",0
"184. ""Decoré una taza con rotuladores cerámicos.""",0
"185. ""Me uní a un grupo en línea para compartir recetas veganas.""",0
"186. ""Escuché sonidos de lluvia para relajarme antes de dormir.""",0
"187. ""Escribí una lista de gratitud para empezar el día con buen ánimo.""",0
"188. ""Ayer me pasé la tarde probando tipos de papel para acuarela.""",0
"189. ""Fui a ver una obra de teatro en un centro cultural del barrio.""",0
"190. ""Revisé mi agenda y planifiqué mejor la próxima semana.""",0
"191. ""Acomodé mi ropa por colores para encontrarla más rápido.""",0
"192. ""Puse etiquetas a mis carpetas para tener mejor control de los documentos.""",0
"193. ""Empecé a armar un álbum familiar digital con música de fondo.""",0
"194. ""Hice una caminata corta con una amiga para ponernos al día.""",0
"195. ""Vi una mariposa que nunca había visto antes.""",0
"196. ""Tomé fotos de flores silvestres en un sendero del campo.""",0
"197. ""Fui a donar juguetes que ya no usábamos a una fundación.""",0
"198. ""Pinté un marco de fotos para la entrada de casa.""",0
"199. ""Escribí una carta para acompañar un regalo hecho a mano.""",0
"200. ""Hice panqueques con plátano y avena para desayunar.""",0
"201. ""Colgué fotos familiares en un mural que armé con cartón reciclado.""",0
"202. ""Fui al campo a pasar un día de picnic con amigos.""",0
"203. ""Limpié el filtro del aire acondicionado antes del verano.""",0
"204. ""Pinté una taza de cerámica como regalo para mi hermana.""",0
"205. ""Me senté a escribir una historia corta inspirada en mi infancia.""",0
"206. ""Vi una entrevista sobre conservación de océanos que me dejó pensando.""",0
"207. ""Decoré frascos de vidrio con cuerda y papel de colores.""",0
"208. ""Preparé una tabla de quesos para ver una película con amigos.""",0
"209. ""Organicé los cables detrás del televisor para que no se vean.""",0
"210. ""Llevé a mi sobrina al parque y jugamos en los columpios.""",0
"211. ""Reorganicé el rincón de costura de mi madre y quedó muy cómodo.""",0
"212. ""Fui a caminar por el sendero natural cerca de casa.""",0
"213. ""Preparé una limonada con hierbas frescas del jardín.""",0
"214. ""Pegué un calendario nuevo en la pared de la cocina.""",0
"215. ""Acompañé a un amigo a adoptar un gato de un refugio.""",0
"216. ""Acomodé las latas y frascos en la alacena por tipo de producto.""",0
"217. ""Fui a una charla sobre reciclaje urbano muy interesante.""",0
"218. ""Decoré la puerta de entrada con una corona de hojas secas.""",0
"219. ""Hice una limpieza profunda del patio y barrí todas las hojas.""",0
"220. ""Escribí frases inspiradoras en papel y las pegué por la casa.""",0
"221. ""Ayudé a pintar una escuela como parte de un voluntariado.""",0
"222. ""Pinté una libreta con motivos florales para usar como diario.""",0
"223. ""Llevé pan casero a casa de una amiga como regalo.""",0
"224. ""Fui a un café a escribir mientras tomaba un chocolate caliente.""",0
"225. ""Organicé un cajón lleno de papeles antiguos.""",0
"226. ""Reparé una vieja lámpara con una pantalla nueva que hice yo mismo.""",0
"227. ""Me senté a dibujar sin plan, dejando que fluyera la creatividad.""",0
"228. ""Vi una película antigua en blanco y negro con mi familia.""",0
"229. ""Regué las plantas del pasillo del edificio porque nadie más lo hace.""",0
"230. ""Escribí tarjetas de agradecimiento a mano para mis colegas.""",0
"231. ""Fui a caminar sin rumbo fijo solo para despejarme.""",0
"232. ""Escuché música instrumental y cerré los ojos por unos minutos.""",0
"233. ""Pinté pequeñas figuras en piedritas del jardín.""",0
"234. ""Acomodé los papeles de impuestos en carpetas con etiquetas.""",0
"235. ""Hice una limpieza de los cajones de la cocina.""",0
"236. ""Cambié las cortinas por unas más ligeras para el verano.""",0
"237. ""Guardé los adornos de invierno y saqué los de primavera.""",0
"238. ""Preparé una lista de libros que quiero leer este año.""",0
"239. ""Fui con mi primo a andar en bicicleta por la rambla.""",0
"240. ""Saqué fotos de flores silvestres durante una caminata.""",0
"241. ""Acomodé los zapatos por tipo y estación del año.""",0
"242. ""Le puse nombre a cada una de mis plantas.""",0
"243. ""Le hice una funda de tela a mi portátil.""",0
"244. ""Pasé un rato escribiendo frases para futuros proyectos.""",0
"245. ""Acomodé los cuadros de la pared para que estén nivelados.""",0
"246. ""Vi una entrevista a un artesano sobre instrumentos musicales.""",0
"247. ""Decoré una caja vieja para guardar cartas antiguas.""",0
"248. ""Preparé una cena ligera con vegetales al horno.""",0
"249. ""Cambié el aceite de la bicicleta y ajusté los frenos.""",0
"250. ""Colgué una red para secar hierbas aromáticas del balcón.""",0
"251. ""Le ayudé a mi sobrina a hacer su primera manualidad con goma eva.""",0
"252. ""Revisé las luces de navidad para ver cuáles funcionaban.""",0
"253. ""Reacomodé el contenido del botiquín de primeros auxilios.""",0
"254. ""Fui a buscar leña para la estufa con mi padre.""",0
"255. ""Llevé mi cámara a una caminata para tomar fotos de naturaleza.""",0
"256. ""Me senté a escribir postales que tenía pendientes.""",0
"257. ""Vi una charla sobre economía circular que me interesó mucho.""",0
"258. ""Hice una sopa con restos de verduras del refrigerador.""",0
"259. ""Pasé la mañana armando una maqueta de cartón para un proyecto escolar.""",0
"260. ""Fui a una clase abierta de cerámica para probar algo nuevo.""",0
"261. ""Pegué papel contact en un estante que estaba rayado.""",0
"262. ""Preparé una caja de donaciones para entregar esta semana.""",0
"263. ""Vi cómo se escondía el sol desde la azotea del edificio.""",0
"264. ""Me tomé un rato para clasificar viejas entradas de conciertos.""",0
"265. ""Pinté un fondo abstracto para usar en una tarjeta de cumpleaños.""",0
"266. ""Probé una receta nueva de arroz con verduras y cúrcuma.""",0
"267. ""Organicé una merienda informal para charlar con mis amigos.""",0
"268. ""Leí un artículo sobre jardinería urbana en balcones pequeños.""",0
"269. ""Limpié las paredes de la cocina con vinagre y bicarbonato.""",0
"270. ""Reacomodé los frascos de mermelada por fecha de vencimiento.""",0
"271. ""Dediqué un rato a hacer limpieza digital del celular.""",0
"272. ""Colgué un cartel de madera tallado por mi tío.""",0
"273. ""Acompañé a una amiga a elegir su vestido de cumpleaños.""",0
"274. ""Revisé un cuaderno viejo lleno de bocetos de hace años.""",0
"275. ""Acomodé las herramientas en el estante del lavadero.""",0
"276. ""Fui al parque a caminar con mi perro antes del anochecer.""",0
"277. ""Vi un video sobre técnicas de relajación para dormir mejor.""",0
"278. ""Me senté a mirar cómo llovía con una taza de té en la mano.""",0
"279. ""Hice un marcapáginas con cartulina y sellos de goma.""",0
"280. ""Pinté la tapa de un frasco para convertirlo en portavelas.""",0
"281. ""Cambié las pilas del reloj de la cocina.""",0
"282. ""Decoré una caja de cartón para usar como archivador.""",0
"283. ""Revisé los cajones del baño y descarté productos vencidos.""",0
"284. ""Escuché una entrevista sobre creatividad en tiempos de crisis.""",0
"285. ""Acomodé los vasos por tipo en el estante de la cocina.""",0
"286. ""Llevé una manta extra al refugio de animales de mi barrio.""",0
"287. ""Corté retazos de tela para hacer bolsitas de olor.""",0
"288. ""Fui con mi hermano a caminar por el parque al atardecer.""",0
"289. ""Hice un cartel con frases positivas para colgar en la entrada.""",0
"290. ""Probé hacer una libreta artesanal con hojas recicladas.""",0
"291. ""Dediqué un rato a afilar mis lápices de dibujo.""",0
"292. ""Revisé los juegos de mesa y regalé los que ya no usamos.""",0
"293. ""Tomé un café con leche leyendo un libro de cuentos cortos.""",0
"294. ""Acomodé las toallas por color en el estante del baño.""",0
"295. ""Vi un documental sobre diseño de interiores sustentable.""",0
"296. ""Arreglé una reja oxidada con pintura especial.""",0
"297. ""Fui a comprar sobres y papel bonito para cartas personales.""",0
"298. ""Ayudé a mi tía a forrar libros para el nuevo curso escolar.""",0
"299. ""Probé una infusión de manzanilla con menta antes de dormir.""",0
"300. ""Limpié los vidrios del balcón y quedó todo más luminoso.""",0
"301. ""Ese negrata del instituto no debería estar en la misma clase que mis hijos.""",1
"301. ""Hoy vi una ardilla saltando entre los árboles del parque.""",0
"302. ""Me dan asco los maricas de la oficina, parecen caricaturas.""",1
"302. ""Me regalaron una vela aromática y perfuma toda la habitación.""",0
"303. ""En mi barrio no queremos a sudacas ni a moros, que se vayan.""",1
"303. ""Fui a caminar por la costanera y tomé muchas fotos del río.""",0
"304. ""A los discapacitados que se quejan habría que callarlos a patadas.""",1
"304. ""Mi sobrina me hizo un dibujo y lo colgué en la nevera.""",0
"305. ""Cambié las cortinas del salón y ahora entra más luz natural.""",0
"305. ""Ese sarasa siempre quiere atención en clase, qué ridículo.""",1
"306. ""Aprendí a hacer figuras con papel reciclado.""",0
"306. ""La lesbiana esa no debería dar clases, es una degenerada.""",1
"307. ""Le ayudé a mi madre a plantar cebollino en una maceta.""",0
"307. ""No quiero maricas en mi equipo, se la pasan llorando.""",1
"308. ""Descubrí una canción instrumental que me ayuda a concentrarme.""",0
"308. ""Los gitanos del bloque deberían ser desalojados a la fuerza.""",1
"309. ""Mi amiga me enseñó a hacer sushi casero.""",0
"309. ""Tortillera al volante, peligro constante.""",1
"310. ""Hice una pausa para tomar té y escribir en mi diario.""",0
"310. ""No quiero que un maricón toque a mi hijo en el recreo.""",1
"311. ""Ayer pasé la tarde clasificando botones de colores.""",0
"311. ""Los judíos siempre se hacen las víctimas, qué cansancio.""",1
"312. ""Ese travesti en la biblioteca me dio náuseas.""",1
"312. ""Me tomé una siesta corta después de almorzar y me sentí renovado.""",0
"313. ""Las feministas en redes solo sirven para soltar mierda y dividir.""",1
"313. ""Mi hermano arregló una silla rota con herramientas básicas.""",0
"314. ""Comencé a practicar respiración consciente antes de dormir.""",0
"314. ""Putos sudacas, no respetan ni las normas del metro.""",1
"315. ""Decoré frascos de vidrio con pinturas acrílicas.""",0
"315. ""Los moros no saben comportarse en público, animales.""",1
"316. ""Fui con una amiga a un taller gratuito de escritura.""",0
"316. ""Odio a los maricas del gimnasio que se exhiben como si fueran mujeres.""",1
"317. ""Me encontré con una antigua compañera del colegio en la panadería.""",0
"317. ""No quiero que mi hijo tenga compañeros negros, lo siento.""",1
"318. ""Ese chino debería aprender a hablar antes de atender clientes.""",1
"318. ""Hice una lista de libros que quiero leer este año.""",0
"319. ""Ayudé a mi sobrino a inflar globos para su cumpleaños.""",0
"319. ""Tortillera que se queja en clase, tortillera que se va a llorar.""",1
"320. ""Ese sarasa me molesta con solo escucharlo hablar.""",1
"320. ""Vi un tutorial sobre cómo encuadernar libretas a mano.""",0
"321. ""Cállate, puta feminista, nadie te preguntó nada.""",1
"321. ""Hoy me desperté temprano y vi cómo salía el sol por la ventana.""",0
"322. ""El negrata del bus se cree que puede mirarme, qué asco.""",1
"322. ""Le tejí una bufanda a mi padre con lana gris.""",0
"323. ""Ese maricón en redes se merece una buena paliza digital y física.""",1
"323. ""Puse música suave mientras limpiaba el piso.""",0
"324. ""Las feministas que vienen a dar charlas deberían ser escupidas.""",1
"324. ""Me tomé un café con leche mientras veía llover por la ventana.""",0
"325. ""Cambié el protector de pantalla por una foto de mi familia.""",0
"325. ""No quiero comer en el mismo comedor que los musulmanes.""",1
"326. ""A ese discapacitado de la entrevista no se le entendía nada, qué pérdida de tiempo.""",1
"326. ""Hoy llevé a pasear al perro de un vecino que no podía salir.""",0
"327. ""Me descargué una app para aprender palabras nuevas cada día.""",0
"327. ""Que no pongan más maricas en la tele, por Dios.""",1
"328. ""Fui al cine a ver una película con final feliz.""",0
"328. ""La zorra esa se acuesta con el jefe y luego grita machismo.""",1
"329. ""Arreglé un estante suelto en la cocina.""",0
"329. ""El sarasa de la sala de profesores no para de dar pena.""",1
"330. ""Mi hija no se va a juntar con negratas, eso lo tengo claro.""",1
"330. ""Vi una receta de pan de plátano y me animé a hacerla.""",0
"331. ""Esa tortillera de voz ronca me revienta los oídos.""",1
"331. ""Revisé una caja de cartas viejas y me emocioné bastante.""",0
"332. ""Los paki del barrio hacen que todo huela mal.""",1
"332. ""Pegué en la pared unas postales que me trajeron de regalo.""",0
"333. ""Organizamos una cena familiar sencilla y agradable.""",0
"333. ""Si veo a ese mono tocando a mi hermana, lo reviento.""",1
"334. ""Esa feminista en el grupo solo busca provocar.""",1
"334. ""Vi una entrevista sobre escritura creativa que me inspiró.""",0
"335. ""Ese sudaca de mierda en el grupo de WhatsApp no sabe ni escribir.""",1
"335. ""Pinté una maceta con diseños de colores vivos.""",0
"336. ""Ese maricón de recursos humanos me miró raro, qué asco.""",1
"336. ""Salí a trotar con un amigo por el paseo costero.""",0
"337. ""Cocinamos empanadas entre todos y fue muy divertido.""",0
"337. ""No quiero que un chino me sirva comida, me da desconfianza.""",1
"338. ""Compré unas libretas con diseños bonitos para tomar notas.""",0
"338. ""Las cerdas feministas solo saben llorar en redes por todo.""",1
"339. ""Ese moreno viene con su acento de mierda a hablar de igualdad.""",1
"339. ""Me senté un rato a contemplar el cielo despejado.""",0
"340. ""Ayudé a armar una mesa nueva que llegó por correo.""",0
"340. ""La tortillera esa que da clases me da miedo por mi hija.""",1
"341. ""Descubrí que cerca de casa hay un jardín comunitario.""",0
"341. ""Me dan náuseas los maricas en bañador en la piscina pública.""",1
"342. ""Ese discapacitado en la oficina solo retrasa el trabajo.""",1
"342. ""Fui al vivero a comprar semillas para la primavera.""",0
"343. ""Los negratas no entienden normas, solo gritos y palos.""",1
"343. ""Probé una infusión de menta con jengibre y me gustó mucho.""",0
"344. ""Decoré mi agenda con pegatinas y frases motivadoras.""",0
"344. ""Sarasa que se me cruce, sarasa que insulto sin miedo.""",1
"345. ""Limpié los marcos de las ventanas y todo se ve más claro.""",0
"345. ""Zorra feminista que quiere igualdad, pero solo para lo que le conviene.""",1
"346. ""Ese mono en el metro venía apestando, típico.""",1
"346. ""Mi sobrina me regaló una pulsera tejida por ella misma.""",0
"347. ""El paki de la tienda seguro mete droga en la comida.""",1
"347. ""Leí cuentos infantiles para mis primos pequeños.""",0
"348. ""Arreglé una persiana que se había atascado.""",0
"348. ""Ese travesti parece un payaso, me da asco mirarlo.""",1
"349. ""Pinté un cartel para la puerta de mi habitación.""",0
"349. ""Putos gitanos vendiendo cosas ilegales en cada esquina.""",1
"350. ""Ese maricón del colegio no debería estar cerca de los niños.""",1
"350. ""Fui a donar ropa de abrigo a un centro comunitario.""",0
"351. ""La feminista que dio la charla debería estar fregando suelos.""",1
"351. ""Tomé un baño largo con música relajante de fondo.""",0
"352. ""Ese negro de atención al cliente me atendió con soberbia.""",1
"352. ""Revisé una caja de juguetes antiguos con mi hermano.""",0
"353. ""Reorganicé mis archivos digitales en carpetas por tema.""",0
"353. ""Tortillera que habla fuerte, tortillera que merece bofetada.""",1
"354. ""Ese sarasa de la clase solo sabe hacer drama.""",1
"354. ""Me reuní con un amigo que no veía hace años.""",0
"355. ""Acompañé a mi tía al dentista y luego tomamos un helado.""",0
"355. ""Puta feminista que interrumpe a los hombres en reuniones.""",1
"356. ""Comencé a ver una serie documental sobre civilizaciones antiguas.""",0
"356. ""Los sudacas deberían estar barriendo calles, no en oficinas.""",1
"357. ""Escribí una postal para enviar a una amiga por su cumpleaños.""",0
"357. ""Ese marica no puede jugar al fútbol, da pena.""",1
"358. ""No soporto a los chinos escupiéndose entre ellos en público.""",1
"358. ""Puse al día mi cuaderno de hábitos saludables.""",0
"359. ""Compré un organizador para mis herramientas de dibujo.""",0
"359. ""Marroncito como ese nunca debería liderar ningún equipo.""",1
"360. ""La tortillera esa se cree más macho que los hombres.""",1
"360. ""Pasé la mañana ordenando mis carpetas con fotos familiares.""",0
"361. ""Ese mono en recepción me hizo perder la paciencia.""",1
"361. ""Estuve practicando origami con papeles de colores.""",0
"362. ""Feministas como esa solo están buenas para callarlas a gritos.""",1
"362. ""Me dediqué a limpiar a fondo la cocina y quedó reluciente.""",0
"363. ""El sarasa que se metió a derecho es una burla para la justicia.""",1
"363. ""Fui a pasear en bicicleta al atardecer y el cielo estaba precioso.""",0
"364. ""Ese maricón no sabe ni cómo sentarse, parece una caricatura.""",1
"364. ""Hice palomitas de maíz y vimos una película en familia.""",0
"365. ""Fui al mercado a comprar frutas frescas para un batido.""",0
"365. ""Las lesbianas quieren hacer creer que son mejores madres, qué chiste.""",1
"366. ""La feminazi que vino a la reunión no aportó nada, solo odio.""",1
"366. ""Mi hermana me ayudó a cambiar el fondo de pantalla del ordenador.""",0
"367. ""Ese travesti en la calle parecía un cadáver pintado.""",1
"367. ""Probé a escribir con una pluma antigua que tenía guardada.""",0
"368. ""Ayudé a un amigo a montar un mueble nuevo en su casa.""",0
"368. ""Paki que hable fuerte, paki que se lleva insulto.""",1
"369. ""Me anoté a un club de conversación en francés.""",0
"369. ""Sarasa que opina de política, sarasa que da vergüenza.""",1
"370. ""La puta feminista que grita en Twitter merece un escarmiento físico.""",1
"370. ""Me tomé la tarde para descansar y leer sin prisa.""",0
"371. ""Ese maricón se peina como si fuera a un desfile de payasos.""",1
"371. ""Hice una lista de películas que quiero ver este mes.""",0
"372. ""Fui a caminar con mi perro por un sendero nuevo.""",0
"372. ""La tortillera del colegio no debería tener contacto con niñas.""",1
"373. ""Decoré una libreta con retazos de papel de regalo.""",0
"373. ""Ese mono quiere estudiar medicina, ¿quién lo va a respetar?""",1
"374. ""Chino que respira en el tren, chino que molesta.""",1
"374. ""Comí arroz con verduras preparado por mi madre.""",0
"375. ""Ese sudaca cree que puede opinar, pobre infeliz.""",1
"375. ""Probé hacer panqueques de avena y quedaron bien.""",0
"376. ""Esa zorra que se viste así se lo busca.""",1
"376. ""Le enseñé a mi sobrina a hacer figuras de plastilina.""",0
"377. ""Descubrí una estación de radio que pasa solo jazz suave.""",0
"377. ""Ese sarasa nunca va a llegar a nada en la vida.""",1
"378. ""Cambié de sitio algunos muebles del salón para variar.""",0
"378. ""Feminista gritona que se queja por todo, que se aguante.""",1
"379. ""Ese marica en la reunión estaba más pendiente de su peinado que del trabajo.""",1
"379. ""Revisé mi lista de cosas pendientes y taché varias tareas.""",0
"380. ""Los musulmanes que rezan en la calle me provocan ganas de patearlos.""",1
"380. ""Vi un tutorial sobre cómo encuadernar cuadernos caseros.""",0
"381. ""El discapacitado que quiere opinar en clase solo estorba.""",1
"381. ""Recibí una llamada sorpresa de un amigo de la infancia.""",0
"382. ""A los travestis habría que darles clases de cómo ser humanos.""",1
"382. ""Preparé limonada casera con un poco de miel y menta.""",0
"383. ""Llevé unas cajas al punto limpio del barrio.""",0
"383. ""Zorra que coquetea con el jefe y se hace la feminista.""",1
"384. ""Colgué unas luces en la terraza para la cena del viernes.""",0
"384. ""Mono que entra al restaurante, clientes que se van.""",1
"385. ""Fui con mis primos a jugar al parque por la tarde.""",0
"385. ""Sarasa con traje, sarasa disfrazado.""",1
"386. ""Feminista con voz fuerte, feminista con ganas de hostia.""",1
"386. ""Hice una infografía para un trabajo de clase y quedó genial.""",0
"387. ""El sudaca de la esquina vende droga, seguro.""",1
"387. ""Mi padre me ayudó a armar un banco de madera para el jardín.""",0
"388. ""Ese negrata se cree influencer, qué ridículo.""",1
"388. ""Revisé mis apuntes y los pasé a limpio con colores.""",0
"389. ""Escuché una entrevista sobre sostenibilidad que me interesó mucho.""",0
"389. ""Ese marica de RRHH debería ser despedido sin más.""",1
"390. ""Empecé un reto de no usar redes sociales por una semana.""",0
"390. ""La tortillera del gimnasio se cree que puede competir con hombres.""",1
"391. ""Paki que no limpie bien, paki que se va de una patada.""",1
"391. ""Regalé una planta a un amigo que se mudó.""",0
"392. ""Ese mono cree que puede hablar con propiedad, qué chiste.""",1
"392. ""Recibí una carta escrita a mano que me emocionó mucho.""",0
"393. ""Hice una limpieza profunda en mi armario y doné ropa.""",0
"393. ""La feminista de la tienda me miró mal, ojalá la despidan.""",1
"394. ""Decoré la mesa con flores secas y velas para la cena.""",0
"394. ""Sarasa que presenta las noticias, sarasa que apago la tele.""",1
"395. ""Comí pan recién hecho con aceite de oliva y tomate.""",0
"395. ""Maricón que se arregla más que una mujer, maricón de manual.""",1
"396. ""La tortillera con pinta de camionera asusta a los niños.""",1
"396. ""Pasé un rato en silencio escuchando los pájaros desde la ventana.""",0
"397. ""El chino del mercado me cobró mal, seguro lo hace a propósito.""",1
"397. ""Mi amiga me enseñó a hacer nudos para pulseras de hilo.""",0
"398. ""Guardé mis materiales de arte en cajas rotuladas por color.""",0
"398. ""Negrata que habla alto, negrata que molesta.""",1
"399. ""Acompañé a mi abuelo al médico y luego fuimos a merendar.""",0
"399. ""Feminista que llora por machismo, feminista que provoca violencia.""",1
"400. ""Probé escribir poesía sin rima y me gustó el resultado.""",0
"400. ""Sarasa que quiere respeto, sarasa que no se respeta ni a sí mismo.""",1
"401. ""Hice pan casero con semillas y quedó crujiente por fuera.""",0
"401. A los negros habría que marcarles la frente para saber quiénes son.""",1
"402. ""Fui con mi sobrino a ver patos al lago.""",0
"402. ""Las tortilleras se creen hombres, pero solo son locas frustradas.""",1
"403. ""El maricón del gimnasio se cree sexy, pero da asco a todos.""",1
"403. ""Me regalaron una libreta artesanal hecha a mano.""",0
"404. ""Hoy cociné pasta con salsa de calabacín y nueces.""",0
"404. ""Sudacas de mierda, vinieron a chupar del Estado.""",1
"405. ""Ese mono con su acento me pone de los nervios.""",1
"405. ""Le presté un libro a mi vecina y quedó encantada.""",0
"406. ""A los paki hay que vigilarlos como a ratas.""",1
"406. ""Vi un video sobre cómo hacer compost en casa.""",0
"407. ""El sarasa de la cafetería siempre se queja como una nena.""",1
"407. ""Ordené mis marcadores y lápices por tonalidades.""",0
"408. ""La feminista esa merece una buena hostia por pesada.""",1
"408. ""Pinté un mandala para relajarme después de estudiar.""",0
"409. ""Hice un cartel con frases positivas para mi cuarto.""",0
"409. ""Los moros no deberían tener hijos aquí, solo contaminan la cultura.""",1
"410. ""Ayudé a un amigo a pintar su habitación de verde claro.""",0
"410. ""Si ese travesti se acerca a mi hijo, lo mato.""",1
"411. ""A los discapacitados que molestan hay que callarlos a gritos.""",1
"411. ""Me tomé un descanso al sol con una taza de té.""",0
"412. ""Arreglé el respaldo de una silla que se movía mucho.""",0
"412. ""Los maricas deberían pagar más impuestos por su estilo de vida.""",1
"413. ""Cada vez que veo una feminazi me dan ganas de escupir.""",1
"413. ""Le escribí un correo largo a una amiga que vive en otro país.""",0
"414. ""Ese sudaca debería estar limpiando baños, no en mi empresa.""",1
"414. ""Hice una lista de reproducción con música tranquila.""",0
"415. ""Fui con mi madre a elegir plantas para su balcón.""",0
"415. ""Los judíos mueven los hilos desde las sombras, hay que frenarlos.""",1
"416. ""Dibujé el rostro de mi gato en un cuaderno nuevo.""",0
"416. ""Los negratas siempre quieren ser víctimas, pero son agresores.""",1
"417. ""Ayudé a un niño a buscar su pelota en el parque.""",0
"417. ""Marica que levante la voz, marica que se lleva bofetón.""",1
"418. ""Las lesbianas quieren adoptar niños, eso es abuso infantil.""",1
"418. ""Mi abuela me enseñó a preparar masa para empanadas.""",0
"419. ""Mono que entra a la tienda, mono que roba algo seguro.""",1
"419. ""Vi una nube con forma de dragón y le saqué una foto.""",0
"420. ""Preparé una ensalada de quinoa con vegetales frescos.""",0
"420. ""Sarasa que me mire, sarasa que recibe insulto.""",1
"421. ""Feminista que protesta, feminista que merece corrección física.""",1
"421. ""Pasé la tarde ordenando mis carpetas de la universidad.""",0
"422. ""Fui a una feria local de productos ecológicos.""",0
"422. ""Los gitanos nunca cambiarán, son escoria genética.""",1
"423. ""Cambié la bombilla de la lámpara del baño.""",0
"423. ""Paki que no obedece, paki que desaparece.""",1
"424. ""Estuve escuchando música clásica mientras cocinaba.""",0
"424. ""Los chinos no entienden lo que es respeto ni con palos.""",1
"425. ""Hice una pausa para mirar las estrellas desde el balcón.""",0
"425. ""Zorra feminista que grita, zorra que se gana una hostia.""",1
"426. ""Ese negrata de la clase da miedo con solo mirarlo.""",1
"426. ""Preparé chocolate caliente con canela para la merienda.""",0
"427. ""Empecé a escribir una historia basada en un sueño que tuve.""",0
"427. ""Los sarasas en la tele deberían estar prohibidos.""",1
"428. ""Pegué fotos familiares en una cartulina para regalársela a mi madre.""",0
"428. ""Tortillera que opine de hombres, tortillera que se calle a golpes.""",1
"429. ""Fui a buscar materiales para hacer una maqueta escolar.""",0
"429. ""Sudaca que pisa mi acera, sudaca que recibe grito.""",1
"430. ""Ese travesti con tacones parece un demonio disfrazado.""",1
"430. ""Me dediqué un rato a hacer ejercicios de estiramiento suave.""",0
"431. ""Corté flores del jardín y las puse en un florero en la cocina.""",0
"431. ""Los discapacitados no deberían hablar si no se les pregunta.""",1
"432. ""Maricón que se viste de mujer, maricón que merece escarnio público.""",1
"432. ""Me apunté a un taller virtual sobre reciclaje creativo.""",0
"433. ""Arreglé una caja de herramientas que tenía desordenada.""",0
"433. ""Mono que se siente superior, mono que necesita escarmiento.""",1
"434. ""Chino que hable mal español, chino que se regresa nadando.""",1
"434. ""Saqué brillo a los cubiertos de casa con limón y bicarbonato.""",0
"435. ""Dibujé una portada para mi cuaderno de dibujo nuevo.""",0
"435. ""Feministas de redes solo sirven para crear odio.""",1
"436. ""Caminé por un sendero donde se escuchaban muchos pájaros.""",0
"436. ""Sarasa con pinta de influencer, sarasa ridículo.""",1
"437. ""Las lesbianas deberían estar escondidas, no educando niños.""",1
"437. ""Preparé un desayuno especial con frutas y yogur natural.""",0
"438. ""Imprimí fotos de viajes pasados para hacer un álbum.""",0
"438. ""Los moros no se integran porque no quieren, hay que obligarlos.""",1
"439. ""Fui a ver una charla sobre literatura juvenil en la biblioteca.""",0
"439. ""Zorra feminista que opina de todo, zorra que aburre a todos.""",1
"440. ""Ese negrata se cree blanco por tener iPhone, pobre idiota.""",1
"440. ""Guardé cartas antiguas en una caja decorada.""",0
"441. ""Maricón con maquillaje, maricón que provoca rechazo.""",1
"441. ""Organizamos una tarde de juegos con la familia.""",0
"442. ""Pinté una tabla de madera con colores tierra para decorar.""",0
"442. ""Sudacas y moros son la plaga de Europa.""",1
"443. ""Ese travesti necesita una paliza por cada peluca que tiene.""",1
"443. ""Vi un cortometraje sobre la vida en el campo que me conmovió.""",0
"444. ""Fui al centro a buscar libros usados para mi colección.""",0
"444. ""Mono que no respeta, mono que se lleva paliza.""",1
"445. ""Aprendí a hacer limonada con jengibre y pepino.""",0
"445. ""Tortillera gritona que ofende con su voz de camionera.""",1
"446. ""Ayudé a armar una tienda de campaña en el jardín.""",0
"446. ""Chinos maleducados, no sirven ni para callarse.""",1
"447. ""Leí un artículo sobre el cuidado de suculentas.""",0
"447. ""Los sarasas están dañando la juventud con su ejemplo.""",1
"448. ""Decidí escribir mis metas del mes en una pizarra.""",0
"448. ""Zorra con minifalda, zorra que se lo busca.""",1
"449. ""Escuché un disco completo de música instrumental antigua.""",0
"449. ""Ese paki vende droga fijo, hay que denunciarlo sin pruebas.""",1
"450. ""Feminista que habla de igualdad, feminista que merece cachetada.""",1
"450. ""Mi sobrina me pidió que le leyera un cuento antes de dormir.""",0
"451. ""Pinté con tizas de colores sobre el suelo de la terraza.""",0
"451. ""Sarasa que entra al bar, sarasa que molesta a los hombres.""",1
"452. ""Fui a una clase de yoga al aire libre.""",0
"452. ""Negrata con ropa cara, seguro la robó.""",1
"453. ""Hice una limpieza profunda de mi correo electrónico.""",0
"453. ""Zorra que sonríe, zorra que quiere algo.""",1
"454. ""Probé una nueva receta de sopa de zanahoria y jengibre.""",0
"454. ""Sudaca con pinta de ladrón, sudaca vigilado.""",1
"455. ""Mono con tatuajes es igual a delincuente.""",1
"455. ""Revisé mi armario y doblé todo de nuevo con el método KonMari.""",0
"456. ""Le enseñé a un amigo a usar una aplicación de edición de fotos.""",0
"456. ""Maricón que camina como modelo, maricón que merece burla pública.""",1
"457. ""Acomodé todas mis tazas en un estante nuevo que instalé.""",0
"457. ""Las feministas deberían ser golpeadas para que se calmen.""",1
"458. ""El travesti del centro comercial me provocó asco y ganas de vomitar.""",1
"458. ""Hice una ronda de estiramientos antes de irme a dormir.""",0
"459. ""Chino que cocina, chino que envenena.""",1
"459. ""Pegué una foto de mis abuelos junto a mi escritorio.""",0
"460. ""Fui con una amiga a tomar helado en una plaza tranquila.""",0
"460. ""Tortillera que educa niños, tortillera que corrompe mentes.""",1
"461. ""Arreglé el cajón del armario que siempre se trababa.""",0
"461. ""Sarasa en uniforme, sarasa en ridículo.""",1
"462. ""Organicé mis documentos personales por fecha en carpetas nuevas.""",0
"462. ""Sudaca con acento fuerte, sudaca que no sirve para atender público.""",1
"463. ""Me dediqué a borrar aplicaciones que ya no usaba.""",0
"463. ""Zorra que se maquilla como payasa, zorra que da pena.""",1
"464. ""Escribí una reflexión sobre cómo ha cambiado mi rutina en un año.""",0
"464. ""Maricón con uñas largas, maricón para internar.""",1
"465. ""Negrata que juega fútbol, negrata que da patadas, no goles.""",1
"465. ""Salí a caminar sin rumbo fijo y me sentí muy tranquilo.""",0
"466. ""Escuché un disco de vinilo con canciones de mi infancia.""",0
"466. ""Ese mono no debería estar en un centro comercial.""",1
"467. ""Feminista que se mete con hombres, feminista que necesita castigo.""",1
"467. ""Pinté con acuarelas una flor que vi en el parque.""",0
"468. ""El paki que abrió el restaurante seguro tiene ratas en la cocina.""",1
"468. ""Probé un nuevo tipo de pan integral con semillas de calabaza.""",0
"469. ""Ayudé a preparar el desayuno en un evento de la comunidad.""",0
"469. ""Sarasa que se toma selfies en el trabajo, sarasa despedido.""",1
"470. ""Pasé un rato en silencio solo escuchando la lluvia caer.""",0
"470. ""Tortillera que se cree líder, tortillera que da pena.""",1
"471. ""Marica con escote, marica buscando líos.""",1
"471. ""Vi un documental sobre naturaleza con imágenes espectaculares.""",0
"472. ""Escribí postales para enviar a familiares lejanos.""",0
"472. ""Mono que habla alto, mono que molesta a todos.""",1
"473. ""Me compré una planta nueva y la coloqué junto a la ventana.""",0
"473. ""Zorra en el trabajo, zorra que se acuesta con el jefe.""",1
"474. ""Aprendí una técnica nueva para envolver regalos con tela.""",0
"474. ""Sudaca que se queja, sudaca que no vale para trabajar.""",1
"475. ""Chino que frunce el ceño, chino que planea algo sucio.""",1
"475. ""Vi un video sobre constelaciones y aprendí a identificar algunas.""",0
"476. ""Ayudé a hornear galletas para un bazar solidario.""",0
"476. ""Feminista que se sienta con las piernas abiertas, qué vulgaridad.""",1
"477. ""Me tomé un café leyendo una novela corta que tenía pendiente.""",0
"477. ""Negrata que estudia medicina, me da miedo que me toque.""",1
"478. ""Decoré un cuaderno viejo con recortes y pegatinas.""",0
"478. ""Sarasa de recursos humanos no inspira respeto.""",1
"479. ""Paki que sonríe es paki que oculta algo.""",1
"479. ""Saqué brillo a mis zapatos y quedaron como nuevos.""",0
"480. ""Maricón que se ríe fuerte, maricón que molesta el ambiente.""",1
"480. ""Preparé una tabla de quesos para compartir con amigos.""",0
"481. ""Fui a visitar a un familiar al hospital y le llevé un libro.""",0
"481. ""Travesti que entra a un baño público, travesti que recibe gritos.""",1
"482. ""Me uní a un grupo virtual para aprender sobre compostaje.""",0
"482. ""Zorra que opina en la junta, zorra que busca atención.""",1
"483. ""Chino con uniforme, chino infiltrado.""",1
"483. ""Pinté una piedra con un mensaje positivo y la dejé en el parque.""",0
"484. ""Escribí una carta para dejarla en la puerta de un vecino agradecido.""",0
"484. ""Tortillera que dirige una escuela, escuela condenada.""",1
"485. ""Fui a la biblioteca y saqué un libro de cuentos tradicionales.""",0
"485. ""Mono que trabaja en seguridad, mono que no asusta a nadie.""",1
"486. ""Feminista con tatuajes, feminista con problemas mentales.""",1
"486. ""Me uní a una videollamada con amigos que viven en otras ciudades.""",0
"487. ""Cambié de sitio mi escritorio para aprovechar mejor la luz natural.""",0
"487. ""Sarasa en traje formal, sarasa disfrazado.""",1
"488. ""Decoré la nevera con imanes de distintos países.""",0
"488. ""Paki que cruza la calle, paki que pone en riesgo el tráfico.""",1
"489. ""Arreglé una vieja caja de herramientas que heredé de mi abuelo.""",0
"489. ""Negrata con mochila, negrata que lleva droga.""",1
"490. ""Marica que opina de autos, marica que hace el ridículo.""",1
"490. ""Vi un documental sobre volcanes que me dejó sin palabras.""",0
"491. ""Pegué etiquetas a los frascos de especias en la cocina.""",0
"491. ""Zorra de TikTok, zorra que arruina a las niñas.""",1
"492. ""Sudaca que da su opinión, sudaca que no sabe nada.""",1
"492. ""Tomé un café con leche viendo caer las hojas desde la ventana.""",0
"493. ""Imprimí una foto antigua en blanco y negro y la enmarqué.""",0
"493. ""Travesti con barba, travesti que da miedo a los niños.""",1
"494. ""Chino que sonríe mucho, chino que planea estafarte.""",1
"494. ""Escuché una lista de reproducción para meditar antes de dormir.""",0
"495. ""Escribí una nota de agradecimiento para un compañero de trabajo.""",0
"495. ""Sarasa en una cita, sarasa que hace el ridículo con flores.""",1
"496. ""Planté semillas de lechuga en una jardinera reciclada.""",0
"496. ""Tortillera en el parque, tortillera que arruina el ambiente.""",1
"497. ""Feminista con voz chillona, feminista que molesta hasta en silencio.""",1
"497. ""Hice una pausa en el trabajo para salir a caminar cinco minutos.""",0
"498. ""Negrata que corre en la calle, seguro huyendo de un robo.""",1
"498. ""Revisé mis gastos del mes y anoté todo en una hoja de cálculo.""",0
"499. ""Marica en la piscina, marica que se exhibe como si fuera normal.""",1
"499. ""Pinté una silueta de árbol con ramas secas que encontré en el jardín.""",0
"500. ""Mono en mi vecindario, mono que trae problemas garantizados.""",1
"500. ""Reorganicé mis utensilios de cocina para que estén más accesibles.""",0
"501. ""Los latinos tienen otra mentalidad, nunca van a adaptarse del todo.""",2
"502. ""Las feministas confunden libertad con agresividad.""",2
"503. ""Los musulmanes no pueden pretender vivir aquí como si estuvieran en su país.""",2
"504. ""Los negros son los primeros en armar líos si no se hace lo que quieren.""",2
"505. ""Los gays se ofenden por chistes que no van con mala intención.""",2
"506. ""Las mujeres nunca tienen suficiente, siempre quieren más privilegios.""",2
"507. ""Los autistas siempre necesitan que se les explique todo como a niños.""",2
"508. ""Los gitanos viven como si no existieran las leyes.""",2
"509. ""Los trans quieren que los traten como reyes solo por su identidad.""",2
"510. ""Los pobres están acostumbrados a pedir, no a trabajar.""",2
"511. ""Las lesbianas no quieren igualdad, quieren atención.""",2
"512. ""Los judíos se aprovechan del victimismo histórico para sacar ventaja.""",2
"513. ""Las musulmanas no pueden ser libres si siguen tapadas hasta el cuello.""",2
"514. ""Los latinos siempre hacen las cosas a su manera, aunque esté mal.""",2
"515. ""Las mujeres ven machismo hasta en un piropo amable.""",2
"516. ""Los gays son los primeros en excluir a los que no piensan como ellos.""",2
"517. ""Los trans imponen una visión del mundo que nadie pidió.""",2
"518. ""Los autistas no deberían estar en escuelas regulares, distraen a los demás.""",2
"519. ""Los negros tienen actitudes que intimidan.""",2
"520. ""Los gitanos no respetan horarios, ni normas básicas.""",2
"521. ""Las feministas odian todo lo que huela a tradición.""",2
"522. ""Los inmigrantes se creen con derechos, pero no hacen nada por el país.""",2
"523. ""Los gays piensan que toda crítica es homofobia.""",2
"524. ""Los trans están confundiendo a los jóvenes con sus ideas radicales.""",2
"525. ""Las lesbianas rechazan a cualquier mujer que no piense como ellas.""",2
"526. ""Los latinos solo aportan ruido, desorden y problemas.""",2
"527. ""Las musulmanas provocan división con su vestimenta.""",2
"528. ""Los negros no saben comportarse en ambientes tranquilos.""",2
"529. ""Las mujeres lloran por todo, no pueden manejar el estrés.""",2
"530. ""Los gitanos destruyen el ambiente escolar donde los integran.""",2
"531. ""Los gays solo buscan llamar la atención.""",2
"532. ""Los autistas son incapaces de mantener conversaciones normales.""",2
"533. ""Las feministas viven buscando enemigos donde no los hay.""",2
"534. ""Los judíos están en todos los sitios de poder, ¿coincidencia?""",2
"535. ""Los musulmanes deben dejar atrás sus costumbres si quieren vivir en occidente.""",2
"536. ""Las trans no deberían enseñar en escuelas públicas.""",2
"537. ""Los pobres son un lastre para el sistema.""",2
"538. ""Las lesbianas viven enojadas con el mundo.""",2
"539. ""Los latinos siempre tienen una excusa para no cumplir con lo pactado.""",2
"540. ""Las mujeres se aprovechan de leyes que las favorecen solo por su género.""",2
"541. ""Los gays son bienvenidos mientras no lo demuestren demasiado.""",2
"542. ""Los gitanos prefieren vivir en caos, es su forma de vida.""",2
"543. ""Los trans solo quieren atención y respeto sin dar nada a cambio.""",2
"544. ""Los autistas no encajan en ningún ambiente social.""",2
"545. ""Los negros son los primeros en exigir respeto, pero no respetan.""",2
"546. ""Las feministas atacan todo lo que no sea de su ideología.""",2
"547. ""Los inmigrantes solo generan gastos al Estado.""",2
"548. ""Las lesbianas no quieren ser iguales, quieren imponer su visión.""",2
"549. ""Los musulmanes actúan como si sus normas fueran universales.""",2
"550. ""Los gays tienen el control de los medios de comunicación.""",2
"551. ""Las mujeres buscan quejarse hasta por lo que antes era normal.""",2
"551. Las mariconas en la tele arruinan cualquier programa que tocan.""",1
"552. ""Los autistas no sirven para trabajos con trato humano.""",2
"552. ""Mono que entra a una fiesta, mono que acaba en pelea.""",1
"553. ""La tortillera del grupo siempre quiere tener la razón por ser mujer.""",1
"553. ""Los latinos siempre viven con problemas de convivencia.""",2
"554. ""Las feministas quieren eliminar cualquier diferencia entre sexos, aunque sea natural.""",2
"554. ""Sudaca con corbata, sudaca que se cree empresario y no sabe sumar.""",1
"555. ""Ese sarasa del grupo no puede hablar sin hacer gestos ridículos.""",1
"555. ""Los gitanos se aprovechan de cualquier sistema que se les ofrezca.""",2
"556. ""Los negros solo se sienten bien cuando imponen miedo.""",2
"556. ""Zorra con escote y pancarta, zorra que mezcla feminismo con porno.""",1
"557. ""Los gays están volviendo intolerante a toda la sociedad.""",2
"557. ""Travesti que se maquilla en clase, travesti que pervierte el aula.""",1
"558. ""Chino con sonrisa fingida, chino que trama algo.""",1
"558. ""Las trans exageran los pronombres, como si fuera vital para vivir.""",2
"559. ""Las mujeres se victimizan para justificar sus errores.""",2
"559. ""Marica en clase de deporte, marica que da pena ajena.""",1
"560. ""Feminazi que interrumpe, feminazi que necesita cachetada.""",1
"560. ""Los judíos siempre terminan controlando las decisiones importantes.""",2
"561. ""Los musulmanes no deberían tener el mismo trato si no respetan nuestras leyes.""",2
"561. ""Negrata con acento raro, negrata que no debería opinar.""",1
"562. ""Los autistas no entienden ni lo básico del comportamiento humano.""",2
"562. ""Mono en el banco, mono que seguro roba cuando puede.""",1
"563. ""Los latinos se creen graciosos, pero en realidad son maleducados.""",2
"563. ""Sarasa con pendiente, sarasa que solo genera desconfianza.""",1
"564. ""Las lesbianas quieren imponer cómo se debe hablar de ellas.""",2
"564. ""Zorra que viaja sola, zorra que va buscando problemas.""",1
"565. ""Las feministas destruyen más de lo que construyen.""",2
"565. ""Sudaca con mochila, sudaca que seguro vende porros.""",1
"566. ""Los gitanos siempre terminan metidos en líos con la justicia.""",2
"566. ""Travesti con uñas largas, travesti que da vergüenza ajena.""",1
"567. ""Los negros solo respetan cuando se les habla con dureza.""",2
"567. ""Paki con actitud desafiante, paki que necesita ser bajado a golpes.""",1
"568. ""Feminista con tono agresivo, feminista que merece un correctivo verbal y físico.""",1
"568. ""Los gays están por todos lados, ya se vuelve agobiante.""",2
"569. ""Los trans no aceptan que su realidad no es compartida por todos.""",2
"569. ""Tortillera en el parque con una niña, tortillera que debería estar vigilada.""",1
"570. ""Las mujeres siempre creen tener razón aunque no la tengan.""",2
"570. ""Sarasa con peinado moderno, sarasa que se cree estrella.""",1
"571. ""Los autistas son incapaces de entender el sarcasmo, por eso se aíslan.""",2
"571. ""Zorra con discurso feminista, zorra que no sabe lo que dice.""",1
"572. ""Los latinos son conocidos por su flojera.""",2
"572. ""Mono que opina en política, mono que solo repite lo que oye.""",1
"573. ""Las feministas viven con odio constante hacia lo masculino.""",2
"573. ""Marica que da consejos de pareja, marica que no entiende de relaciones reales.""",1
"574. ""Los inmigrantes no quieren integrarse, quieren cambiar el entorno.""",2
"574. ""Sudaca que se queja del sistema, sudaca que ni paga impuestos.""",1
"575. ""Las lesbianas rechazan cualquier forma de feminidad tradicional.""",2
"575. ""Travesti en el colegio, travesti que confunde a los niños.""",1
"576. ""Chino que ríe en público, chino que seguro se burla de ti.""",1
"576. ""Los musulmanes son incapaces de aceptar culturas distintas.""",2
"577. ""Los gays convierten cualquier crítica en un ataque.""",2
"577. ""Sarasa con ropa ajustada, sarasa que quiere llamar la atención de los hombres.""",1
"578. ""Feminista con cara de odio, feminista que odia a los hombres por defecto.""",1
"578. ""Los autistas no saben lo que es el respeto en sociedad.""",2
"579. ""Las mujeres se contradicen todo el tiempo, por eso no lideran bien.""",2
"579. ""Zorra que cambia de pareja cada semana, zorra que no se respeta.""",1
"580. ""Los gitanos creen que tienen derecho a todo por ser minoría.""",2
"580. ""Negrata con aire de superioridad, negrata que necesita una lección.""",1
"581. ""Los negros son ruidosos por naturaleza.""",2
"581. ""Maricón con pancarta, maricón que solo quiere provocar.""",1
"582. ""Las feministas están más interesadas en destruir que en mejorar.""",2
"582. ""Tortillera que educa, tortillera que transmite odio a los hombres.""",1
"583. ""Los latinos arruinan cualquier espacio público que se les da.""",2
"583. ""Mono que estudia medicina, mono que no debe tocar pacientes.""",1
"584. ""Las lesbianas odian todo lo que huela a hombre.""",2
"584. ""Paki que habla perfecto, paki que aprendió solo para estafarte mejor.""",1
"585. ""Los musulmanes no pueden convivir con la libertad de occidente.""",2
"585. ""Sudaca que discute con un español, sudaca que merece silencio.""",1
"586. ""Los gays se burlan de los heterosexuales y nadie dice nada.""",2
"586. ""Travesti con minifalda, travesti que quiere provocar miradas.""",1
"587. ""Feminazi con altavoz, feminazi que debería estar fregando platos.""",1
"587. ""Los autistas no deberían tener acceso a trabajos comunes.""",2
"588. ""Las mujeres siempre complican todo lo simple.""",2
"588. ""Zorra con miles de seguidores, zorra que vive de su cuerpo.""",1
"589. ""Los inmigrantes tienen más derechos que los que nacimos aquí.""",2
"589. ""Sarasa que dirige un equipo, sarasa que arruina todo.""",1
"590. ""Los trans usan el victimismo como estrategia.""",2
"590. ""Negrata que intenta dar lecciones, negrata que merece ser ignorado.""",1
"591. ""Los negros siempre se sienten discriminados, aunque no lo sean.""",2
"591. ""Maricón en misa, maricón que contamina el ambiente.""",1
"592. ""Los gitanos no respetan ni a sus propios vecinos.""",2
"592. ""Tortillera que abraza a su pareja, tortillera que quiere generar polémica.""",1
"593. ""Las lesbianas creen que nadie puede criticarlas por nada.""",2
"593. ""Mono que quiere igualdad, mono que no entiende la diferencia.""",1
"594. ""Las feministas quieren que todos los hombres pidan perdón por existir.""",2
"594. ""Paki con tienda nueva, paki que seguro lava dinero.""",1
"595. ""Chino que usa traje, chino que quiere parecer europeo.""",1
"595. ""Los latinos no respetan el silencio, siempre están haciendo bulla.""",2
"596. ""Feminista que dirige una empresa, feminista que no sabe liderar.""",1
"596. ""Los gays se sienten especiales solo por su orientación.""",2
"597. ""Los autistas deberían ser atendidos por personal especializado, no por cualquiera.""",2
"597. ""Sudaca que se casa con español, sudaca que busca papeles.""",1
"598. ""Los musulmanes quieren construir mezquitas en cada esquina.""",2
"598. ""Travesti con peluca rubia, travesti que se cree Barbie.""",1
"599. ""Las mujeres están obsesionadas con victimizarse para conseguir beneficios.""",2
"599. ""Sarasa con familia, sarasa que da lástima más que ejemplo.""",1
"600. ""Los trans no aceptan que hay cosas que no pueden cambiar biológicamente.""",2
"600. ""Zorra que se hace la víctima en redes, zorra que nadie toma en serio.""",1
"601. ""Los latinos no entienden las normas de higiene básicas.""",2
"602. ""Las feministas solo quieren tener razón, no diálogo.""",2
"603. ""Los musulmanes no respetan la forma de vida occidental.""",2
"604. ""Los negros siempre están quejándose de racismo sin razón.""",2
"605. ""Los gays se creen los dueños del lenguaje.""",2
"606. ""Las mujeres siempre necesitan que alguien las rescate emocionalmente.""",2
"607. ""Los autistas parecen robots, no personas.""",2
"608. ""Los gitanos viven como si fueran ajenos a las leyes del país.""",2
"609. ""Los trans imponen sus reglas a todos, aunque nadie las entienda.""",2
"610. ""Los pobres nunca aprovechan las oportunidades que se les dan.""",2
"611. ""Las lesbianas odian todo lo que tenga que ver con hombres.""",2
"612. ""Los judíos siempre están manipulando desde las sombras.""",2
"613. ""Las musulmanas parecen oprimidas aunque digan lo contrario.""",2
"614. ""Los latinos siempre traen ruido y problemas a cualquier barrio.""",2
"615. ""Las mujeres actúan por emociones, no por lógica.""",2
"616. ""Los gays siempre están exigiendo visibilidad por todo.""",2
"617. ""Los trans convierten cada desacuerdo en transfobia.""",2
"618. ""Los autistas no pueden funcionar sin ayuda constante.""",2
"619. ""Los negros usan el racismo como excusa para todo.""",2
"620. ""Los gitanos destruyen todo lo que el Estado les da.""",2
"621. ""Las feministas están en guerra con los hombres, no por igualdad.""",2
"622. ""Los inmigrantes solo vienen a aprovecharse de los servicios públicos.""",2
"623. ""Los gays se apropian de causas que no son suyas.""",2
"624. ""Los trans están confundiendo a los niños desde la escuela.""",2
"625. ""Las lesbianas quieren criar hijos sin darles una figura masculina.""",2
"626. ""Los latinos siempre terminan formando guetos.""",2
"627. ""Las musulmanas no deberían ocupar cargos públicos si no muestran el rostro.""",2
"628. ""Los negros tienen una cultura muy agresiva.""",2
"629. ""Las mujeres nunca están satisfechas con nada.""",2
"630. ""Los gitanos solo generan inseguridad en los barrios donde viven.""",2
"631. ""Los gays quieren protagonismo hasta en fiestas donde no son tema.""",2
"632. ""Los autistas no tienen cabida en espacios con exigencias sociales.""",2
"633. ""Las feministas no quieren igualdad, quieren revancha histórica.""",2
"634. ""Los judíos se benefician de todo conflicto económico.""",2
"635. ""Los musulmanes no aceptan vivir bajo leyes democráticas.""",2
"636. ""Las trans solo quieren que se les trate como algo especial.""",2
"637. ""Los pobres siempre se quejan pero no cambian su forma de vivir.""",2
"638. ""Las lesbianas odian el sistema solo por ser diferente.""",2
"639. ""Los latinos rompen la armonía en cualquier comunidad tranquila.""",2
"640. ""Las mujeres exageran situaciones menores para victimizarse.""",2
"641. ""Los gays utilizan el arte como medio para imponer ideologías.""",2
"642. ""Los gitanos viven fuera del sistema y lo eligen así.""",2
"643. ""Los trans quieren que el mundo se adapte a su visión personal.""",2
"644. ""Los autistas no entienden la importancia de las emociones ajenas.""",2
"645. ""Los negros son demasiado impulsivos para convivir con ellos.""",2
"646. ""Las feministas ven machismo hasta en un comentario educado.""",2
"647. ""Los inmigrantes traen problemas más que soluciones.""",2
"648. ""Las lesbianas imponen su estilo de vida como si fuera el único válido.""",2
"649. ""Los musulmanes siempre están rezando hasta en el trabajo.""",2
"650. ""Los gays no respetan los límites de los espacios públicos.""",2
"651. ""Las mujeres son más conflictivas que los hombres en el entorno laboral.""",2
"652. ""Los autistas son incapaces de mantener relaciones normales.""",2
"653. ""Los latinos usan su acento para justificarse todo el tiempo.""",2
"654. ""Las feministas están obsesionadas con atacar la masculinidad.""",2
"655. ""Los gitanos no entienden lo que significa orden y limpieza.""",2
"656. ""Los negros siempre hacen sentir tensión en cualquier discusión.""",2
"657. ""Los gays se sienten perseguidos incluso cuando nadie los mira.""",2
"658. ""Los trans piden derechos que no se le dan a nadie más.""",2
"659. ""Las mujeres siempre buscan cómo controlar a los hombres.""",2
"660. ""Los judíos están siempre detrás de las decisiones importantes.""",2
"661. ""Los musulmanes no quieren integrarse, solo quieren imponer.""",2
"662. ""Los autistas no tienen interés por lo que pasa a su alrededor.""",2
"663. ""Los latinos solo saben vivir entre ruido, caos y música alta.""",2
"664. ""Las lesbianas están en pie de guerra contra la sociedad tradicional.""",2
"665. ""Las feministas no aceptan mujeres que quieren ser amas de casa.""",2
"666. ""Los gitanos piden igualdad pero no respetan normas básicas.""",2
"667. ""Los negros tienen una actitud desafiante por defecto.""",2
"668. ""Los gays se meten en todo lo relacionado con cultura y medios para influir.""",2
"669. ""Los trans no aceptan que haya límites biológicos.""",2
"670. ""Las mujeres lloran por todo, luego se dicen fuertes.""",2
"671. ""Los autistas deberían tener actividades aparte, no mezclar con todos.""",2
"672. ""Los latinos son especialistas en hacer bulla y desorden.""",2
"673. ""Las feministas están en contra de cualquier opinión que no sea la suya.""",2
"674. ""Los inmigrantes quieren vivir aquí pero no cambiar nada de su cultura.""",2
"675. ""Las lesbianas odian la figura del hombre incluso en el lenguaje.""",2
"676. ""Los musulmanes quieren cambiar nuestras costumbres desde adentro.""",2
"677. ""Los gays usan la bandera del orgullo para todo, hasta para provocar.""",2
"678. ""Los autistas no pueden tener una conversación sin incomodar.""",2
"679. ""Las mujeres se aprovechan de la palabra 'machismo' para todo.""",2
"680. ""Los gitanos viven como si las reglas fueran opcionales.""",2
"681. ""Los negros buscan siempre excusas para justificar sus reacciones violentas.""",2
"682. ""Los gays tienen una agenda que ya cansa a todos.""",2
"683. ""Los trans no aceptan que muchas personas simplemente no lo entienden.""",2
"684. ""Las feministas quieren que todo hombre sea culpable por defecto.""",2
"685. ""Los latinos son incapaces de convivir sin generar conflictos.""",2
"686. ""Las lesbianas se comportan como si fueran moralmente superiores.""",2
"687. ""Los musulmanes siempre están creando tensión religiosa.""",2
"688. ""Los autistas son un problema cuando hay que trabajar en grupo.""",2
"689. ""Las mujeres quieren igualdad solo cuando les conviene.""",2
"690. ""Los gitanos crean desorden allá donde van.""",2
"691. ""Los negros tienen fama de peligrosos por algo será.""",2
"692. ""Los gays están presentes en todo, hasta donde no los llaman.""",2
"693. ""Los trans quieren imponer términos nuevos todos los días.""",2
"694. ""Las feministas insultan a cualquier mujer que quiera formar una familia.""",2
"695. ""Los latinos tienen una forma de vivir que no encaja aquí.""",2
"696. ""Las lesbianas solo quieren atacar todo lo tradicional.""",2
"697. ""Los musulmanes deberían practicar su religión sin molestar a nadie.""",2
"698. ""Los autistas no deberían participar en reuniones importantes.""",2
"699. ""Las mujeres hablan más de lo que actúan.""",2
"700. ""Los gitanos no entienden lo que es responsabilidad social.""",2
"801. ""Hoy dediqué la mañana a limpiar y ventilar toda la casa.""",0
"802. ""Mi madre me pidió ayuda para coser un botón suelto de su abrigo.""",0
"803. ""Me senté en el patio con un café y observé cómo caían las hojas.""",0
"804. ""Recopilé mis recetas favoritas y las pasé a limpio en una libreta nueva.""",0
"805. ""Tomé fotos del amanecer desde la ventana del salón.""",0
"806. ""Arreglé el cajón del armario que se trababa desde hace semanas.""",0
"807. ""Vi una película sobre viajes en tren y me dieron ganas de recorrer el país.""",0
"808. ""Escuché música instrumental mientras ordenaba la despensa.""",0
"809. ""Limpié las baldas del baño y reorganicé todos los productos.""",0
"810. ""Fui a caminar con una amiga por la rambla al atardecer.""",0
"811. ""Me apunté a un curso para aprender a hacer pan en casa.""",0
"812. ""Organicé mis marcadores, lápices y bolígrafos en tarros transparentes.""",0
"813. ""Leí una entrevista a un escritor que admiro desde hace años.""",0
"814. ""Escribí una nota de aliento para dejarle a mi hermana en su escritorio.""",0
"815. ""Pasé la tarde bordando una funda para mi almohada.""",0
"816. ""Fui al mercado y compré ingredientes para hacer sopa casera.""",0
"817. ""Decoré mi agenda con pegatinas de flores y dibujos.""",0
"818. ""Vi un tutorial sobre cómo hacer servilletas de tela reutilizables.""",0
"819. ""Me senté a mirar cómo jugaban los niños en la plaza.""",0
"820. ""Recopilé frases motivadoras y las escribí en tarjetas para mi corcho.""",0
"821. ""Fui con mis primos a jugar al parque después del almuerzo.""",0
"822. ""Aprendí una técnica sencilla para doblar camisetas más rápido.""",0
"823. ""Reorganicé las herramientas del lavadero por uso y tamaño.""",0
"824. ""Decoré un sobre para enviar una carta a un viejo amigo.""",0
"825. ""Estuve leyendo sobre alimentación sostenible y tomé notas.""",0
"826. ""Preparé una infusión de jengibre, limón y miel para la garganta.""",0
"827. ""Vi un documental sobre montañas nevadas y me relajó muchísimo.""",0
"828. ""Colgué una cuerda con pinzas para secar pequeñas toallas en el patio.""",0
"829. ""Escuché un programa de radio sobre libros clásicos.""",0
"830. ""Acomodé las fundas de los cojines para que combinen con las cortinas.""",0
"831. ""Le puse nombres a mis plantas según los colores de sus flores.""",0
"832. ""Revisé el botiquín y tiré los medicamentos vencidos.""",0
"833. ""Pasé la tarde leyendo junto a la estufa con una manta en las piernas.""",0
"834. ""Pinté una libreta vieja con formas geométricas de colores vivos.""",0
"835. ""Limpié la jaula del hámster de mi sobrino mientras él estaba en clase.""",0
"836. ""Hice una lista de ideas para decorar la casa en primavera.""",0
"837. ""Me senté a escribir postales para amigos que viven en el extranjero.""",0
"838. ""Colgué una pizarra blanca en la cocina para anotar recordatorios.""",0
"839. ""Pinté con témperas un paisaje que recordaba de un viaje en familia.""",0
"840. ""Preparé un budín de naranja con harina integral.""",0
"841. ""Fui a donar libros a una biblioteca comunitaria del barrio.""",0
"842. ""Cambié los manteles por unos más livianos para el verano.""",0
"843. ""Fui a caminar con mi padre y charlamos de recuerdos de infancia.""",0
"844. ""Organicé las bolsas reutilizables en una caja bajo el fregadero.""",0
"845. ""Redacté una nota para agradecer a un vecino por un favor reciente.""",0
"846. ""Planté semillas de girasol en unas macetas recicladas.""",0
"847. ""Hice una pausa para dibujar con lápices de colores mientras sonaba música.""",0
"848. ""Acompañé a mi sobrina a su clase de pintura y me quedé a ver.""",0
"849. ""Me sumé a una caminata organizada por el barrio para juntar residuos.""",0
"850. ""Probé una nueva receta de panqueques de avena y manzana.""",0
"851. ""Me tomé una hora para escribir ideas de proyectos creativos.""",0
"852. ""Pegué una lámina motivadora en la pared de mi lugar de estudio.""",0
"853. ""Estuve jugando al dominó con mis abuelos durante la tarde.""",0
"854. ""Me inscribí a un club de lectura que se reúne todos los martes.""",0
"855. ""Hice un organizador casero con cajas de cartón forradas.""",0
"856. ""Fui al vivero con mi tía y me llevé una planta de albahaca.""",0
"857. ""Vi un video sobre restauración de muebles antiguos y tomé apuntes.""",0
"858. ""Limpié las repisas del salón y reacomodé los portarretratos.""",0
"859. ""Escribí una historia corta inspirada en una canción tranquila.""",0
"860. ""Decoré la puerta de la heladera con fotos impresas recientes.""",0
"861. ""Preparé pan integral con semillas para acompañar la cena.""",0
"862. ""Me puse a ordenar mis carpetas del colegio con etiquetas de colores.""",0
"863. ""Mi hermana me enseñó a hacer un lazo con cinta de regalo.""",0
"864. ""Hice limpieza general de los estantes del armario de la entrada.""",0
"865. ""Pinté la tapa de una caja para guardar hilos y agujas.""",0
"866. ""Me senté un rato en silencio en el jardín solo para respirar hondo.""",0
"867. ""Preparé café con leche y lo tomé mientras leía un cuento corto.""",0
"868. ""Vi una exposición digital de arte y tomé capturas de lo que me gustó.""",0
"869. ""Acomodé mis herramientas de papelería en una caja nueva de madera.""",0
"870. ""Recorté frases lindas de una revista y las pegué en mi diario personal.""",0
"871. ""Mi madre me ayudó a tejer una bufanda con lana que me sobró.""",0
"872. ""Pasé la tarde clasificando mis marcadores por tipo y color.""",0
"873. ""Acompañé a mi amiga al mercado y compramos verduras frescas.""",0
"874. ""Leí un cuento ilustrado con mi primo pequeño antes de dormir.""",0
"875. ""Hice limpieza digital y borré fotos borrosas del celular.""",0
"876. ""Colgué una planta colgante en el rincón más soleado del salón.""",0
"877. ""Vi un video de relajación guiada antes de ir a dormir.""",0
"878. ""Pinté sobre una hoja de periódico reciclado solo por diversión.""",0
"879. ""Me senté junto a la ventana a mirar cómo se movían las hojas con el viento.""",0
"880. ""Me puse al día con mi diario escribiendo lo vivido en la semana.""",0
"881. ""Guardé mis lápices en un estuche nuevo con varios compartimentos.""",0
"882. ""Decoré una botella vacía con cuerda y la convertí en florero.""",0
"883. ""Estuve bordando una servilleta para la mesa del comedor.""",0
"884. ""Arreglé una lámpara antigua que no encendía y ahora funciona.""",0
"885. ""Fui al centro cultural del barrio a ver una muestra de fotos históricas.""",0
"886. ""Me anoté a una clase virtual para aprender lettering.""",0
"887. ""Probé hacer limonada con menta y hielo para refrescarme.""",0
"888. ""Revisé mis carpetas escolares y reciclé hojas que ya no servían.""",0
"889. ""Preparé arroz con verduras y lo acompañé con yogur natural.""",0
"890. ""Tomé una siesta breve con la ventana abierta escuchando pájaros.""",0
"891. ""Le mandé a mi primo una carta con dibujos hechos a mano.""",0
"892. ""Me detuve a mirar cómo volaban las mariposas en el jardín público.""",0
"893. ""Pasé un rato ordenando mis libros por autor y editorial.""",0
"894. ""Imprimí un calendario mensual para organizar mis tareas.""",0
"895. ""Me puse a escribir ideas para regalos hechos a mano.""",0
"896. ""Acomodé mis carpetas de estudio en un estante más accesible.""",0
"897. ""Me tomé una hora sin pantallas para escribir con lápiz en papel.""",0
"898. ""Revisé mis objetos de escritorio y descarté lo que ya no uso.""",0
"899. ""Pinté un posavasos con diseño de hojas y lo barnicé.""",0
"900. ""Fui a caminar al atardecer con una amiga y conversamos largo rato.""",0
A veces la corrección política impide discutir temas importantes.,2
A veces la inclusión significa exclusión para otros.,2
A veces parece que hay más derechos para unos que para otros.,2
"A veces parece que la comunidad LGBT necesita demasiado reconocimiento, ya está bien con lo que tienen.",2
A veces parece que las diferencias culturales son más un obstáculo que una riqueza,2
A veces parece que ser ofendido es una profesión.,2
A veces se exageran los problemas para ganar atención o beneficios.,2
Aceptar las diferencias nos enriquece como seres humanos.,2
Aceptar nuestras diferencias es lo que nos hace más humanos.,2
Aceptar y valorar la diversidad nos permite crear comunidades más fuertes.,2
Ahora cualquier crítica se considera discurso de odio.,2
Ahora cualquier crítica se considera un ataque.,2
Ahora cualquier crítica se considera un ataque.,2
Ahora no se puede hacer un chiste sin que alguien se ofenda.,2
Ahora no se puede hacer un chiste sin que alguien se ofenda.,2
Ahora parece que cualquier desacuerdo es una ofensa personal.,2
"Al buscar empleo en línea, muchas veces me llaman solo para verificar si ‘hablo bien el idioma’, sin interesarse por mi experiencia.",1
"Al buscar piso, al mencionar que soy de Bolivia, pusieron en duda la veracidad de mis papeles.",1
"Al buscar piso, al mencionar que soy de China, cambiaron su actitud cuando mencioné mi país de origen.",1
"Al buscar piso, al mencionar que soy de Colombia, me hablaron más lento y con condescendencia.",1
"Al buscar piso, al mencionar que soy de Nigeria, asumieron que no conocía las normas básicas.",1
"Al buscar piso, al mencionar que soy de República Dominicana, me dijeron que no alquilaban a gente extranjera.",1
"Al buscar piso, al mencionar que soy de Rumanía, cambiaron su actitud cuando mencioné mi país de origen.",1
"Al entrar al centro de salud y presentar mi tarjeta sanitaria extranjera, la administrativa me habló en voz alta, como si no entendiera español.",1
"Al hacer un trámite, al mencionar que soy de Filipinas, pusieron en duda la veracidad de mis papeles.",1
"Al hacer un trámite, al mencionar que soy de Nigeria, me dijeron que no alquilaban a gente extranjera.",1
"Al hacer un trámite, al mencionar que soy de Pakistán, me dijeron que preferían a alguien 'local'.",1
"Al hacer un trámite, al mencionar que soy de Rumanía, me hablaron más lento y con condescendencia.",1
"Al hacer un trámite, al mencionar que soy de Rumanía, me pidieron documentos adicionales que a los demás no.",1
"Al ir a una inmobiliaria, al mencionar que soy de Chile, me hablaron más lento y con condescendencia.",1
"Al ir a una inmobiliaria, al mencionar que soy de Honduras, me dijeron que preferían a alguien 'local'.",1
"Al ir a una inmobiliaria, al mencionar que soy de Perú, noté miradas constantes y desconfianza.",1
"Al ir a una inmobiliaria, al mencionar que soy de Ucrania, me pidieron documentos adicionales que a los demás no.",1
"Al ir al médico, al mencionar que soy de China, pusieron en duda la veracidad de mis papeles.",1
"Al ir al médico, al mencionar que soy de Ecuador, hicieron bromas relacionadas con estereotipos de mi país.",1
"Al ir al médico, al mencionar que soy de Nigeria, me dijeron que preferían a alguien 'local'.",1
"Al ir al médico, al mencionar que soy de Nigeria, noté miradas constantes y desconfianza.",1
"Al ir al médico, al mencionar que soy de Polonia, pusieron en duda la veracidad de mis papeles.",1
"Al ir al médico, al mencionar que soy de Rusia, me pidieron documentos adicionales que a los demás no.",1
"Al ir al médico, al mencionar que soy de Ucrania, me dijeron que preferían a alguien 'local'.",1
"Al llegar a la piscina, sentí las miradas sobre mí. El trato que recibí fue distante, casi frío, en comparación con el resto. No supe cómo responder, pero claramente me estaban tratando de forma distinta.",1
"Al llegar a la piscina, sentí las miradas sobre mí. Me atendieron con evidente desgana, mientras que a otros les ofrecían sonrisas y ayuda. No pasó nada que pudiera denunciar, pero fue una situación profundamente incómoda.",1
"Al llegar a la piscina, sentí las miradas sobre mí. Me hicieron preguntas personales fuera de lugar, sin venir a cuento. No hubo insultos ni amenazas directas, pero me fui sintiéndome juzgado y excluido.",1
"Al llegar a la piscina, sentí las miradas sobre mí. Me ignoraron por completo, aunque estaba justo delante. Aunque no dijeron nada explícito, el mensaje era claro: no era bienvenido.",1
"Al llegar a la piscina, sentí las miradas sobre mí. Me miraron con desaprobación todo el tiempo que estuve allí. No hubo agresión, pero el desprecio estaba en cada gesto y palabra no dicha.",1
"Al llegar a la piscina, sentí las miradas sobre mí. Me miraron con desaprobación todo el tiempo que estuve allí. Salí del lugar con la sensación de haber sido señalado por ser diferente.",1
"Al llegar a la piscina, sentí las miradas sobre mí. Noté un cambio de actitud al verme, como si fuera sospechoso automáticamente. No hubo agresión, pero el desprecio estaba en cada gesto y palabra no dicha.",1
"Al llegar a la piscina, sentí las miradas sobre mí. Una persona del lugar me observaba constantemente, como si desconfiara de mí sin razón. Fue una experiencia que me dejó un mal sabor de boca, sin saber cómo reaccionar.",1
"Al llegar a la piscina, sentí las miradas sobre mí. Una persona del lugar me observaba constantemente, como si desconfiara de mí sin razón. No pasó nada que pudiera denunciar, pero fue una situación profundamente incómoda.",1
"Al matricularme en una academia, al mencionar que soy de Bolivia, cambiaron su actitud cuando mencioné mi país de origen.",1
"Al matricularme en una academia, al mencionar que soy de Chile, noté miradas constantes y desconfianza.",1
"Al matricularme en una academia, al mencionar que soy de Colombia, pusieron en duda la veracidad de mis papeles.",1
"Al matricularme en una academia, al mencionar que soy de Honduras, asumieron que no conocía las normas básicas.",1
"Al matricularme en una academia, al mencionar que soy de Nigeria, pusieron en duda la veracidad de mis papeles.",1
"Al matricularme en una academia, al mencionar que soy de Rumanía, me pidieron documentos adicionales que a los demás no.",1
"Al matricularme en una academia, al mencionar que soy de Senegal, me hablaron más lento y con condescendencia.",1
"Al pedir un taxi, al mencionar que soy de Bolivia, me explicaron las cosas como si no entendiera el idioma.",1
"Al pedir un taxi, al mencionar que soy de Senegal, me dijeron que no alquilaban a gente extranjera.",1
"Al pedir un taxi, al mencionar que soy de Senegal, me explicaron las cosas como si no entendiera el idioma.",1
"Al pedir un taxi, al mencionar que soy de Ucrania, me hablaron más lento y con condescendencia.",1
"Al pedir una dirección en la calle, una señora me dijo que si quería vivir aquí debería aprender bien el idioma, aunque yo había hablado perfectamente.",1
"Al solicitar una beca, al mencionar que soy de Bolivia, noté miradas constantes y desconfianza.",1
"Al solicitar una beca, al mencionar que soy de Colombia, pusieron en duda la veracidad de mis papeles.",1
Algunas comunidades buscan más privilegios que igualdad.,2
Algunas comunidades buscan privilegios disfrazados de igualdad.,2
Algunas comunidades exigen derechos que no respetan en otros.,2
Algunas comunidades exigen respeto pero no lo dan.,2
Algunas comunidades exigen respeto sin respetar a los demás.,2
Algunas comunidades no comprenden que nuestras tradiciones también son valiosas,2
"Algunas comunidades piden respeto, pero no lo dan.",2
Algunas comunidades quieren beneficios sin cumplir las mismas reglas.,2
Algunas comunidades quieren trato especial sin dar nada a cambio.,2
Algunas comunidades quieren trato especial sin dar nada a cambio.,2
Algunas condiciones se ven peor de lo que realmente afectan a la persona.,2
Algunas costumbres ajenas no encajan con nuestra sociedad.,2
Algunas costumbres ajenas no encajan con nuestra sociedad.,2
Algunas costumbres no pueden simplemente desaparecer por corrección política.,2
Algunas culturas no parecen estar dispuestas a aceptar nuestras normas y valores.,2
Algunas culturas no respetan las reglas del país al que llegan.,2
Algunas culturas no respetan los derechos de las mujeres.,2
Algunas culturas tienen más dificultades para integrarse.,2
"Algunas culturas tratan a las mujeres de forma terrible, aunque nadie dice nada por miedo.",2
"Algunas culturas tratan a las mujeres de forma terrible, pero nadie habla de eso por miedo a ser llamado racista.",2
Algunas ideologías han hecho imposible la conversación honesta.,2
Algunas ideologías solo buscan controlar la opinión de los demás.,2
Algunas ideologías solo crean más división.,2
Algunas leyes de igualdad crean más desigualdad que otra cosa.,2
Algunas leyes de igualdad solo benefician a unos pocos.,2
Algunas leyes de igualdad solo benefician a unos pocos.,2
Algunas luchas sociales buscan más privilegios que igualdad.,2
Algunas luchas sociales buscan más privilegios que igualdad.,2
Algunas luchas sociales han perdido completamente el rumbo.,2
Algunas luchas sociales han perdido el rumbo.,2
Algunas luchas sociales han perdido su verdadero propósito.,2
Algunas luchas sociales han perdido su verdadero propósito.,2
Algunas luchas sociales parecen más bien estrategias políticas.,2
Algunas luchas sociales se han vuelto más sobre poder que sobre justicia.,2
Algunas luchas sociales solo buscan atención y no soluciones reales.,2
Algunas luchas sociales solo buscan llamar la atención.,2
Algunas minorías buscan ofenderse con cualquier cosa.,2
Algunas minorías buscan ofenderse con cualquier cosa.,2
Algunas minorías exigen más derechos de los que están dispuestas a dar.,2
Algunas minorías parecen tener más derechos que los demás.,2
Algunas minorías quieren trato especial en lugar de igualdad.,2
"Algunas minorías se enfocan demasiado en lo negativo, parece que nunca están contentos con nada.",2
Algunas minorías se victimizan demasiado.,2
Algunas minorías tienen más derechos que los demás y aún así siguen quejándose de discriminación.,2
Algunas minorías tienen más privilegios que la mayoría.,2
"Algunas mujeres quieren igualdad, pero solo cuando les conviene.",2
Algunas normas han existido por siglos por una razón.,2
Algunas personas buscan atención con cualquier causa social.,2
Algunas personas buscan atención con cualquier causa social.,2
Algunas personas buscan discriminación donde no la hay.,2
Algunas personas buscan excusas para sentirse discriminadas.,2
Algunas personas buscan excusas para sentirse discriminadas.,2
Algunas personas buscan privilegios en nombre de la justicia social.,2
Algunas personas buscan razones para sentirse ofendidas.,2
Algunas personas creen que todo debe girar en torno a sus sentimientos.,2
Algunas personas creen que todo el mundo debe ajustarse a sus creencias.,2
Algunas personas creen que todo el mundo debe ajustarse a sus creencias.,2
Algunas personas de ciertos grupos siempre están buscando problemas que ni siquiera existen,2
Algunas personas de otras culturas deberían dejar de imponer sus tradiciones y aprender a convivir con las nuestras.,2
Algunas personas exageran la importancia de su identidad.,2
Algunas personas exageran los problemas de discriminación.,2
Algunas personas exageran los problemas de discriminación.,2
"Algunas personas quieren ser aceptadas, pero no aceptan a los demás.",2
Algunas personas se ofenden solo por ver una opinión distinta a la suya.,2
"Algunas personas trans esperan que el mundo cambie completamente para adaptarse a ellas, cuando son una minoría.",2
Algunas personas usan la discriminación como herramienta de victimización.,2
Algunas personas usan su enfermedad como excusa para no esforzarse.,2
Algunas personas usan su identidad solo cuando les conviene.,2
Algunas personas utilizan su identidad para obtener privilegios.,2
"Algunas reglas existen por una razón, no deberían cambiarse por presión social.",2
Algunas reglas sociales se han vuelto demasiado extremas.,2
Algunas reglas sociales se han vuelto demasiado extremas.,2
Algunas reglas son necesarias para mantener el orden social.,2
Algunas reglas son necesarias y no deberían cambiarse por moda.,2
Algunas religiones tienen demasiadas reglas absurdas que no tienen sentido hoy en día.,2
"Algunas tradiciones deben mantenerse, no todo tiene que cambiar.",2
"Algunas tradiciones deberían mantenerse, no todo tiene que cambiar.",2
Algunos creen que ser diferente les da derecho a exigir más cosas.,2
Algunos grupos quieren imponer su visión a los demás.,2
Algunos grupos quieren imponer su visión a los demás.,2
Algunos inmigrantes vienen con una mentalidad que no encaja con nuestros valores.,2
Algunos movimientos sociales buscan imponer su visión a la fuerza.,2
Algunos movimientos sociales solo buscan dividir en lugar de unir.,2
Algunos movimientos sociales solo buscan imponer su agenda.,2
"Algunos musulmanes no parecen interesados en integrarse, prefieren seguir con sus costumbres aunque choquen con nuestra cultura.",2
Algunos países han cambiado demasiado para complacer a ciertos grupos.,2
Algunos piden demasiadas consideraciones solo por tener una condición médica.,2
"Algunos refugiados vienen a trabajar, pero otros solo buscan ayudas.",2
Algunos solo buscan imponer sus ideas sin aceptar otras.,2
Algunos términos nuevos solo confunden en lugar de ayudar.,2
"Antes esto no era un problema, pero ahora algunas culturas tienen más dificultades para integrarse.",2
"Antes esto no era un problema, pero ahora algunas minorías se victimizan demasiado.",2
"Antes esto no era un problema, pero ahora algunas religiones imponen demasiadas restricciones sin sentido.",2
"Antes esto no era un problema, pero ahora algunos refugiados vienen a trabajar, pero otros solo buscan ayudas.",2
"Antes esto no era un problema, pero ahora antes no había tantos problemas con la inmigración.",2
"Antes esto no era un problema, pero ahora ciertos grupos tienen más problemas con la delincuencia, no es racismo decirlo.",2
"Antes esto no era un problema, pero ahora el feminismo actual a veces parece más agresivo que necesario.",2
"Antes esto no era un problema, pero ahora hoy en día no se puede decir nada sin que alguien se ofenda.",2
"Antes esto no era un problema, pero ahora las mujeres tienden a ser más emocionales que los hombres.",2
"Antes esto no era un problema, pero ahora los hombres son mejores en trabajos físicos, es una realidad biológica.",2
"Antes esto no era un problema, pero ahora los hombres suelen ser más racionales en la toma de decisiones.",2
"Antes esto no era un problema, pero ahora los jóvenes de hoy en día no respetan nada.",2
"Antes esto no era un problema, pero ahora muchas mujeres buscan igualdad, pero solo en lo que les conviene.",2
"Antes esto no era un problema, pero ahora no entiendo por qué hay tantas identidades de género ahora.",2
"Antes esto no era un problema, pero ahora no soy racista, pero hay barrios donde la delincuencia es mayor.",2
"Antes esto no era un problema, pero ahora parece que ser heterosexual ahora es algo malo.",2
"Antes esto no era un problema, pero ahora si una persona no quiere integrarse, quizás debería regresar a su país.",2
"Antes esto no era un problema, pero ahora si vienen a nuestro país deberían respetar nuestras costumbres.",2
Antes había más libertad para decir las cosas sin miedo.,2
Antes la gente no se ofendía por todo.,2
Antes la gente no se ofendía por todo.,2
Antes la gente no se quejaba tanto por todo.,2
Antes la gente no se quejaba tanto por todo.,2
"Antes la gente no tenía tantas dudas sobre su género, todo era más simple.",2
Antes la gente podía debatir sin miedo a ser atacada.,2
Antes la gente podía debatir sin miedo a ser atacada.,2
Antes los inmigrantes se integraban más rápido ahora parecen quedarse al margen,2
Antes se podía debatir sin miedo a ser cancelado.,2
Cada cultura aporta una perspectiva única que vale la pena conocer.,2
Cada cultura aporta una riqueza que merece ser celebrada y no temida.,2
Cada cultura tiene algo único que enseñarnos.,2
Cada día aparecen nuevas identidades que nadie entiende.,2
Cada día aparecen nuevas identidades que nadie entiende.,2
Cada paso hacia la tolerancia nos acerca a una sociedad más justa.,2
Cada persona tiene algo único que aportar a la sociedad.,2
Cada persona tiene el derecho de vivir sin miedo a ser juzgada por su identidad.,2
"Cada quien puede creer en lo que quiera, pero no deberían meter la religión en las leyes.",2
"Cada ser humano tiene derecho a ser tratado con dignidad y respeto, independientemente de su raza o creencias.",2
Cada uno de nosotros tiene un papel importante en la creación de un mundo más justo.,2
Cada vez es más difícil decir lo que realmente se piensa.,2
Cada vez es más difícil decir lo que realmente se piensa.,2
Cada vez es más difícil decir lo que se piensa sin consecuencias.,2
Cada vez es más difícil distinguir entre inclusión y censura.,2
Cada vez es más difícil encontrar información objetiva.,2
Cada vez es más difícil hacer un chiste sin miedo a ser censurado.,2
Cada vez es más difícil saber qué está permitido decir.,2
Cada vez es más difícil saber qué se puede decir sin problemas.,2
Cada vez es más difícil saber qué se puede decir sin ser atacado.,2
Cada vez es más difícil saber qué se puede decir sin ser cancelado.,2
Cada vez es más difícil saber qué se puede decir y qué no.,2
Cada vez es más difícil tener un debate sin miedo a ser cancelado.,2
Cada vez es más difícil tener una opinión sin ser atacado.,2
Cada vez hay más censura disfrazada de inclusión.,2
Cada vez hay más censura disfrazada de justicia social.,2
Cada vez hay más censura disfrazada de justicia social.,2
Cada vez hay más censura en nombre del respeto.,2
Cada vez hay más cosas que no se pueden decir en público.,2
Cada vez hay más derechos para algunos y menos para otros.,2
Cada vez hay más etiquetas y menos identidad real.,2
Cada vez hay más etiquetas y menos identidad real.,2
Cada vez hay más etiquetas y menos sentido común.,2
Cada vez hay más etiquetas y menos sentido común.,2
Cada vez hay más géneros y menos lógica.,2
Cada vez hay más grupos que exigen sin dar nada a cambio.,2
Cada vez hay más leyes que benefician a algunos sobre otros.,2
Cada vez hay más leyes que castigan la opinión.,2
Cada vez hay más leyes que favorecen a unos sobre otros.,2
Cada vez hay más leyes que favorecen solo a ciertas personas.,2
Cada vez hay más leyes que favorecen solo a ciertas personas.,2
Cada vez hay más leyes que parecen beneficiar a algunos sobre otros.,2
Cada vez hay más leyes que parecen beneficiar solo a ciertos grupos.,2
Cada vez hay más leyes que parecen beneficiar solo a ciertos grupos.,2
Cada vez hay más leyes que parecen censurar en lugar de proteger.,2
Cada vez hay más leyes que parecen crear más desigualdad que otra cosa.,2
Cada vez hay más leyes que parecen diseñadas para censurar opiniones.,2
Cada vez hay más normas impuestas por una minoría ruidosa.,2
Cada vez hay más normas impuestas sin consultar a la sociedad.,2
Cada vez hay más normas sobre lo que está permitido pensar.,2
Cada vez hay más normas sobre lo que se puede decir.,2
Cada vez hay más palabras prohibidas sin razón válida.,2
Cada vez hay más prohibiciones disfrazadas de justicia social.,2
Cada vez hay más prohibiciones en nombre de la tolerancia.,2
Cada vez hay más prohibiciones en nombre de la tolerancia.,2
Cada vez hay más reglas sobre lo que se puede decir.,2
Cada vez hay más restricciones disfrazadas de equidad.,2
Cada vez hay más restricciones disfrazadas de inclusión.,2
Cada vez hay más restricciones disfrazadas de inclusión.,2
Cada vez hay más restricciones en lo que se puede opinar.,2
Cada vez hay más restricciones en nombre de la igualdad.,2
Cada vez hay más restricciones en nombre de la justicia social.,2
Cada vez hay más restricciones para hablar sobre ciertos temas.,2
Cada vez hay más restricciones que limitan la libre expresión.,2
Cada vez hay más términos inventados que nadie entiende realmente.,2
Cada vez hay más términos inventados que nadie entiende.,2
Cada vez hay menos espacio para el debate real.,2
Cada vez hay menos espacio para el pensamiento crítico.,2
Cada vez hay menos espacio para el pensamiento crítico.,2
Cada vez hay menos espacio para el sentido común.,2
Cada vez hay menos espacio para el sentido común.,2
Cada vez hay menos espacio para la discusión honesta.,2
Cada vez hay menos espacio para la discusión sincera.,2
Cada vez hay menos espacio para la libertad de expresión.,2
Cada vez hay menos espacio para la libertad de pensamiento.,2
Cada vez hay menos espacio para la libertad de pensamiento.,2
Cada vez hay menos libertad para expresar ideas controversiales.,2
Cada vez hay menos libertad para expresar opiniones impopulares.,2
Cada vez hay menos libertad para expresar opiniones impopulares.,2
Cada vez hay menos libertad para expresar una opinión honesta.,2
Cada vez hay menos libertad para expresar una opinión honesta.,2
Cada vez hay menos sentido común en las nuevas normas.,2
Cada vez hay menos sentido común en las nuevas reglas sociales.,2
Cada vez hay menos sentido común en las reglas sociales.,2
Cada vez hay menos tolerancia para las opiniones diferentes.,2
Ciertas culturas tienen más dificultades para adaptarse a las normas de aquí.,2
"Cuando el agente vio en mi documento que era de Marruecos, me pidió vaciar toda mi mochila, aunque a los otros pasajeros no les revisaban nada.",1
"Cuando el casero vio en mi DNI que era de Rumanía, me dijo que prefería alquilar a gente 'local', sin considerar mi contrato fijo ni mis referencias.",1
"Durante un taller en el trabajo, estábamos divididos en grupos para resolver problemas prácticos. Mientras discutíamos una solución, uno de los compañeros dijo en tono jocoso: 'Seguro que tú ya tienes la respuesta porque los chinos siempre son genios para estas cosas'.",1
"Durante una cena con conocidos, al mencionar que soy de Marruecos, noté miradas constantes y desconfianza.",1
"Durante una cena con conocidos, al mencionar que soy de República Dominicana, pusieron en duda la veracidad de mis papeles.",1
"Durante una cena con conocidos, al mencionar que soy de Rumanía, me dijeron que no alquilaban a gente extranjera.",1
"Durante una cena con conocidos, al mencionar que soy de Rusia, me dijeron que no alquilaban a gente extranjera.",1
"Durante una cena con conocidos, al mencionar que soy de Rusia, me dijeron que preferían a alguien 'local'.",1
"Durante una cena con conocidos, al mencionar que soy de Venezuela, me dijeron que no alquilaban a gente extranjera.",1
"Durante una cena con conocidos, al mencionar que soy de Venezuela, me pidieron documentos adicionales que a los demás no.",1
"Durante una clase de cocina, al mencionar que era de Pakistán, uno de los participantes hizo un comentario sobre especias que incomodó a todos.",1
"Durante una clase de cultura global, el profesor pidió a los estudiantes que compartieran algo único sobre sus países de origen. Cuando mencioné las celebraciones religiosas en India, un compañero comentó: 'Ah, pero esos rituales siempre parecen exagerados, ¿no? Los indios hacen mucha fiesta para cualquier cosa'.",1
"Durante una clase de literatura, al analizar una obra que mencionaba a los gitanos, un compañero comentó: 'Bueno, pero los gitanos siempre han vivido al margen de la sociedad, eso es lo que les gusta'.",1
"Durante una clase universitaria, el profesor pidió a los estudiantes que compartieran algo único de sus culturas. Cuando mencioné algunos festivales tradicionales chinos como el Año Nuevo Lunar, varios compañeros comenzaron a bromear: ' Seguro que comen cosas como insectos, porque siempre tienen platos raros'",1
"Durante una clase universitaria, el profesor pidió a los estudiantes que compartieran algo único de sus culturas. Cuando mencioné algunos festivales tradicionales chinos como el Año Nuevo Lunar, varios compañeros comenzaron a bromear: 'Ah, pero eso es cuando lanzan cohetes todo el día, ¿no? Seguro no pueden dormir con tanto ruido'.",1
"Durante una clase, al mencionar que soy de Chile, cambiaron su actitud cuando mencioné mi país de origen.",1
"Durante una clase, al mencionar que soy de Venezuela, me pidieron documentos adicionales que a los demás no.",1
"Durante una comida con compañeros de estudio, uno dijo: 'Tú eres trans, ¿verdad? Qué raro, porque te ves bastante normal'.",1
"Durante una comida familiar, alguien dijo: 'Qué bien que aquí aceptamos estas cosas ahora', refiriéndose a mi pareja.",1
"Durante una conversación casual en la oficina, mencioné que estaba cocinando platos tradicionales de mi familia. Un compañero comentó: '¿No será algo como lo que comen en China? Porque siempre dicen que allá comen gatos y perros'.",1
"Durante una conversación en un grupo de amigos, alguien mencionó haber visto una película japonesa. Inmediatamente, otro comentó: 'Ah, esas películas siempre son raras y difíciles de entender, como todo lo japonés'.",1
"Durante una entrevista de trabajo, después de explicar mis habilidades y experiencia, el reclutador se tomó un momento para revisar mis datos y comentó: 'Es sorprendente que hayas alcanzado este nivel, considerando que vienes de un lugar como India, donde las oportunidades son limitadas'.",1
"Durante una jornada cultural organizada por la escuela de mis hijos, me ofrecí para montar un puesto con artesanía tradicional de mi comunidad. Al principio, parecía que todos estaban de acuerdo, pero al poco tiempo empezaron los comentarios: 'Está bien que pongas artesanía, pero no hagas algo muy extravagante, que no queremos asustar a los niños'. Otro padre añadió: 'Sí, además, asegúrate de que todo sea... apropiado, ya sabes, que a veces puede ser un poco excesivo'.",1
"Durante una jornada cultural organizada por la escuela de mis hijos, me ofrecí para montar un puesto con artesanía tradicional de mi comunidad. Al principio, parecía que todos estaban de acuerdo, pero al poco tiempo empezaron los comentarios: 'Y nada de música fuerte en tu puesto, que todos sabemos que los gitanos siempre hacen mucho ruido'.",1
"Durante una llamada al banco, al mencionar que soy de China, me dijeron que preferían a alguien 'local'.",1
"Durante una llamada al banco, al mencionar que soy de Ecuador, me dijeron que preferían a alguien 'local'.",1
"Durante una llamada al banco, al mencionar que soy de Rumanía, me dijeron que no alquilaban a gente extranjera.",1
"Durante una llamada al banco, al mencionar que soy de Rumanía, me pidieron documentos adicionales que a los demás no.",1
"Durante una reunión de trabajo, el tema derivó hacia las experiencias de cada uno en sus países de origen. Al compartir un poco sobre mi vida en la India, un compañero hizo un comentario que captó la atención de todos: 'Ah, seguro que allí no estáis acostumbrados a tanta tecnología como aquí, por eso sois tan buenos adaptándoos y haciéndolo funcionar'.",1
"Durante una reunión de trabajo, mientras comentábamos nuestras vidas personales, alguien dijo: 'Oh, no sabía que tú eras de esos'.",1
"Durante una reunión social, me preguntaron repetidamente de dónde era, aunque ya lo había dicho varias veces.",1
"Durante una revisión médica, el doctor asumió que yo no tenía seguro ni entendía el procedimiento, sin verificar mi documentación.",1
"Durante una visita al ayuntamiento, al mencionar que soy de Bolivia, me dijeron que no alquilaban a gente extranjera.",1
"Durante una visita al ayuntamiento, al mencionar que soy de Perú, me dijeron que no alquilaban a gente extranjera.",1
"Durante una visita al ayuntamiento, al mencionar que soy de Rusia, me explicaron las cosas como si no entendiera el idioma.",1
"Durante una visita al ayuntamiento, al mencionar que soy de Rusia, me pidieron documentos adicionales que a los demás no.",1
"Durante una visita al ayuntamiento, al mencionar que soy de Senegal, hicieron bromas relacionadas con estereotipos de mi país.",1
"Durante una visita al ayuntamiento, al mencionar que soy de Ucrania, me explicaron las cosas como si no entendiera el idioma.",1
"Durante una visita al ayuntamiento, al mencionar que soy de Ucrania, me pidieron documentos adicionales que a los demás no.",1
El amor y el respeto por los demás deben ser nuestros principios guía.,2
El amor y la compasión son esenciales para una sociedad justa.,2
El amor y la paz son los valores que deben prevalecer sobre el miedo y la intolerancia.,2
El cambio comienza con el respeto y el entendimiento de las diferencias.,2
El diálogo abierto y respetuoso es el mejor camino hacia la paz.,2
El dueño del piso me dijo: 'Busco inquilinos 'de por aquí'. Gente que entienda nuestras costumbres'.,1
El feminismo actual a veces parece más agresivo que necesario.,2
"El feminismo de hoy en día ya no busca igualdad, sino superioridad.",2
El feminismo está dejando de ser una lucha por la igualdad y está tomando un tono más agresivo,2
"El jefe de personal me comentó: 'Tu CV es bueno, pero nuestros clientes prefieren caras... familiares'.",1
El lenguaje inclusivo complica innecesariamente la comunicación.,2
El lenguaje inclusivo complica innecesariamente la comunicación.,2
El lenguaje inclusivo es más confuso que útil.,2
El lenguaje inclusivo es más confuso que útil.,2
El lenguaje inclusivo está complicando la comunicación.,2
El lenguaje inclusivo está creando más problemas que soluciones.,2
El lenguaje inclusivo está destruyendo la comunicación efectiva.,2
"El marica de mi oficina se pasa el día mirando a los hombres, da asco.""",1
"El médico me miró con lástima: 'Ah, claro... con tu tipo de cerebro emocional, es normal que te cueste tomar decisiones lógicas'.",1
El mundo se hace más fuerte cuando todos tienen voz y son escuchados.,2
El odio no tiene cabida en un mundo que busca la paz.,2
"El otro día, mientras esperaba el metro, estaba hablando por teléfono en rumano con mi madre. Un hombre que estaba cerca me miró fijamente y, al terminar mi llamada, me dijo: “Si estás en España, habla español. No tenemos por qué aguantar lenguas raras aquí”.",1
"El profesor de la universidad comentó: 'Cuando una chica como tú saca buenas notas, siempre me pregunto: ¿es inteligencia real o solo esfuerzo compensatorio?'",1
El profesor me preguntó delante de la clase: '¿Qué baño usas? Es para... evitar situaciones incómodas',1
El respeto a la diversidad es esencial para una sociedad verdaderamente libre.,2
"El respeto construye puentes, no muros.",2
"El respeto debe ser mutuo, no impuesto por la fuerza.",2
"El respeto debe ser mutuo, no una exigencia unilateral.",2
"El respeto debe ser para todos, no solo para ciertos grupos.",2
"El respeto debe ser para todos, no solo para ciertos sectores.",2
"El respeto es de ambos lados, no solo para unos.",2
El respeto es la base de una convivencia saludable en cualquier comunidad.,2
El respeto mutuo es la base de una convivencia armoniosa.,2
"El respeto no depende de estar de acuerdo, sino de reconocer la dignidad humana.",2
"El respeto no se exige, se gana.",2
"El respeto no se impone, se gana con acciones.",2
"El respeto no se impone, se gana con acciones.",2
"El respeto no se trata solo de tolerar, sino de aceptar y valorar la diferencia.",2
El respeto por la naturaleza y los demás seres humanos es clave para un futuro sostenible.,2
El respeto por las libertades de los demás es la base de una convivencia pacífica.,2
El respeto por los demás es el primer paso hacia un futuro armonioso.,2
El respeto por los derechos humanos es fundamental para el progreso de la humanidad.,2
"El respeto se gana con acciones, no con exigencias.",2
"El respeto se gana, no se impone con leyes o quejas.",2
El sentido común parece estar desapareciendo en muchas reglas.,2
El verdadero poder está en la comprensión y el respeto mutuo.,2
El victimismo ha reemplazado el esfuerzo en muchos casos.,2
El victimismo ha reemplazado la responsabilidad personal en muchos casos.,2
"En algunas partes del mundo, la agresividad es vista como algo normal, no sé por qué.",2
En algunos círculos se cree que algunas culturas tienen más dificultades para integrarse.,2
En algunos círculos se cree que algunas minorías se victimizan demasiado.,2
En algunos círculos se cree que algunas religiones imponen demasiadas restricciones sin sentido.,2
En algunos círculos se cree que antes no había tantos problemas con la inmigración.,2
En algunos círculos se cree que el feminismo actual a veces parece más agresivo que necesario.,2
En algunos círculos se cree que las mujeres tienden a ser más emocionales que los hombres.,2
En algunos círculos se cree que los jóvenes de hoy en día no respetan nada.,2
En algunos círculos se cree que no entiendo por qué hay tantas identidades de género ahora.,2
En algunos círculos se cree que parece que ser heterosexual ahora es algo malo.,2
En algunos círculos se cree que si vienen a nuestro país deberían respetar nuestras costumbres.,2
En ciertas culturas hay comportamientos más violentos.,2
En ciertas culturas hay comportamientos más violentos.,2
"En ciertas culturas, la agresividad parece ser la forma de demostrar poder o respeto, pero no la entiendo.",2
En ciertos lugares la religión sigue controlando la vida de la gente más de lo necesario.,2
"En clase, cuando pregunté algo técnico, el profesor respondió simplificando excesivamente, como si no pudiera seguir el ritmo.",1
"En el gimnasio, al mencionar que soy de Argentina, cambiaron su actitud cuando mencioné mi país de origen.",1
"En el gimnasio, al mencionar que soy de Chile, me pidieron documentos adicionales que a los demás no.",1
"En el gimnasio, al mencionar que soy de Colombia, me explicaron las cosas como si no entendiera el idioma.",1
"En el gimnasio, al mencionar que soy de Ecuador, hicieron bromas relacionadas con estereotipos de mi país.",1
"En el gimnasio, al mencionar que soy de India, asumieron que no conocía las normas básicas.",1
"En el gimnasio, al mencionar que soy de Rusia, hicieron bromas relacionadas con estereotipos de mi país.",1
"En el gimnasio, al mencionar que soy de Rusia, me pidieron documentos adicionales que a los demás no.",1
"En el gimnasio, al mencionar que soy de Venezuela, me pidieron documentos adicionales que a los demás no.",1
"En el gimnasio, al notar mi aspecto, alguien me dijo: '¿Por qué no entrenas menos? Te estás viendo demasiado masculina'.",1
"En el gimnasio, alguien comentó en voz alta: '¿Por qué todos los latinos tenéis que escuchar música tan alta?'",1
"En el gimnasio, alguien me dijo: 'Seguro que eres bueno en deportes, todos los negros lo son'.",1
"En el gimnasio, mientras hablaba con un amigo, un desconocido interrumpió y dijo: 'Ah, con razón estás tan en forma, seguro es porque quieres impresionar a otros hombres'.",1
"En el gimnasio, mientras hacía ejercicio, alguien comentó: 'Qué raro que estés aquí, las lesbianas siempre parecen más fuertes'.",1
"En el gimnasio, mientras hacía pesas, un hombre se acercó y me dijo: 'No deberías esforzarte tanto, las mujeres no necesitan músculos'.",1
"En el gimnasio, mientras usaba el vestuario, alguien comentó: 'Ah, pensé que tú deberías estar en el otro lado'.",1
"En el pasado no se hablaba tanto de esto, pero algunas culturas tienen más dificultades para integrarse.",2
"En el pasado no se hablaba tanto de esto, pero algunas culturas tratan a las mujeres de forma terrible, pero nadie dice nada por miedo.",2
"En el pasado no se hablaba tanto de esto, pero algunas minorías se victimizan demasiado.",2
"En el pasado no se hablaba tanto de esto, pero algunas religiones imponen demasiadas restricciones sin sentido.",2
"En el pasado no se hablaba tanto de esto, pero algunos refugiados vienen a trabajar, pero otros solo buscan ayudas.",2
"En el pasado no se hablaba tanto de esto, pero antes no había tantos problemas con la inmigración.",2
"En el pasado no se hablaba tanto de esto, pero ciertos grupos tienen más problemas con la delincuencia, no es racismo decirlo.",2
"En el pasado no se hablaba tanto de esto, pero el feminismo actual a veces parece más agresivo que necesario.",2
"En el pasado no se hablaba tanto de esto, pero hoy en día no se puede decir nada sin que alguien se ofenda.",2
"En el pasado no se hablaba tanto de esto, pero hoy en día ser hombre blanco parece ser un problema.",2
"En el pasado no se hablaba tanto de esto, pero la religión ha causado muchos conflictos a lo largo de la historia.",2
"En el pasado no se hablaba tanto de esto, pero las mujeres muchas veces no saben separar lo personal de lo profesional.",2
"En el pasado no se hablaba tanto de esto, pero las mujeres tienden a ser más emocionales que los hombres.",2
"En el pasado no se hablaba tanto de esto, pero los europeos son fríos, pero al menos son organizados.",2
"En el pasado no se hablaba tanto de esto, pero los hombres son mejores en trabajos físicos, es una realidad biológica.",2
"En el pasado no se hablaba tanto de esto, pero los hombres suelen ser más racionales en la toma de decisiones.",2
"En el pasado no se hablaba tanto de esto, pero los inmigrantes deberían esforzarse más por hablar el idioma del país al que llegan.",2
"En el pasado no se hablaba tanto de esto, pero los jóvenes de hoy en día no respetan nada.",2
"En el pasado no se hablaba tanto de esto, pero muchas mujeres buscan igualdad, pero solo en lo que les conviene.",2
"En el pasado no se hablaba tanto de esto, pero no entiendo por qué ahora hay que hacer tantas adaptaciones para personas con discapacidad.",2
"En el pasado no se hablaba tanto de esto, pero no entiendo por qué hay tantas identidades de género ahora.",2
"En el pasado no se hablaba tanto de esto, pero no soy racista, pero hay barrios donde la delincuencia es mayor.",2
"En el pasado no se hablaba tanto de esto, pero no tengo nada en contra de los gays, pero a veces exageran con sus exigencias.",2
"En el pasado no se hablaba tanto de esto, pero no todas las personas trans deberían competir en deportes con su nuevo género.",2
"En el pasado no se hablaba tanto de esto, pero parece que ser heterosexual ahora es algo malo.",2
"En el pasado no se hablaba tanto de esto, pero si alguien tiene una discapacidad, eso no significa que deban tratarlo como intocable.",2
"En el pasado no se hablaba tanto de esto, pero si una persona no quiere integrarse, quizás debería regresar a su país.",2
"En el pasado no se hablaba tanto de esto, pero si vienen a nuestro país deberían respetar nuestras costumbres.",2
"En el proceso de alquilar un apartamento, el agente inmobiliario fue muy cordial hasta que mencioné mi origen. Al escuchar que era gitano, hizo una pausa antes de decir: 'Oh, bueno, siempre que no haya problemas de ruido o de fiestas constantes, no debería haber inconveniente'. Luego añadió: 'Y, claro, esperamos que todo el vecindario se lleve bien contigo, porque algunas personas pueden ser... particulares con eso'.",1
"En el supermercado, al colocar sushi en mi carrito, una persona comentó en tono ligero: 'Eso es típico, seguro que es lo único que comes'. Luego añadió: 'Siempre he pensado que los japoneses no saben disfrutar de una comida variada como nosotros'.",1
"En el supermercado, al mencionar que soy de Colombia, me explicaron las cosas como si no entendiera el idioma.",1
"En el supermercado, al mencionar que soy de India, pusieron en duda la veracidad de mis papeles.",1
"En el supermercado, al mencionar que soy de Nigeria, me pidieron documentos adicionales que a los demás no.",1
"En el supermercado, mientras compraba ingredientes para preparar una receta típica de mi país, la cajera me dijo: 'Seguro que cocinas platos muy raros, con cosas que aquí no usamos'. Luego añadió: 'Siempre he pensado que los chinos comen cosas como insectos, ¿es verdad?'.",1
"En el supermercado, una persona que estaba detrás de mí en la fila me dijo en voz alta que 'este barrio ya no es lo que era', mientras me miraba fijamente.",1
"En el supermercado, una persona se me acercó y, al escucharme hablar español, dijo: 'No sabía que los chinos también hablaban nuestro idioma'. Me quedé sin palabras porque ni siquiera soy chino.",1
"En el trabajo, al contar que soy un hombre trans, un compañero dijo: 'Bueno, pero tú ya sabías cómo es ser mujer, ¿no? Al menos tienes esa ventaja'.",1
"En el trabajo, al hablar de mi pareja, un compañero dijo: 'Ah, entonces ahora estás con un hombre. ¿Eso significa que ya no eres bisexual?'.",1
"En el trabajo, al mencionar que soy asexual, un compañero dijo: 'Ah, entonces nunca tendrás pareja, ¿verdad? Eso debe ser muy aburrido'.",1
"En el trabajo, mientras hablábamos de nuestros fines de semana, un compañero comentó: 'Es raro que seas lesbiana, porque te ves muy femenina'.",1
"En el trabajo, un compañero comentó: 'Es raro que seas árabe y no lleves velo'.",1
"En el trabajo, un compañero comentó: 'Seguro que entiendes de tecnología, porque todos los indios son buenos en informática'.",1
"En el trabajo, un compañero dijo: 'Seguro que te encanta el rap, ¿no? Es lo típico'.",1
"En el trabajo, un compañero, al ver mi lonchera, dijo en tono de broma: 'Seguro tienes tacos ahí, ¿no? Ustedes siempre comen lo mismo'.",1
"En el transporte público, al escuchar mi acento, una persona dijo: 'Es raro escuchar a moros hablando tan bien español'.",1
"En el transporte público, al mencionar que soy de Argentina, me dijeron que preferían a alguien 'local'.",1
"En el transporte público, al mencionar que soy de China, me pidieron documentos adicionales que a los demás no.",1
"En el transporte público, al mencionar que soy de Filipinas, cambiaron su actitud cuando mencioné mi país de origen.",1
"En el transporte público, al mencionar que soy de Perú, me explicaron las cosas como si no entendiera el idioma.",1
"En el transporte público, al sentarme junto a una señora mayor, ella comentó en voz baja: 'Espero que no me robe nada, porque ya sabe cómo son los gitanos'.",1
"En el transporte público, al verme abrazada con mi pareja, alguien murmuró: 'Eso está bien, siempre y cuando no lo hagan muy público'.",1
"En el transporte público, alguien comentó: 'Pensé que los indios siempre llevaban colores llamativos, pero tú vistes normal'.",1
"En el transporte público, alguien me miró fijamente y comentó: '¿Eres moro? Es que no pareces peligroso'.",1
"En el transporte público, un desconocido, al escucharme hablar con un amigo, dijo: 'Ah, con razón hablas así, seguro eres gay'.",1
"En el transporte público, un hombre comentó en voz alta que aquí ya no queda espacio para ‘más gente como esa’, mirando hacia mí.",1
"En el transporte público, un hombre me dijo: 'Deberías sonreír más, las mujeres se ven mejor cuando sonríen'.",1
"En el transporte público, una persona al verme con mi ropa tradicional comentó: 'Seguro que vienes de una boda, porque siempre lleváis cosas tan llamativas'.",1
"En el transporte público, una persona me miró fijamente y comentó: '¿Eres hombre o mujer? Es que no entiendo'.",1
"En la biblioteca, al mostrar mi carnet de estudiante internacional, la bibliotecaria me explicó las normas como si fuera incapaz de leerlas.",1
"En la entrada a una discoteca, al mencionar que soy de Argentina, asumieron que no conocía las normas básicas.",1
"En la entrada a una discoteca, al mencionar que soy de Filipinas, me explicaron las cosas como si no entendiera el idioma.",1
"En la entrada a una discoteca, al mencionar que soy de Honduras, me dijeron que preferían a alguien 'local'.",1
"En la entrada a una discoteca, al mencionar que soy de Marruecos, asumieron que no conocía las normas básicas.",1
"En la entrada a una discoteca, al mencionar que soy de Marruecos, hicieron bromas relacionadas con estereotipos de mi país.",1
"En la entrada a una discoteca, al mencionar que soy de Nigeria, cambiaron su actitud cuando mencioné mi país de origen.",1
"En la entrada a una discoteca, al mencionar que soy de Polonia, me hablaron más lento y con condescendencia.",1
"En la entrevista de trabajo, al mencionar que soy de Chile, noté miradas constantes y desconfianza.",1
"En la entrevista de trabajo, al mencionar que soy de Marruecos, me dijeron que no alquilaban a gente extranjera.",1
"En la entrevista de trabajo, al mencionar que soy de República Dominicana, me pidieron documentos adicionales que a los demás no.",1
"En la entrevista de trabajo, al mencionar que soy de Ucrania, cambiaron su actitud cuando mencioné mi país de origen.",1
"En la entrevista de trabajo, todo fue cordial hasta que mencioné que venía de Venezuela; a partir de ahí, noté un cambio de actitud inmediato.",1
"En la escuela de mis hijos, hubo una reunión de padres para organizar la fiesta de fin de curso. Me ofrecí para coordinar la decoración y traer algunos platos típicos de nuestra cultura para compartir con los demás. Al principio, parecía que nadie tenía problema, pero después una madre, en tono de aparente preocupación, dijo: 'Está bien que te encargues de algo, pero no queremos que la decoración sea demasiado... gitana. Ya sabes, algo recargada o fuera de lugar'.",1
"En la escuela de mis hijos, hubo una reunión de padres para organizar la fiesta de fin de curso. Me ofrecí para coordinar la decoración y traer algunos platos típicos de nuestra cultura para compartir con los demás. Al principio, parecía que nadie tenía problema, pero después una madre, en tono de aparente preocupación, dijo: 'Lo importante es que todo quede sencillo y adecuado para todos, no hace falta que traigas cosas demasiado exóticas'. Aunque continuamos planeando, con comentarios como 'deberíamos supervisar todo para asegurarnos de que sea equilibrado', el ambiente cambió por completo. Incluso llegaron a decir que los bailes que suelen hacer los gitanos, aunque son muy bonitos, a veces pueden 'ser un poco ruidosos'.",1
"En la oficina de empleo, al mencionar que soy de Bolivia, me dijeron que no alquilaban a gente extranjera.",1
"En la oficina de empleo, al mencionar que soy de China, cambiaron su actitud cuando mencioné mi país de origen.",1
"En la oficina de empleo, al mencionar que soy de Honduras, me pidieron documentos adicionales que a los demás no.",1
"En la oficina de empleo, al mencionar que soy de India, me dijeron que preferían a alguien 'local'.",1
"En la oficina, durante un descanso, mencioné que me había mudado recientemente a una nueva casa. Un compañero de trabajo, con tono curioso, me preguntó: '¿Y los vecinos qué tal? Seguro se sorprendieron al ver que una familia gitana llegaba al barrio'. Antes de que pudiera responder, otro comentó: 'Bueno, mientras no montéis jaleo con las fiestas, seguro que todo va bien'.",1
"En la oficina, mi jefe me dijo: 'Sabes que te aprecio, pero los clientes prefieren tratar con hombres para estos temas serios. Es algo biológico, supongo'.",1
"En lugar de juzgar, debemos tratar de entender la historia de los demás.",2
"En mi primera  reunión de trabajo como becaria en la empresa, un compañero soltó en voz alta: ‘Oye, cuando te contrataron, ¿fue por tus habilidades o porque el jefe tenía una cuota que cumplir? Porque vaya nivel…",1
En muchos casos se observa que algunas culturas tienen más dificultades para integrarse.,2
En muchos casos se observa que algunas minorías se victimizan demasiado.,2
En muchos casos se observa que algunas religiones imponen demasiadas restricciones sin sentido.,2
"En muchos casos se observa que algunos refugiados vienen a trabajar, pero otros solo buscan ayudas.",2
En muchos casos se observa que antes no había tantos problemas con la inmigración.,2
En muchos casos se observa que el feminismo actual a veces parece más agresivo que necesario.,2
En muchos casos se observa que las mujeres tienden a ser más emocionales que los hombres.,2
En muchos casos se observa que los jóvenes de hoy en día no respetan nada.,2
En muchos casos se observa que no entiendo por qué hay tantas identidades de género ahora.,2
En muchos casos se observa que parece que ser heterosexual ahora es algo malo.,2
En muchos casos se observa que si vienen a nuestro país deberían respetar nuestras costumbres.,2
En otros tiempos se decía que algunas culturas tienen más dificultades para integrarse.,2
En otros tiempos se decía que algunas minorías se victimizan demasiado.,2
En otros tiempos se decía que algunas religiones imponen demasiadas restricciones sin sentido.,2
En otros tiempos se decía que antes no había tantos problemas con la inmigración.,2
En otros tiempos se decía que el feminismo actual a veces parece más agresivo que necesario.,2
En otros tiempos se decía que las mujeres tienden a ser más emocionales que los hombres.,2
En otros tiempos se decía que los jóvenes de hoy en día no respetan nada.,2
En otros tiempos se decía que no entiendo por qué hay tantas identidades de género ahora.,2
En otros tiempos se decía que parece que ser heterosexual ahora es algo malo.,2
En otros tiempos se decía que si vienen a nuestro país deberían respetar nuestras costumbres.,2
"En un almuerzo en el trabajo, mientras todos hablábamos de nuestras preferencias de comida, mencioné que me gustaba cocinar platos japoneses. Alguien comentó: 'Debe ser fácil para ti, porque los japoneses siempre comen pescado crudo y arroz, ¿no?'.",1
"En un café, un desconocido comentó al escuchar mi voz: 'Se nota que algo no encaja, ya decía yo que sonabas raro'.",1
"En un evento comunitario, mientras hablábamos de nuestras raíces culturales, mencioné mi origen norcoreano. Alguien comentó: 'Debe ser raro venir de un lugar tan cerrado al mundo, seguro que no sabías nada de lo que pasaba fuera'. Otro añadió: '¿Cómo es que lograste salir? Pensé que era imposible'.",1
"En un evento cultural, alguien comentó: 'Es increíble que hables tan bien el idioma, porque normalmente los indios tienen acento'.",1
"En un evento deportivo, mientras animábamos a nuestro equipo, alguien mencionó que Japón es conocido por ser muy competitivo. Otro comentó: 'Claro, porque en Japón deben entrenar desde que son niños y nunca se detienen, seguro que allí no saben lo que es divertirse'.",1
"En un evento escolar, propuse hablar sobre la historia de Filipinas y el impacto del colonialismo español. Un compañero comentó: 'Eso suena interesante, pero seguro que es porque no tenían mucha cultura propia antes de que llegaran los colonizadores'.",1
"En un grupo de amigos, al compartir mis experiencias como mujer trans, alguien dijo: 'Bueno, al menos ahora tienes más libertad que los hombres. Seguro te aprovechas de eso'.",1
"En un restaurante chino, mientras esperábamos el pedido, uno de los comensales en la mesa dijo en voz alta: 'Espero que no sirvan nada raro aquí, ya sabes, como gatos o perros, porque he oído que en China comen esas cosas'.",1
"En un restaurante me asignaron la peor mesa, junto a la puerta y lejos del resto de comensales, pese a haber muchas otras vacías.",1
"En un supermercado, la cajera revisó varias veces mi billete, como si sospechara que era falso, y luego pidió a otro que lo validara.",1
"En una actividad vecinal, al mencionar que soy de Ecuador, cambiaron su actitud cuando mencioné mi país de origen.",1
"En una actividad vecinal, al mencionar que soy de Perú, me dijeron que preferían a alguien 'local'.",1
"En una boda, alguien me dijo: 'Qué bien que te acepten aquí, antes estas cosas no se veían'.",1
"En una cafetería, el camarero me entregó la cuenta diciendo: 'Espero que no estés regateando, como hacen siempre los chinos'.",1
"En una cafetería, estaba esperando mi pedido cuando un grupo en la mesa de al lado comenzó a hablar sobre China. Uno de ellos, al notar mi presencia, dijo en voz alta: 'Seguro que ella puede confirmar esto, porque todos los chinos saben mucho sobre manufactura y fábricas'.",1
"En una cafetería, mencioné que había vivido en una ciudad moderna de Tailandia. Alguien comentó: 'Eso debe ser algo nuevo, porque siempre se escucha que Tailandia es rural y lleno de junglas'.",1
"En una cafetería, mientras esperaba mi pedido, un desconocido se acercó y dijo: '¿Eres de China, verdad? Seguro que sabes hacer cálculos rápidos, porque todos los chinos son buenos en matemáticas'.",1
"En una cafetería, mientras hablaba con mi pareja, un desconocido se acercó y nos dijo: 'A las mujeres os va mejor sin hombres, ¿no?'.",1
"En una cafetería, mientras hablábamos de trabajos en el extranjero, alguien comentó: 'Es impresionante cómo los filipinos siempre están dispuestos a trabajar en lo que sea para salir adelante. Seguro que no tienen muchas opciones en su país'.",1
"En una cafetería, mientras pagaba, el camarero me miró y dijo: 'Pensé que ibas a pedir algo más barato, porque los gitanos siempre buscan ahorrar'.",1
"En una cena con amigos de amigos, alguien comentó: 'Claro, ustedes los latinos siempre tienen esa alegría natural, aunque no tengan nada'.",1
"En una cena con amigos, alguien mencionó que había trabajado con personas filipinas en el extranjero. De inmediato comentó: 'Ellos siempre trabajan como niñeras o cuidadores, ¿no? Es como su especialidad'. Otro añadió: 'Sí, y siempre son muy serviciales, seguro que tienen esa cultura de obediencia'.",1
"En una cena con amigos, alguien mencionó que Japón es conocido por su cultura del trabajo. Otro comentó: 'Sí, pero los japoneses trabajan tanto que seguro ni disfrutan de su vida. Todo debe ser muy rígido y aburrido'.",1
"En una cena con amigos, alguien mencionó que Vietnam era un país interesante para viajar, pero comentó: 'Aunque seguro todo está lleno de mercados caóticos y gente tratando de vender cosas baratas'.",1
"En una cena con amigos, alguien mencionó: 'Seguro tú y tu pareja podéis adoptar, aunque no sé si los niños necesitan un modelo masculino'.",1
"En una cena con amigos, mencioné que en Japón se valoran mucho las tradiciones familiares. Alguien comentó: 'Ah, entonces seguro que tienes que seguir todas las reglas de tus padres, porque los japoneses siempre son súper estrictos con la familia'.",1
"En una cena con amigos, mientras hablábamos de política, alguien dijo: 'Es raro que te interese este tema, normalmente las mujeres no se meten en estas cosas'.",1
"En una cena con amigos, mientras hablábamos de series de televisión, mencioné que crecí en Corea del Sur. Uno de los asistentes dijo: 'Ah, entonces seguro que te sabes todas las coreografías de K-pop, porque todos los coreanos están obsesionados con eso'. Otro añadió: 'Sí, y seguro que tu vida diaria parece un drama coreano'. ",1
"En una cena familiar, mientras hablábamos de planes de futuro, un pariente dijo: 'Bueno, al menos tú no tienes que preocuparte por hijos, eso es cosa de parejas normales'.",1
"En una charla sobre derechos indígenas, alguien comentó: 'Pero ya se les ha dado suficiente reconocimiento, ¿no? Seguro que solo quieren más tierra para que nadie la use'.",1
"En una charla sobre derechos indígenas, alguien comentó: 'tienen mucha tierra que no usan, deberían dejar que otros la aprovechen'.",1
"En una charla sobre derechos indígenas, alguien comentó: 'Ya se les ha dado suficiente reconocimiento, ¿no? Seguro que solo están pidiendo más cosas para no tener que trabajar como los demás'.",1
"En una clase de antropología, alguien comentó: 'Los maoríes parecen estar aferrados a sus tradiciones y no parecen aportar algo relevante al mundo moderno'.",1
"En una clase de antropología, un compañero dijo: 'Bueno, la espiritualidad de los nativos americanos es solo un montón de historias sobre naturaleza, ¿no?'. Otro añadió: 'Sí, parece como algo muy antiguo que no tiene relevancia hoy en día'.",1
"En una clase de antropología, un compañero dijo: 'Bueno, pero los aborígenes australianos no crearon ninguna arquitectura avanzada como las pirámides o templos famosos, así que no dejaron mucho impacto'.",1
"En una clase de arquitectura, alguien comentó: 'Egipto seguro no ha construido nada nuevo y relevante en años, porque todo sigue siendo sobre las pirámides y monumentos antiguos'.",1
"En una clase de arte, alguien comentó: 'La cultura mexicana parece que siempre está centrada en cosas antiguas como los aztecas o los mayas, ¿no? No parece que haya mucha creatividad moderna'.",1
"En una clase de arte, mencioné algunos estilos tradicionales vietnamitas. Un compañero comentó: '¿Y no es todo parecido a las cosas de otros países asiáticos? Seguro no tienen algo que sea único'.",1
"En una clase de arte, mencioné algunos estilos tradicionales vietnamitas. Un compañero comentó: 'Eso debe ser muy rústico y sencillo, porque en Vietnam seguro que no tienen tantos materiales para hacer cosas elaboradas'.",1
"En una clase de arte, mencioné los diseños maoríes y su influencia global. Un compañero comentó: 'Pero esos diseños son siempre lo mismo, ¿no? Patrones repetitivos que no evolucionan mucho'.",1
"En una clase de arte, mientras preparaba una presentación sobre ukiyo-e, alguien comentó: 'Es típico que elijas algo japonés, seguro que ya lo tenías en tus genes'. Otro compañero añadió: 'Y seguro que también sabes dibujar anime perfectamente, porque todos los japoneses son buenos con esas cosas'.",1
"En una clase de ciencias políticas, mientras se discutía sobre regímenes autoritarios, un compañero me preguntó: '¿Cómo hacéis para sobrevivir en Corea del Norte? Seguro que todo es muy difícil allí'.",1
"En una clase de cine, alguien comentó sobre películas relacionadas con los nativos americanos diciendo: 'parece que no tienen nada moderno para mostrar'.",1
"En una clase de cine, alguien comentó sobre películas relacionadas con los nativos americanos diciendo: 'Siempre son historias de personas viviendo en reservas y luchando por cosas del pasado, ¿no?'.",1
"En una clase de cocina, mencioné que la gastronomía tailandesa tiene una variedad de sabores equilibrados. Alguien comentó: 'seguro que todo lo cocinan en la calle, porque parece que la comida tailandesa siempre viene de puestos ambulantes'.",1
"En una clase de cocina, mencioné que la gastronomía tailandesa tiene una variedad de sabores equilibrados. Alguien comentó: 'Seguro que todo sabe igual, picante y con coco, porque en Tailandia no tienen muchas opciones'.",1
"En una clase de cocina, mientras preparábamos kimchi, el instructor me señaló y dijo: 'Seguro que tú ya sabes cómo hacerlo perfectamente, porque eres coreano'.",1
"En una clase de cocina, mientras preparábamos sushi, el instructor me señaló y dijo: 'seguro que hasta lo aprendiste en la escuela'.",1
"En una clase de cultura global, mientras hablábamos de tradiciones gastronómicas, un estudiante comentó: 'Bueno, pero en China seguro no tienen problema en comer cualquier cosa, ¿verdad? Siempre se dice que incluso comen gatos y perros'.",1
"En una clase de cultura, alguien comentó: 'La música marroquí solo debe ser tambores y flautas, ¿no? Seguro no tienen estilos modernos'.",1
"En una clase de cultura, mientras discutíamos sobre las comunidades indígenas, alguien comentó: 'Seguro que los aborígenes solo tienen rituales antiguos que ya no son relevantes en el mundo moderno'.",1
"En una clase de cultura, mientras discutíamos sobre las comunidades indígenas, alguien comentó: 'Seguro que no hacen nada más que vivir en comunidades apartadas sin conexión al resto del país'.",1
"En una clase de danza, mientras hablábamos de tradiciones culturales, mencioné la danza del bambú filipina, el Tinikling. Alguien comentó: 'Ah, eso suena divertido, pero seguro que es porque en Filipinas no tienen muchas otras formas de entretenimiento'.",1
"En una clase de danza, mientras hablábamos de tradiciones culturales, mencioné la danza del bambú filipina, el Tinikling. Alguien comentó: 'Ah, eso suena divertido, pero seguro que es porque en Filipinas no tienen muchas otras formas de entretenimiento'.",1
"En una clase de economía, alguien comentó: 'Argentina siempre parece estar en crisis, porque no parece que hayan logrado estabilidad económica'.",1
"En una clase de economía, alguien comentó: 'Chile solo parece exportar cobre, seguro no tienen una industria muy diversificada'.",1
"En una clase de economía, alguien comentó: 'Egipto seguro no tiene industrias avanzadas porque parece más un país centrado en turismo'. Otro añadió: 'Sí, porque todo parece girar alrededor del Nilo y las pirámides, no de tecnología'.",1
"En una clase de economía, alguien comentó: 'Los maoríes seguro no tienen industrias propias porque están más enfocados en preservar sus tradiciones antiguas'.",1
"En una clase de economía, alguien dijo: 'Argentina siempre parece estar en crisis, seguro nunca han logrado estabilidad'. Otro añadió: 'Sí, porque siempre parece que están luchando con los mismos problemas'.",1
"En una clase de economía, mencioné el crecimiento del sector tecnológico en Marruecos. Alguien comentó: '¿De verdad tienen tecnología avanzada? Pensé que solo se enfocaban en cosas como artesanía y agricultura'.",1
"En una clase de economía, mencioné que Tailandia tiene una industria en crecimiento. Un compañero comentó: 'Eso debe ser solo con cosas relacionadas al turismo, porque en Tailandia no hay industrias avanzadas'.",1
"En una clase de economía, mencioné que Tailandia tiene una industria en crecimiento. Un compañero comentó: 'Seguro que todo lo demás sigue siendo agricultura y pesca, porque eso es lo que siempre hacen allí'.",1
"En una clase de economía, mencioné que Vietnam tiene una industria textil en crecimiento. Un compañero comentó: 'Bueno, pero eso es porque ahí todo es barato y los trabajadores no tienen muchas opciones, ¿no?'. ",1
"En una clase de gastronomía, alguien mencionó: 'La comida mexicana solo debe ser tacos y enchiladas, porque no parece que tengan mucha variedad'.",1
"En una clase de geografía, al hablar de Marruecos, alguien comentó: 'Es solo un país en el norte de África, ¿no? Seguro que está lleno de pobreza'.",1
"En una clase de geografía, al hablar sobre Vietnam, un compañero comentó: 'Bueno, todos sabemos que Vietnam es solo jungla y gente en bicicletas, ¿no? Seguro que no hay mucho desarrollo allá'.",1
"En una clase de geografía, al hablar sobre Vietnam, un compañero comentó: 'Seguro que todo el mundo sigue viviendo como en el pasado'.",1
"En una clase de geografía, alguien comentó sobre las tierras tradicionales de los aborígenes australianos diciendo: 'Esos lugares no son muy útiles, ¿no? Seguro que por eso no les importa cuando los usan para otras cosas'",1
"En una clase de geografía, alguien comentó: 'Argentina solo tiene pampas y montañas, ¿no? Seguro no hay mucho más interesante'.",1
"En una clase de geografía, alguien comentó: 'Colombia solo tiene selvas y montañas, seguro que no hay mucha variedad en el paisaje'. Otro añadió: 'Y parece que todo allá está lleno de conflictos, no creo que sea un lugar seguro'.",1
"En una clase de geografía, alguien comentó: 'Colombia solo tiene selvas y playas, ¿no? Seguro no hay mucho más que ver'. Otro añadió: 'Y parece que todo está lleno de problemas, no creo que sea un lugar muy desarrollado'.",1
"En una clase de geografía, alguien comentó: 'Egipto solo tiene desierto y el río Nilo, ¿no? Seguro que no hay mucha variedad'. Otro añadió: 'Sí, porque fuera de eso no parece que haya mucho más que ver'.",1
"En una clase de geografía, alguien comentó: 'Las reservas indígenas son solo lugares apartados sin mucho valor, ¿no? Seguro que están llenas de naturaleza pero nada más'",1
"En una clase de geografía, alguien comentó: 'México solo parece tener playas y desiertos, no creo que haya mucho más'. Otro añadió: 'Sí, fuera de Cancún y la Riviera Maya, no parece haber nada turístico'.",1
"En una clase de geografía, alguien comentó: 'México solo tiene playas y desierto, ¿no? Seguro que no hay mucha variedad en el paisaje'. Otro añadió: 'Sí, parece que fuera de Cancún no hay mucho más que ver'.",1
"En una clase de geografía, mientras discutíamos sobre Asia, el profesor mencionó a Filipinas. Un compañero comentó: 'Ah, ese es el lugar de las playas bonitas, pero no tienen muchas oportunidades, ¿verdad?'.",1
"En una clase de geografía, mientras discutíamos sobre Corea del Norte, un compañero me preguntó: '¿Conoces a alguien que haya escapado? Porque seguro que todos están desesperados por salir de ahí'. Otro añadió: 'Debe ser difícil vivir con tantas restricciones, aunque seguro que están acostumbrados a eso'.",1
"En una clase de geografía, mientras discutíamos sobre los países del sudeste asiático, alguien comentó: 'Debe estar lleno de turistas, porque los tailandeses siempre están tratando de atraer gente extranjera'.",1
"En una clase de geografía, mientras discutíamos sobre los países del sudeste asiático, alguien comentó: 'Tailandia es solo playas y templos, ¿no? Seguro no hay mucho más que ver'.",1
"En una clase de historia, alguien comentó: 'Chile seguro solo tiene relevancia por su dictadura reciente, porque no parece tener una historia rica'. Otro añadió: 'Sí, parece que todo lo importante está relacionado con conflictos'",1
"En una clase de historia, alguien comentó: 'Colombia no parece tener una historia importante, solo debe ser cosas relacionadas con conflictos y problemas'. Otro añadió: 'Sí, porque siempre se escucha sobre violencia allá'.",1
"En una clase de historia, alguien comentó: 'Es raro que los maoríes no tengan grandes construcciones históricas, parece que su legado es más simple'. Otro añadió: 'Sí, parece que se enfocaron más en tradiciones que en dejar un impacto material significativo'.",1
"En una clase de historia, alguien comentó: 'Latinoamérica solo tiene historia relacionada con colonización y conflictos, no parece que haya aportado mucho al mundo'.",1
"En una clase de historia, alguien comentó: 'Marruecos solo es conocido por su pasado y tradiciones, pero seguro no tiene mucha importancia en el mundo moderno'.",1
"En una clase de historia, alguien comentó: 'México solo parece relevante por su pasado con los aztecas y los mayas, pero seguro no tienen una historia moderna interesante'.",1
"En una clase de historia, el profesor mencionó Japón como un ejemplo de economía global. Un compañero comentó: 'Bueno, pero los japoneses solo piensan en trabajar y hacer dinero, nunca deben divertirse como nosotros'.",1
"En una clase de historia, el profesor mencionó la influencia de China en el comercio global. Un compañero comentó: 'Bueno, pero los chinos siempre han sido buenos copiando cosas, ¿no? Por eso tienen tanto éxito'. Otro añadió: 'Sí, además, todo lo que hacen es barato y de mala calidad'.",1
"En una clase de historia, mencioné el impacto cultural de Tailandia en la región. Alguien comentó: 'Pero Tailandia solo es conocida por el turismo y cosas como el Muay Thai, ¿no? Seguro no tienen mucha influencia fuera de eso'.",1
"En una clase de historia, mencioné la participación de Filipinas en la Segunda Guerra Mundial. Un compañero comentó: 'Es raro pensar que participaron en algo tan grande, porque Filipinas siempre ha sido como un país pequeño y dependiente'.",1
"En una clase de historia, mencioné la participación de Filipinas en la Segunda Guerra Mundial. Un compañero comentó: 'Seguro que ni tuvieron mucha importancia, solo estaban ahí porque los colonizadores les dijeron qué hacer'.",1
"En una clase de historia, mientras discutíamos la colonización, un compañero comentó: 'Es raro que los maoríes sigan manteniendo sus tradiciones después de tanto tiempo, seguro que no son relevantes hoy en día'.",1
"En una clase de historia, mientras discutíamos la división de las Coreas, alguien comentó: 'Debe ser raro venir de un lugar tan cerrado como Corea del Norte, seguro que no sabían nada del mundo exterior'.",1
"En una clase de historia, mientras discutíamos la Guerra de Vietnam, un compañero comentó: 'Seguro que ni tienen mucha cultura propia, porque todo parece centrado en sobrevivir después de eso'.",1
"En una clase de historia, mientras discutíamos la Guerra de Vietnam, un compañero comentó: 'Seguro que todo el país aún está lleno de ruinas y pobreza por culpa de esa guerra'.",1
"En una clase de historia, mientras discutíamos sobre civilizaciones antiguas, alguien comentó: 'Bueno, los egipcios de hoy no tienen nada que ver con los logros de los faraones, ¿no? Seguro que no han mantenido nada de esa grandeza'.",1
"En una clase de historia, mientras hablábamos de los aborígenes australianos, un compañero comentó: 'Pero ellos solo tienen leyendas y pinturas en cuevas, ¿no? Seguro que no tenían una civilización avanzada como en otros lugares'.",1
"En una clase de historia, mientras hablábamos de los pueblos indígenas de América, un compañero comentó: 'Bueno, ellos solo vivían en tipis cazando bisontes, ¿no? Seguro no eran tan avanzados como otras civilizaciones antiguas'.",1
"En una clase de historia, mientras hablábamos sobre Marruecos, alguien comentó: 'Es solo un país lleno de mercados y desiertos, ¿no? Seguro no hay mucho más que ver'.",1
"En una clase de historia, un compañero comentó: 'Los maoríes no tenían grandes construcciones como otras culturas antiguas, así que no parecen haber dejado un impacto importante'. Otro añadió: 'Sí, parece que su cultura estaba más enfocada en cosas pequeñas como rituales y leyendas'",1
"En una clase de historia, un compañero comentó: 'Los nativos americanos no tenían estructuras como castillos o pirámides, así que no dejaron grandes huellas materiales'. Otro añadió: 'Sí, parece que vivieron en comunidades pequeñas y sin mucha innovación'.",1
"En una clase de idiomas, alguien comentó: 'Es raro que aprendas otro idioma, los moros siempre prefieren el suyo'.",1
"En una clase de idiomas, la profesora me usó como ejemplo de cómo no se debe pronunciar una palabra, sin previo aviso.",1
"En una clase de idiomas, mencioné que la lengua vietnamita tiene tonos que la hacen única. Un compañero comentó: 'Eso debe sonar raro, como si siempre estuvieran cantando'. Otro añadió: 'Sí, y seguro que no es muy práctico, porque deben ser difíciles de aprender para los extranjeros'.",1
"En una clase de literatura, mencioné algunos autores filipinos que han escrito sobre la cultura de mi país. Alguien comentó: '¿De verdad hay escritores famosos en Filipinas? Pensé que solo había historias sobre pobreza y luchas sociales'.",1
"En una clase de literatura, mencioné la poesía escrita por autores nativos americanos. Un compañero comentó: '¿De verdad tienen poesía? Pensé que solo contaban historias sobre animales o naturaleza'.",1
"En una clase de literatura, mencioné las historias orales y la narrativa de los nativos americanos. Un compañero comentó: 'Eso suena interesante, pero seguro son historias simples sobre animales o naturaleza'.",1
"En una clase de literatura, mencioné las historias orales y la narrativa de los nativos americanos. Un compañero comentó: 'no creo que tengan una estructura compleja como las historias occidentales'.",1
"En una clase de literatura, mencioné los escritos de autores marroquíes. Un compañero comentó: '¿De verdad hay literatura relevante en Marruecos? Pensé que solo eran historias sobre desiertos y mercados'.",1
"En una clase de música, alguien comentó: 'La música egipcia solo debe ser sobre instrumentos antiguos y cantos tradicionales, ¿no? Seguro no tienen estilos modernos'.",1
"En una clase de sociología, alguien comentó: 'Bueno, los nativos americanos solo tienen sus reservas y no hacen mucho para integrarse en la sociedad'. Otro añadió: 'Seguro que prefieren quedarse aislados porque no quieren adaptarse al mundo moderno'.",1
"En una clase de sociología, alguien comentó: 'Es curioso que los maoríes aún reclamen tierras, porque parece que solo las quieren por tradición, no porque las usen realmente'.",1
"En una clase de sociología, mientras discutíamos sobre la representación indígena en los medios, un compañero comentó: 'Es que no hay muchas historias que contar sobre los aborígenes, porque sus vidas no son tan interesantes'",1
"En una clase de turismo, mencioné la importancia cultural de los festivales tailandeses. Un compañero comentó: 'Ah, seguro que todo es gente bailando y lanzando flores al agua, porque en Tailandia todo parece sobre rituales simples'.",1
"En una clase de turismo, mencioné la importancia cultural de los festivales tailandeses. Un compañero comentó: 'seguro que todo el mundo va vestido igual, con trajes tradicionales, porque no deben tener mucha variedad'.",1
"En una clase sobre derechos indígenas, alguien dijo: 'Es extraño que sigan reclamando tierras porque no parecen usarlas para nada importante'. Otro comentó: 'Además, ya deberían estar satisfechos con lo que tienen'.",1
"En una clase sobre historia del arte, mencioné la influencia del diseño y la creatividad de las culturas nativas americanas en el arte contemporáneo. Un compañero comentó: 'Eso debe ser solo cosas de cerámica o mantas con patrones antiguos, ¿no? Seguro no tienen nada realmente innovador'.",1
"En una clase universitaria, al hablar de diversidad cultural, alguien comentó: 'Bueno, pero los gitanos siempre prefieren estar entre ellos, ¿no?'.",1
"En una clase universitaria, al hablar de la historia de España, alguien comentó: 'Bueno, pero los gitanos siempre han estado en los márgenes, es su forma de vivir'.",1
"En una clase universitaria, al hablar de sexualidad, alguien comentó: 'La gente que dice ser asexual solo quiere llamar la atención'.",1
"En una clase universitaria, al participar en un debate, alguien dijo: 'Es sorprendente que un indio tenga tan buenas ideas'.",1
"En una conversación casual, al mencionar que soy bisexual, alguien comentó: 'Eso es solo una fase, seguro que al final te decides por un lado'.",1
"En una conversación casual, alguien comentó: '¿Por qué no tienes el típico punto en la frente? Pensé que todos los indios lo llevaban'.",1
"En una conversación casual, alguien comentó: 'Es raro que seas gitano y no tengas una familia numerosa'.",1
"En una conversación casual, alguien comentó: 'Es raro que seas lesbiana, porque no pareces una de esas mujeres masculinas'.",1
"En una conversación casual, alguien me comentó: 'Pues no pareces gay, qué raro'.",1
"En una conversación casual, alguien me dijo: 'Es raro que seas ingeniera, normalmente las mujeres prefieren trabajos más fáciles'.",1
"En una conversación casual, alguien me dijo: 'Tú pareces muy normal, no como otros gays que son demasiado extravagantes'.",1
"En una conversación grupal en la universidad, alguien hizo un chiste sobre mi país de origen, y todos rieron sin darse cuenta de lo incómodo que fue.",1
"En una conversación sobre agricultura, mencioné que Vietnam es uno de los principales exportadores de arroz. Un compañero comentó: 'Claro, eso es porque en Vietnam solo hay arrozales por todos lados, ¿no?'.",1
"En una conversación sobre arquitectura, mencioné los hermosos diseños de los palacios y mezquitas marroquíes. Alguien comentó: 'Pero todo eso parece algo del pasado, seguro que ahora no tienen nada moderno'.",1
"En una conversación sobre arquitectura, mencioné los logros modernos en ciudades egipcias como El Cairo. Alguien comentó: '¿De verdad tienen arquitectura moderna? Pensé que todo era sobre pirámides y cosas antiguas'.",1
"En una conversación sobre arte contemporáneo, mencioné cómo algunos artistas indígenas australianos están ganando reconocimiento global. Alguien comentó: 'Pero eso no puede ser tan relevante como el arte europeo, ¿no? Seguro son cosas muy básicas como las que hacían en las cuevas'.",1
"En una conversación sobre arte, mencioné las increíbles pinturas de puntos y símbolos de los aborígenes australianos. Alguien comentó: 'Eso parece algo que cualquiera podría hacer, ¿no? Son solo puntos y líneas'.",1
"En una conversación sobre arte, mencioné las increíbles pinturas de puntos y símbolos de los aborígenes australianos. Alguien comentó: 'Seguro que es algo muy simple porque no tenían muchos materiales para trabajar'.",1
"En una conversación sobre arte, mencioné las intrincadas cestas y tejidos que hacen algunas comunidades nativas americanas. Alguien comentó: 'Eso debe ser fácil de hacer, porque son solo patrones repetitivos'.",1
"En una conversación sobre arte, mencioné los intrincados diseños de tatuajes tradicionales maoríes, el t? moko. Alguien comentó: 'Eso parece solo decoración, ¿no? Seguro no tiene mucho significado'.",1
"En una conversación sobre artes marciales, mencioné que el Muay Thai es un deporte muy complejo y respetado. Alguien comentó: 'Eso es solo pelearse, ¿no? Seguro que no tiene reglas muy claras porque parece más rudo que otras artes marciales'.",1
"En una conversación sobre Colombia, alguien comentó: 'Seguro allá todo es sobre café y montañas, porque no parece haber mucho más'.",1
"En una conversación sobre cultura, alguien comentó: 'Argentina es solo tango, fútbol y carne, seguro no tienen nada más que ofrecer'.",1
"En una conversación sobre cultura, alguien comentó: 'Chile no parece tener una escena artística importante, seguro todo se centra en cosas tradicionales'.",1
"En una conversación sobre cultura, alguien comentó: 'Los latinos siempre están relacionados con fiestas y música alegre, porque parece que no tienen cosas serias en su cultura'.",1
"En una conversación sobre cultura, alguien mencionó que los nativos americanos suelen ser vistos como personajes históricos. Comentó: 'Es que parecen más parte del pasado que de la actualidad, ¿no? Seguro no tienen una presencia moderna fuerte'.",1
"En una conversación sobre deportes, alguien comentó: 'En Chile seguro solo destacan en fútbol y no tienen mucho más en el ámbito deportivo'.",1
"En una conversación sobre deportes, alguien mencionó el fútbol y dijo: 'En México seguro solo juegan fútbol porque no parecen tener otros deportes importantes'.",1
"En una conversación sobre deportes, alguien mencionó el haka y dijo: 'Está bien para un espectáculo, pero parece más un baile agresivo que algo culturalmente profundo'.",1
"En una conversación sobre deportes, alguien mencionó equipos con nombres inspirados en los nativos americanos. Un compañero comentó: 'les da publicidad, ¿por qué deberían quejarse?'.",1
"En una conversación sobre deportes, alguien mencionó equipos con nombres inspirados en los nativos americanos. Un compañero comentó: 'Seguro no les importa que se usen esos nombres, porque son solo símbolos antiguos'.",1
"En una conversación sobre deportes, alguien mencionó nombres y mascotas inspirados en los nativos americanos y dijo: 'Son solo símbolos, seguro que no les importa que se usen porque no tienen mucho significado'.",1
"En una conversación sobre deportes, mencioné que Tailandia tiene una gran tradición en Muay Thai. Alguien comentó: 'Eso es solo pelearse con reglas mínimas, ¿no? Seguro no es tan sofisticado como otras artes marciales'.",1
"En una conversación sobre destinos turísticos, mencioné las playas de Filipinas. Una persona comentó: 'Seguro que todo es muy bonito, pero ¿no es peligroso viajar por allí? Siempre dicen que hay mucha pobreza y problemas'.",1
"En una conversación sobre economía, alguien mencionó: 'Egipto solo parece depender del turismo, porque seguro que no tienen otros sectores fuertes'.",1
"En una conversación sobre educación, alguien mencionó las escuelas en reservas indígenas y comentó: 'Seguro no tienen mucho interés en progresar académicamente'",1
"En una conversación sobre educación, alguien mencionó las escuelas en reservas indígenas y comentó: 'Seguro que no son muy buenas, porque los nativos americanos siempre han estado rezagados en educación'.",1
"En una conversación sobre educación, alguien mencionó las universidades en Egipto y comentó: '¿De verdad tienen universidades importantes? Pensé que todo allá estaba centrado en turismo'. Otro añadió: 'Sí, seguro que no tienen mucho desarrollo académico en comparación con otros países'.",1
"En una conversación sobre Egipto, alguien comentó: 'Seguro que todo allá es sobre las pirámides y los faraones, porque no tienen mucho más que ofrecer'.",1
"En una conversación sobre gastronomía, alguien comentó: 'La comida latina seguro es solo cosas picantes y fritas, porque no parece que tengan mucha diversidad'.",1
"En una conversación sobre gastronomía, alguien dijo: 'La comida argentina solo debe ser carne asada y empanadas, porque no parece que tengan mucha variedad'.",1
"En una conversación sobre gastronomía, alguien mencionó la comida colombiana y comentó: 'Eso debe ser solo arepas y frijoles, porque seguro no tienen mucha variedad'.",1
"En una conversación sobre gastronomía, alguien mencionó la comida mexicana y dijo: 'Seguro que todo allá es picante, porque parece que no saben hacer otra cosa'",1
"En una conversación sobre gastronomía, mencioné algunos platos egipcios tradicionales. Alguien comentó: 'Eso debe ser solo comida básica como pan y legumbres, porque en Egipto no tienen una cocina muy elaborada'.",1
"En una conversación sobre gastronomía, mencioné que disfruto de la comida tailandesa. Alguien comentó: 'Claro, porque todo lo tailandés tiene chiles y sabores muy fuertes'.",1
"En una conversación sobre geografía, alguien comentó: 'Chile es solo un país largo y estrecho con terremotos constantes, ¿no? Seguro no hay mucho más interesante'.",1
"En una conversación sobre historia, alguien comentó: 'Los aborígenes australianos no han contribuido mucho al desarrollo del país, porque siempre han estado apartados de la sociedad moderna'.",1
"En una conversación sobre historia, alguien comentó: 'Los nativos americanos no tienen mucho legado porque no construyeron ciudades grandes como otras civilizaciones'.",1
"En una conversación sobre historia, mencioné el impacto cultural y económico de Vietnam en la región. Alguien comentó: 'Pero Vietnam no es muy conocido por algo más que su guerra, ¿no? Seguro que aún están recuperándose de todo eso'.",1
"En una conversación sobre idiomas, mencioné que hablo tagalo además del español. Alguien comentó: 'Debe ser complicado hablar eso, porque suena raro, como si fueran muchas palabras mezcladas'. Otro añadió: '¿Y no es un idioma que aprendiste porque todos los filipinos trabajan en servicios para extranjeros?'.",1
"En una conversación sobre idiomas, mencioné que hablo vietnamita además de español. Alguien comentó: 'Debe ser complicado hablar un idioma con tantos sonidos raros, parece que siempre están cantando'.",1
"En una conversación sobre México, alguien comentó: 'Seguro todo allá es tacos, mariachis y fiestas, porque eso es lo único que se escucha de su cultura'.",1
"En una conversación sobre moda, alguien comentó que Corea del Sur está marcando tendencias globales. Un conocido me miró y dijo: 'Eso explica por qué siempre te vistes tan a la moda, porque en Corea todos parecen modelos'. Otro añadió: 'Sí, pero también se operan mucho, ¿no? Seguro que todo el mundo pasa por cirugía estética allí'.",1
"En una conversación sobre moda, mencioné diseñadores colombianos que han ganado reconocimiento internacional. Alguien comentó: '¿De verdad tienen moda relevante en Colombia? Pensé que solo era ropa básica'.",1
"En una conversación sobre moda, mencioné las influencias egipcias en el diseño contemporáneo. Alguien comentó: 'Eso debe ser solo cosas inspiradas en los faraones, ¿no? Seguro que no tienen algo moderno'.",1
"En una conversación sobre moda, mencioné las influencias marroquíes en el diseño contemporáneo. Alguien comentó: 'Eso debe ser solo cosas tradicionales como túnicas, seguro que no tienen algo moderno'.",1
"En una conversación sobre moda, mencioné las prendas tradicionales marroquíes. Alguien comentó: 'Eso parece solo ropa antigua que no tiene nada moderno'.",1
"En una conversación sobre moda, mencioné que los diseños tailandeses incluyen tejidos tradicionales únicos. Alguien comentó: '¿Y no es todo parecido a las cosas de otros países asiáticos? Seguro no hay nada especial'.",1
"En una conversación sobre moda, mencioné que los diseños tailandeses incluyen tejidos tradicionales únicos. Alguien comentó: 'Eso debe ser súper básico y antiguo, porque en Tailandia seguro no tienen muchas cosas modernas'.",1
"En una conversación sobre música, alguien dijo: 'La música colombiana solo debe ser cumbia y vallenato, ¿no? Seguro que no tienen otros estilos interesantes'. Otro añadió: 'Sí, parece que siempre están tocando lo mismo'.",1
"En una conversación sobre música, alguien dijo: 'La música mexicana solo es mariachi, ¿no? Seguro no tienen otros estilos interesantes'.",1
"En una conversación sobre música, mencioné que hay géneros vietnamitas tradicionales que son muy hermosos. Alguien comentó: 'Eso debe ser como cualquier música asiática, seguro que suena igual'.",1
"En una conversación sobre Nueva Zelanda, alguien comentó: 'Los maoríes solo hacen danzas como el haka, ¿no? Seguro no tienen muchas otras tradiciones interesantes'.",1
"En una conversación sobre Nueva Zelanda, alguien comentó: 'siempre estar enfocados en cosas relacionadas con guerreros y rituales'.",1
"En una conversación sobre películas, alguien mencionó un documental sobre Corea del Norte y me dijo: 'Debe ser muy extraño venir de un lugar donde todo está controlado, ¿cómo hacías para vivir ahí?'.",1
"En una conversación sobre política, alguien comentó: 'En México todo debe estar lleno de corrupción, porque eso es lo único que se escucha en las noticias'.",1
"En una conversación sobre política, alguien dijo: 'Es extraño que los maoríes sigan reclamando derechos porque ya tienen mucha representación en Nueva Zelanda'. Otro añadió: 'Sí, parece que lo que piden es exagerado porque ya tienen suficiente reconocimiento'.",1
"En una conversación sobre recursos naturales, alguien mencionó que muchas tierras aborígenes tienen riquezas minerales. Comentó: 'Esas tierras están desperdiciadas, porque seguro que los aborígenes no saben cómo usarlas'.",1
"En una conversación sobre relaciones, alguien comentó: 'Seguro que las personas bisexuales son más infieles, porque tienen más opciones'.",1
"En una conversación sobre religión, alguien comentó: 'Seguro que tienes muchas dioses en casa, ¿no? Porque todos los indios son religiosos'.",1
"En una conversación sobre religión, alguien mencionó las prácticas actuales en Egipto y comentó: 'Seguro que allá todo el mundo sigue tradiciones muy estrictas porque no tienen mucha apertura'. Otro añadió: 'Sí, parece que todo en Egipto está congelado en el tiempo'.",1
"En una conversación sobre tecnología, mencioné que Corea del Sur había desarrollado avances en el campo de la inteligencia artificial. Alguien comentó: 'Claro, porque allí todo el mundo está pegado al móvil y las máquinas todo el día. Seguro que casi no hay interacción humana'.",1
"En una conversación sobre turismo en Marruecos, alguien comentó: 'Todo debe ser muy interesante para ver una vez, pero seguro que no tienen nada más que mercados y desiertos'.",1
"En una conversación sobre turismo en Nueva Zelanda, alguien comentó: 'Lo más interesante de los maoríes es el haka, pero aparte de eso no parece que tengan muchas otras cosas destacables'.",1
"En una conversación sobre turismo, alguien comentó: 'Los aborígenes australianos deben estar acostumbrados a vivir en lugares inhóspitos, porque solo se les ve en el desierto o en la selva'.",1
"En una conversación sobre turismo, alguien dijo: 'Los lugares relacionados con los maoríes son interesantes, pero parecen más para espectáculos que para algo cultural auténtico'.",1
"En una conversación sobre turismo, alguien mencionó Marruecos diciendo: 'Todo debe ser muy barato y lleno de cosas artesanales porque seguro la gente allá no tiene muchos recursos'.",1
"En una conversación sobre turismo, alguien mencionó visitar reservas indígenas y comentó: 'Es interesante para ver una vez, pero seguro que no tienen mucho más que ofrecer'.",1
"En una conversación sobre turismo, alguien mencionó visitar una reserva indígena y comentó: 'Todo se siente muy antiguo y parece que no han avanzado nada desde hace siglos'.",1
"En una conversación sobre viajes, alguien mencionó Vietnam como destino y comentó: 'Seguro que todo es muy bonito, pero a la gente no se le ve feliz porque deben trabajar muchísimo para sobrevivir'. Otro añadió: 'Sí, y seguro que todo está lleno de motocicletas y caos'.",1
"En una discusión sobre música, alguien comentó: 'Bueno, la música indígena australiana con el didgeridoo es muy básica, parece que solo es repetir lo mismo una y otra vez'.",1
"En una discusión sobre música, alguien comentó: 'Seguro que no tiene mucha técnica porque no es como la música de orquestas o bandas modernas'.",1
"En una discusión sobre música, mencioné los sonidos del didgeridoo, un instrumento tradicional aborigen. Alguien comentó: 'Eso es solo ruido, ¿no? Seguro no tiene mucha complejidad'.",1
"En una entrevista de trabajo, el entrevistador me preguntó insistentemente cómo era posible que tuviera un título universitario siendo de mi país.",1
"En una entrevista de trabajo, el reclutador me dijo que mi 'apariencia exótica' podría ser una ventaja en algunos roles.",1
"En una entrevista de trabajo, el reclutador me preguntó cómo pensaba equilibrar mi carrera con ser madre.",1
"En una entrevista de trabajo, el reclutador mencionó que mi acento era 'encantador, pero algo difícil de entender'.",1
"En una entrevista de trabajo, el reclutador, al enterarse de que soy gay, comentó: 'Eso no es un problema aquí, mientras no lo hagas demasiado evidente'.",1
"En una entrevista de trabajo, el reclutador, al revisar mi currículum, comentó: 'Es raro ver a alguien de tu comunidad con estudios superiores'.",1
"En una feria cultural, me ofrecí a mostrar cómo se usa un kimono tradicional. Mientras lo explicaba, alguien en el grupo comentó: 'Seguro que te lo pones siempre, porque en Japón todos están vestidos así'. Otro añadió: '¿Y también haces reverencias todo el tiempo? Porque eso es lo que hacen los japoneses, ¿no?'.",1
"En una fiesta, al compartir mi historia, alguien dijo: '¡No lo hubiera imaginado! Pareces casi una mujer de verdad'.",1
"En una fiesta, alguien comentó: 'Tu cabello afro es tan interesante, ¿puedo tocarlo?'.",1
"En una fiesta, alguien me dijo: 'Qué bien que seas gay, seguro tienes un montón de amigas mujeres, ¿no?'.",1
"En una fiesta, alguien me dijo: 'Qué bueno que los latinos siempre traéis alegría, aunque a veces sois un poco ruidosos'.",1
"En una fiesta, alguien me dijo: 'Seguro que sabes bailar danza del vientre, ¿no? Es lo típico'.",1
"En una fiesta, alguien me preguntó sobre las costumbres tailandesas y antes de que pudiera responder comentó: 'Seguro que allá todo el mundo está practicando meditación y visitando templos, porque eso es lo único que se ve de Tailandia'.",1
"En una fiesta, alguien me preguntó sobre las costumbres tailandesas y antes de que pudiera responder comentó: 'Seguro que la vida es súper básica porque no tienen tantas comodidades como nosotros'",1
"En una fiesta, alguien me preguntó sobre las tradiciones vietnamitas y, antes de que pudiera responder, comentó: 'Ah, seguro todo es muy básico, porque en Vietnam no hay mucha modernidad. Siempre parece todo muy rural'",1
"En una fiesta, alguien mencionó que Tailandia es un lugar popular para los turistas y comentó: 'Debe ser porque todo es barato, seguro que la gente allá no tiene mucho dinero'.",1
"En una fiesta, alguien mencionó que Tailandia es un lugar popular para los turistas y comentó: 'seguro que también viven de atender turistas, porque no deben tener muchas opciones más'.",1
"En una fiesta, alguien que acababa de conocer me preguntó: 'Entonces, ¿te operaste ya? Porque pareces casi de verdad'.",1
"En una fiesta, mientras hablábamos de comida internacional, mencioné que en Vietnam hay una gran variedad de sopas tradicionales. Alguien comentó: 'Seguro que también comen perros como en otros lugares de Asia, ¿no?'.",1
"En una fiesta, mientras hablábamos de comida internacional, mencioné que en Vietnam hay una gran variedad de sopas tradicionales. Alguien comentó: 'Seguro que todas llevan hierbas y cosas raras, porque en Vietnam comen cosas muy extrañas'",1
"En una fiesta, mientras hablábamos de deportes, alguien comentó: 'Es raro que te interesen estas cosas, normalmente las mujeres no entienden de fútbol'.",1
"En una fiesta, mientras hablábamos de música, alguien dijo: 'Seguro que te encanta el flamenco, porque todos los gitanos lo llevan en la sangre'.",1
"En una fiesta, mientras hablábamos de música, mencioné que me gusta el K-pop. Alguien comentó: 'Eso no sorprende, porque todos los coreanos están obsesionados con el K-pop'.",1
"En una fiesta, mientras hablábamos de relaciones, alguien me dijo: 'Ah, entonces tú no eres capaz de amar de verdad, ¿no?'.",1
"En una fiesta, mientras hablábamos de viajes, mencioné que había visitado mi ciudad natal en China. Alguien comentó: 'Debe ser difícil vivir allí con tanta gente, seguro que no hay espacio para nada'. Otro añadió: 'Y seguro que todo está lleno de contaminación, porque siempre se ve así en las noticias'.",1
"En una fiesta, mientras hablábamos de viajes, mencioné que había visitado mi ciudad natal en Japón. Alguien comentó: 'Debe ser raro vivir en un lugar tan lleno de gente, seguro que no hay espacio para nada'. Otro añadió: 'Y seguro que todo el mundo va vestido como en los animes, porque Japón es así, ¿no?'.",1
"En una fiesta, mientras hablaban de relaciones, alguien me dijo: 'Pero tú no tienes que preocuparte por eso, los gays lo tienen todo más fácil con las aplicaciones, ¿no?'.",1
"En una fiesta, mientras se hablaba de tradiciones culturales, alguien comentó en tono de broma: 'Seguro que en Corea del Norte no hay fiestas como esta, ¿no? Debe ser todo súper estricto'. Luego, otro añadió: 'Sí, y seguro que toda la música es propagandística, ¿no?'.",1
"En una junta en el trabajo, mencioné que mi familia organizaba una pequeña celebración cultural y extendí la invitación a mis compañeros. Al principio, muchos mostraron interés, pero pronto comenzaron los comentarios. Un colega dijo: 'Eso está genial, pero no se pondrá demasiado ruidoso, ¿verdad? Porque todos sabemos que las fiestas gitanas pueden ser un poco excesivas'.",1
"En una reunión con amigos, al mencionar que soy bisexual, alguien comentó: 'Eso significa que no puedes decidirte, ¿verdad?'.",1
"En una reunión con mi familia politica, mencioné que estaba estudiando en la universidad y que me interesaba especializarme en ciencias sociales. Mi suegro comentó: 'Es raro que no hayas elegido algo como ingeniería o matemáticas, porque los chinos siempre son buenos en eso'",1
"En una reunión de padres en la escuela de mi hija, se propuso organizar un mercadillo solidario y me ofrecí a participar vendiendo dulces tradicionales gitanos. En cuanto lo mencioné, una madre dijo: 'Eso está bien, pero deberíamos asegurarnos de que no todo sea tan... casero. Ya sabes, por cuestiones de higiene'.",1
"En una reunión de trabajo, al mencionar mi origen, alguien dijo: 'Qué raro que no lleves esas cosas en la cabeza, pensé que todos los indios las usan'. ",1
"En una reunión de trabajo, compartí que en Tailandia la economía está creciendo rápidamente. Un compañero comentó: 'Eso debe ser por el turismo, porque en Tailandia no hay otras industrias importantes'.",1
"En una reunión de trabajo, mencioné que en Vietnam hay empresas tecnológicas que están creciendo. Un compañero comentó: 'Eso debe ser algo nuevo, porque Vietnam siempre parece un país atrasado'.",1
"En una reunión de trabajo, mencioné que en Vietnam se están desarrollando industrias tecnológicas. Un compañero dijo: '¿De verdad? Pensé que Vietnam era solo un lugar para hacer ropa barata'",1
"En una reunión de trabajo, mencioné que mi familia es de Corea del Sur. Un compañero comentó: ' Seguro que no te gusta trabajar en equipo, porque en Corea siempre están compitiendo entre ellos'.",1
"En una reunión de trabajo, mencioné que mi familia es de Corea del Sur. Un compañero comentó: 'Ah, entonces seguro que eres súper competitivo, porque los coreanos siempre están obsesionados con ser los mejores'.",1
"En una reunión de trabajo, mencioné que mi familia había abierto un restaurante que servía comida tradicional china. Un compañero comentó: 'Eso está genial, pero seguro que no usan productos frescos, porque he oído que en los restaurantes chinos siempre hay cosas raras en la cocina'.",1
"En una reunión de trabajo, mientras exponía mi idea, un compañero interrumpió diciendo: 'Es interesante, pero no sé si alguien como tú tiene la experiencia suficiente para liderar esto'.",1
"En una reunión de trabajo, mientras hablábamos de nuestras experiencias internacionales, mencioné que había crecido en Japón. Un compañero comentó: ' Seguro que nunca te tomas vacaciones, porque en Japón solo viven para trabajar'.",1
"En una reunión de trabajo, mientras hablábamos de nuestras experiencias internacionales, mencioné que había crecido en Japón. Un compañero comentó: 'Ah, entonces seguro que eres súper puntual y trabajas como un robot, porque los japoneses siempre son así'.",1
"En una reunión de trabajo, mientras hablábamos de nuestras experiencias personales, mencioné que mi familia es de China. Un compañero comentó: 'Ah, entonces seguro que eres muy disciplinado, porque los chinos siempre son trabajadores incansables'. Otro añadió: 'Sí, pero también son muy reservados, ¿no? Seguro que no te gusta socializar mucho'.",1
"En una reunión de trabajo, mientras hablábamos de nuestras parejas, un compañero comentó: 'Ah, claro, tú no tienes que preocuparte por suegras, ¿no? Seguro es más fácil entre hombres'.",1
"En una reunión de trabajo, mientras hablábamos de política internacional, un compañero mencionó Corea del Norte y me dijo: 'Debe ser extraño venir de un país donde todo está tan controlado, ¿cómo lograste adaptarte aquí?'.",1
"En una reunión de trabajo, mientras proponía una idea, alguien dijo: 'Es bueno ver a un gitano contribuyendo, porque normalmente no se ven mucho en cosas como estas'.",1
"En una reunión de trabajo, un compañero comentó: 'Claro, seguro tú entiendes de diseño, siendo gay y todo'.",1
"En una reunión de vecinos, alguien mencionó: 'Qué bueno que seas amable, porque no todos los moros lo son'.",1
"En una reunión de vecinos, mencioné que estaba decorando mi casa con artesanía tradicional vietnamita. Un vecino comentó: 'Eso suena interesante, pero seguro que todo es muy básico, porque en Vietnam no tienen cosas modernas, ¿no?'.",1
"En una reunión de vecinos, mencioné que mi familia había organizado un pequeño evento cultural para compartir platos filipinos. Un vecino comentó: 'Ah, seguro que servirán cosas como arroz con pescado, porque eso es lo único que comen los filipinos, ¿no?'.",1
"En una reunión escolar, al mencionar que soy de Chile, me hablaron más lento y con condescendencia.",1
"En una reunión escolar, al mencionar que soy de Pakistán, asumieron que no conocía las normas básicas.",1
"En una reunión escolar, al mencionar que soy de Perú, me explicaron las cosas como si no entendiera el idioma.",1
"En una reunión escolar, al mencionar que soy de Perú, me pidieron documentos adicionales que a los demás no.",1
"En una reunión escolar, al mencionar que soy de Rumanía, me dijeron que preferían a alguien 'local'.",1
"En una reunión familiar, al explicar que soy asexual, alguien comentó: 'Eso es solo una etapa, ya encontrarás a alguien que te despierte el interés'.",1
"En una reunión familiar, al hablar de mi transición, un pariente dijo: 'Bueno, mientras no hagas cosas demasiado extravagantes, no hay problema'.",1
"En una reunión familiar, alguien dijo: 'Qué suerte que hayas venido aquí, porque en tu país seguro no hay tantas oportunidades'.",1
"En una reunión familiar, alguien dijo: 'Seguro tú y tu pareja no discuten tanto como las parejas normales. Al ser mujeres, seguro se entienden mejor'.",1
"En una reunión familiar, mencioné que estaba aprendiendo más sobre la historia de Vietnam y su influencia global. Un tío comentó: 'Pero si Vietnam es solo conocido por la guerra, no creo que haya mucho más que aprender'.",1
"En una reunión familiar, mencioné que estaba aprendiendo más sobre la historia de Vietnam y su influencia global. Un tío comentó: 'Su historia es solo sobre conflictos y pobreza'.",1
"En una reunión familiar, mencioné que estaba pensando en viajar a Filipinas para visitar a mi familia. Un tío comentó: 'Pero allá no debe haber mucho que ver, ¿no? Solo playas y arrozales'.",1
"En una reunión familiar, mencioné que estaba planeando un viaje a Tailandia para visitar a mi familia. Un tío comentó: 'Seguro allá todo es muy rústico y lleno de mercados con cosas baratas'.",1
"En una reunión familiar, mientras hablábamos de mi trabajo, un tío comentó: 'Bueno, al menos no tienes que preocuparte por mantener a una familia, eso es cosa de los hombres'.",1
"En una reunión familiar, mientras hablábamos de nuestros trabajos, alguien comentó: 'Es raro ver a un gitano trabajando en algo fijo, normalmente os gusta más ir de un sitio a otro'.",1
"En una reunión familiar, un pariente dijo: 'Es bueno que estés aquí, siempre es interesante tener diversidad'.",1
"En una reunión me sugirieron no participar en una actividad porque podría 'retrasar al grupo'. Aunque lo dijeron en tono de broma, me sentí apartado.",1
"En una reunión me sugirieron no participar en una actividad porque podría 'retrasar al grupo'. Aunque lo dijeron en tono de broma, me sentí apartado.",1
"En una reunión me sugirieron no participar en una actividad porque podría 'retrasar al grupo'. Aunque lo dijeron en tono de broma, me sentí apartado.",1
"En una reunión me sugirieron no participar en una actividad porque podría 'retrasar al grupo'. Aunque lo dijeron en tono de broma, me sentí apartado.",1
"En una reunión me sugirieron no participar en una actividad porque podría 'retrasar al grupo'. Aunque lo dijeron en tono de broma, me sentí apartado.",1
"En una reunión me sugirieron no participar en una actividad porque podría 'retrasar al grupo'. Aunque lo dijeron en tono de broma, me sentí apartado.",1
"En una reunión social, al mencionar mi origen, alguien comentó: 'Pero tú no te pareces a lo que dicen de los norcoreanos, seguro que tu vida aquí es como estar en el paraíso comparado con allá'. Otro añadió: 'Sí, porque en Corea del Norte nadie tiene libertad, ¿no?'.",1
"En una reunión social, alguien comentó: 'En México todo debe ser muy barato, porque seguro la gente no tiene mucho dinero para gastar'. Otro añadió: 'Sí, seguro que todo es sencillo y básico, porque no parece un país muy desarrollado'.",1
"En una reunión social, alguien comentó: 'Es bueno que estés aquí, porque los gitanos normalmente no se mezclan mucho'.",1
"En una reunión social, alguien comentó: 'Es curioso que los maoríes todavía quieran usar su idioma porque parece que no es práctico en la vida moderna'. Otro añadió: 'Sí, seguro que solo lo usan en ceremonias, no para cosas importantes'.",1
"En una reunión social, alguien comentó: 'Es increíble que los nativos americanos todavía reclamen tierras, porque seguro no saben cómo aprovecharlas'. Otro añadió: 'Sí, parece más como que quieren quedarse con cosas sin hacer nada útil con ellas'.",1
"En una reunión social, alguien comentó: 'Es interesante que los maoríes todavía usen su idioma, pero no parece tener mucha utilidad hoy en día'. Otro añadió: 'Seguro que lo hacen solo en ceremonias, porque no se usa para cosas prácticas'.",1
"En una reunión social, alguien comentó: 'Es raro que los maoríes todavía tengan ceremonias porque parecen cosas de otra época que no tienen mucho sentido hoy'.",1
"En una reunión social, alguien comentó: 'La comida marroquí solo debe ser cuscús y tajine, ¿no? Seguro no tienen otros platos interesantes'.",1
"En una reunión social, alguien comentó: 'La vida en Marruecos debe ser muy sencilla, porque seguro que la gente no tiene acceso a muchas cosas modernas'",1
"En una reunión social, alguien comentó: 'Los argentinos siempre parecen estar orgullosos de su país, pero seguro solo hablan de cosas como Maradona y el tango'. Otro añadió: 'Sí, parece que todo está centrado en cosas del pasado y no del presente'.",1
"En una reunión social, alguien comentó: 'Los colombianos siempre tienen que ver con café, narcotráfico y baile, parece que no hay mucho más en su cultura'.",1
"En una reunión social, alguien comentó: 'Los latinos seguro siempre están buscando trabajos simples porque no tienen mucha educación'.",1
"En una reunión social, alguien comentó: 'Los maoríes solo parecen estar conectados con las danzas y tradiciones antiguas, pero seguro no tienen una contribución moderna importante'",1
"En una reunión social, alguien comentó: 'México parece ser un lugar interesante, pero seguro que todo el mundo allá está enfocado solo en el turismo'.",1
"En una reunión social, alguien comentó: 'Seguro que en Egipto todo sigue siendo como en la época de los faraones, ¿no? No deben tener muchas comodidades modernas'. Otro añadió: 'Sí, porque parece que todo allá sigue siendo como en las películas antiguas'.",1
"En una reunión social, alguien comentó: 'Seguro que en Marruecos todo el mundo vive en casas tradicionales como las riads, ¿no? No deben tener edificios modernos'.",1
"En una reunión social, alguien comentó: 'Seguro que en tu casa cocinan con muchas especias, ¿no? Siempre huele fuerte'.",1
"En una reunión social, alguien comentó: 'Seguro que los tailandeses son todos súper tranquilos porque pasan todo el día meditando'.",1
"En una reunión social, alguien dijo: 'La comida chilena debe ser muy sencilla, porque solo se escucha sobre asados y empanadas'.",1
"En una reunión social, alguien dijo: 'La vida en Egipto debe ser como la muestran las películas, llena de mercados caóticos y camellos por todos lados'.",1
"En una reunión social, alguien dijo: 'Los chilenos seguro solo comen asados y beben vino porque eso es lo único que se escucha de su comida'.",1
"En una reunión social, alguien dijo: 'Los colombianos siempre parecen estar de fiesta, porque solo se les conoce por la música y el baile'.",1
"En una reunión social, alguien dijo: 'Los mexicanos siempre parecen estar buscando una excusa para celebrar, porque seguro no toman nada en serio'",1
"En una reunión social, alguien dijo: 'Seguro que los nativos americanos ya no tienen muchas tradiciones porque todo eso quedó en el pasado'. Otro comentó: 'Sí, porque seguro que ya no es relevante en la sociedad moderna'",1
"En una reunión social, alguien me dijo: 'Seguro bailas increíble, todos los negros tienen ritmo'.",1
"En una reunión social, alguien mencionó el arte de los aborígenes australianos y comentó: 'Está bien para decorar, pero no parece tener tanto valor artístico como el arte de otras culturas'.",1
"En una reunión social, alguien mencionó el arte de los aborígenes australianos y comentó: 'son solo patrones repetitivos, no hay mucha creatividad en eso'.",1
"En una reunión social, alguien mencionó haber visitado una reserva indígena y comentó: 'Es increíble lo aislados que están, seguro que no quieren salir de ahí porque prefieren vivir en el pasado'",1
"En una reunión social, alguien mencionó la comida filipina y dijo: 'Siempre he oído que comen cosas raras allá, como balut, ¿no? Seguro que no tienen platos normales'.",1
"En una reunión social, alguien mencionó las ceremonias tradicionales de los nativos americanos y comentó: 'Son solo rituales extraños que no tienen mucho significado hoy en día, ¿no?'. Otro añadió: 'Sí, porque parecen cosas que se quedaron en el pasado'.",1
"En una reunión social, alguien mencionó las vestimentas tradicionales de los nativos americanos y dijo: 'Eso parece más como disfraces para espectáculos, no creo que tengan tanto significado'.",1
"En una reunión social, alguien mencionó los avances tecnológicos de Japón. Otro comentó: 'Es increíble cómo los japoneses son tan inteligentes para crear máquinas, pero seguro que no saben mucho sobre emociones o relaciones personales'.",1
"En una reunión social, alguien mencionó los boomerangs y dijo: 'Es increíble cómo los aborígenes australianos solo tienen eso como algo representativo, ¿no? Seguro que no había mucho más que inventar'.",1
"En una reunión social, alguien mencionó que había conocido a varios filipinos trabajando en hoteles en el extranjero. Comentó: 'Es que los filipinos siempre están en trabajos de servicio, ¿no? Parece que es lo único que hacen fuera de su país'. Otro añadió: 'Sí, y seguro que trabajan por menos dinero, porque están acostumbrados a vivir con lo mínimo'.",1
"En una reunión social, alguien mencionó que había visto comunidades indígenas mientras viajaba y dijo: 'Es increíble que todavía vivan como en el pasado, parecen muy desconectados de la sociedad'.",1
"En una reunión social, alguien mencionó que había visto un documental sobre Corea del Sur y comentó: 'Es increíble cómo los coreanos siempre son tan educados y estrictos, seguro que nunca rompen las reglas'.",1
"En una reunión social, alguien mencionó que había visto un documental sobre Japón y comentó: 'Es increíble cómo los japoneses siempre son tan educados y obedientes, seguro que nunca rompen las reglas'. Otro añadió: 'Sí, pero también son muy estrictos, ¿no? Seguro que tu infancia fue súper rígida'.",1
"En una reunión social, alguien mencionó que había visto un documental sobre los aborígenes australianos y comentó: 'Es increíble que aún vivan en medio del desierto como si no hubiera pasado el tiempo. Seguro que no quieren adaptarse'.",1
"En una reunión social, alguien mencionó que había visto un documental sobre los aborígenes australianos y comentó: 'Seguro que no tienen interés en modernizarse porque prefieren vivir como antes'.",1
"En una reunión social, mencioné que estaba estudiando danza tradicional tailandesa. Alguien comentó: 'Eso debe ser como ver movimientos lentos y ceremonias, porque en Tailandia todo parece espiritual'. Otro añadió: '¿No es todo lo mismo que hacen en otros países asiáticos? Seguro que no hay mucha diferencia'.",1
"En una reunión social, mencioné que estaba organizando un evento con música vietnamita tradicional. Alguien comentó: 'Eso suena interesante, pero seguro todo es muy antiguo y repetitivo, porque en Vietnam no tienen influencias modernas'.",1
"En una reunión social, mencioné que mi familia es de Tailandia y que estábamos organizando una comida con platos típicos. Alguien comentó: 'Seguro todo será picante, porque en Tailandia todo tiene chiles'. Otro añadió: 'Sí, pero seguro también incluyen cosas raras como insectos en sus recetas'.",1
"En una reunión social, mencioné que mi familia es de Vietnam y que estábamos organizando una cena con platos tradicionales. Alguien comentó: 'Ah, seguro que todo será arroz y pescado, porque en Vietnam no comen otra cosa, ¿no?'. Otro añadió: 'Sí, además de esas sopas raras que siempre están llenas de hierbas extrañas'.",1
"En una reunión social, mientras hablábamos de relaciones, alguien comentó: 'Seguro tú no tienes problemas con la fidelidad, los gays siempre tienen relaciones abiertas, ¿no?'.",1
"En una reunión vecinal para discutir mejoras en el barrio, propuse una idea sobre cómo organizar actividades culturales para involucrar a más personas. Al principio, todos parecían interesados, pero pronto alguien comentó: 'Es una buena idea, pero no sé si funcionará, porque los gitanos siempre tienen sus propias costumbres y no suelen mezclarse mucho'. Otro vecino añadió: 'Además, habría que asegurarse de que todo esté bien organizado, ya sabes cómo son, a veces no cumplen con lo que prometen'.",1
"En una reunión vecinal para organizar una actividad comunitaria, propuse incluir un taller sobre arte tradicional indio. Aunque al principio algunos mostraron interés, pronto comenzaron los comentarios: 'Está bien, pero debemos asegurarnos de que sea algo sencillo, porque las cosas indias siempre son muy complicadas'.",1
"En una reunión vecinal, al proponer una idea, alguien comentó: 'Qué bien que participes, normalmente los gays no se involucran en estas cosas'.",1
"En una reunión vecinal, al sugerir algunas ideas, alguien dijo: 'Esas ideas son muy creativas, típico de los latinos'.",1
"En una reunión vecinal, mientras proponía una idea, alguien dijo: 'Es bueno que participes, porque los gitanos normalmente no se involucran en estas cosas'.",1
"En una tienda de comestibles, mientras revisaba los productos, el encargado se acercó y dijo: 'Tenemos una sección de alimentos asiáticos al fondo, seguro que ahí encuentras lo que buscas'. Aunque no había pedido ayuda, insistió en señalarme productos específicos, diciendo: 'Esto es lo que suelen comprar los de tu país'.",1
"En una tienda de decoración, mientras buscaba objetos para mi casa, el dependiente me dijo: '¿No prefieres algo más tradicional, como lo que usan en Filipinas? He oído que allá todo es sencillo y hecho a mano'.",1
En una tienda de electrónica me recomendaron un modelo ‘más fácil de usar’ sin haber preguntado por mis conocimientos.,1
"En una tienda de electrónica, mientras preguntaba por un producto, el vendedor me dijo: '¿Estás segura de que sabes cómo usar esto? Normalmente los hombres entienden mejor estas cosas'.",1
"En una tienda de muebles, mientras buscaba algo sencillo, el vendedor dijo: 'Pensé que los indios siempre compráis cosas muy ornamentadas'.",1
"En una tienda de regalos, mientras buscaba adornos tradicionales, el dependiente me dijo: 'Todo lo tailandés debe ser muy colorido, porque siempre se ve como muy exagerado'.",1
"En una tienda de regalos, mientras buscaba algo especial para llevar a un evento, el dependiente me miró y dijo: 'Siendo japonés, seguro que te gustan las cosas lindas y pequeñas, ¿no? Porque en Japón todo es kawaii'.",1
"En una tienda de ropa, al mencionar que soy de Bolivia, cambiaron su actitud cuando mencioné mi país de origen.",1
"En una tienda de ropa, al mencionar que soy de Chile, asumieron que no conocía las normas básicas.",1
"En una tienda de ropa, al mencionar que soy de China, me pidieron documentos adicionales que a los demás no.",1
"En una tienda de ropa, al mencionar que soy de Colombia, pusieron en duda la veracidad de mis papeles.",1
"En una tienda de ropa, al mencionar que soy de Filipinas, me explicaron las cosas como si no entendiera el idioma.",1
"En una tienda de ropa, al mencionar que soy de Honduras, pusieron en duda la veracidad de mis papeles.",1
"En una tienda de ropa, al mencionar que soy de Nigeria, noté miradas constantes y desconfianza.",1
"En una tienda de ropa, al mencionar que soy de Rusia, noté miradas constantes y desconfianza.",1
"En una tienda de ropa, estaba revisando una prenda cuando el dependiente se acercó y dijo: 'Aquí tenemos tallas pequeñas, que seguro te quedan mejor porque los chinos siempre sois más pequeños'. Aunque agradecí su ayuda, insistió: 'Y seguro no te interesa nada muy caro, porque siempre buscáis lo más barato'.",1
"En una tienda de ropa, mientras buscaba algo con mi pareja, el dependiente dijo: '¿Pero vosotras dos vais a compartir la ropa, no? Así es más fácil'.",1
"En una tienda de ropa, mientras buscaba un atuendo para una ocasión formal, el dependiente se acercó y, tras observarme un momento, comentó: 'Creo que estas prendas occidentales no son lo que buscas, seguro prefieres algo más tradicional, como lo que usan en India'.",1
"En una tienda de ropa, mientras miraba algunas prendas, el dependiente me dijo: 'Seguro que esto te parece muy moderno, porque en Corea del Norte no deben tener cosas como estas'.",1
"En una tienda me dijeron que no tenían tallas ni precios asequibles para mí, sin que yo preguntara. Miraban mi ropa con desdén.",1
"En una tienda me dijeron que no tenían tallas ni precios asequibles para mí, sin que yo preguntara. Miraban mi ropa con desdén.",1
"En una tienda me dijeron que no tenían tallas ni precios asequibles para mí, sin que yo preguntara. Miraban mi ropa con desdén.",1
"En una tienda me dijeron que no tenían tallas ni precios asequibles para mí, sin que yo preguntara. Miraban mi ropa con desdén.",1
"En una tienda me dijeron que no tenían tallas ni precios asequibles para mí, sin que yo preguntara. Miraban mi ropa con desdén.",1
"En una tienda me dijeron que no tenían tallas ni precios asequibles para mí, sin que yo preguntara. Miraban mi ropa con desdén.",1
"En una tienda me dijeron que no tenían tallas ni precios asequibles para mí, sin que yo preguntara. Miraban mi ropa con desdén.",1
"En una tienda me dijeron que no tenían tallas ni precios asequibles para mí, sin que yo preguntara. Miraban mi ropa con desdén.",1
"En una tienda me dijeron que no tenían tallas ni precios asequibles para mí, sin que yo preguntara. Miraban mi ropa con desdén.",1
"En una tienda me dijeron que no tenían tallas ni precios asequibles para mí, sin que yo preguntara. Miraban mi ropa con desdén.",1
"En una tienda me dijeron que no tenían tallas ni precios asequibles para mí, sin que yo preguntara. Miraban mi ropa con desdén.",1
"En una tienda me dijeron que no tenían tallas ni precios asequibles para mí, sin que yo preguntara. Miraban mi ropa con desdén.",1
"En una tienda me dijeron que no tenían tallas ni precios asequibles para mí, sin que yo preguntara. Miraban mi ropa con desdén.",1
"En una tienda me dijeron que no tenían tallas ni precios asequibles para mí, sin que yo preguntara. Miraban mi ropa con desdén.",1
"En una tienda, cuando estaba pagando, el cajero miró mi documento de identidad y, confundido, comentó: 'Uy, aquí dice otra cosa. Pensé que eras diferente.'",1
"Entré a la piscina y un grupo empezó a comentar mi cuerpo en voz alta, sin hablarme directamente, pero asegurándose de que los escuchara.",1
"Entré a la piscina y un grupo empezó a comentar mi cuerpo en voz alta, sin hablarme directamente, pero asegurándose de que los escuchara.",1
"Entré a la piscina y un grupo empezó a comentar mi cuerpo en voz alta, sin hablarme directamente, pero asegurándose de que los escuchara.",1
"Entré a la piscina y un grupo empezó a comentar mi cuerpo en voz alta, sin hablarme directamente, pero asegurándose de que los escuchara.",1
"Entré a la piscina y un grupo empezó a comentar mi cuerpo en voz alta, sin hablarme directamente, pero asegurándose de que los escuchara.",1
"Entré a la piscina y un grupo empezó a comentar mi cuerpo en voz alta, sin hablarme directamente, pero asegurándose de que los escuchara.",1
"Entré a la piscina y un grupo empezó a comentar mi cuerpo en voz alta, sin hablarme directamente, pero asegurándose de que los escuchara.",1
"Entré a la piscina y un grupo empezó a comentar mi cuerpo en voz alta, sin hablarme directamente, pero asegurándose de que los escuchara.",1
"Entré a la piscina y un grupo empezó a comentar mi cuerpo en voz alta, sin hablarme directamente, pero asegurándose de que los escuchara.",1
"Entré a la piscina y un grupo empezó a comentar mi cuerpo en voz alta, sin hablarme directamente, pero asegurándose de que los escuchara.",1
"Entré a la piscina y un grupo empezó a comentar mi cuerpo en voz alta, sin hablarme directamente, pero asegurándose de que los escuchara.",1
"Entré a la piscina y un grupo empezó a comentar mi cuerpo en voz alta, sin hablarme directamente, pero asegurándose de que los escuchara.",1
"Entré a la piscina y un grupo empezó a comentar mi cuerpo en voz alta, sin hablarme directamente, pero asegurándose de que los escuchara.",1
"Entré a una entrevista de trabajo y al ver mi nombre en el currículum, el entrevistador cambió inmediatamente de actitud y acortó la entrevista.",1
"Entré a una tienda de telefonía y me ofrecieron los productos más básicos sin preguntarme mis necesidades, mientras a otros les mostraban opciones más completas.",1
"Entré a una tienda y el vigilante no dejó de seguirme por los pasillos. No hacía lo mismo con otras personas, y al salir, me preguntó si había pagado todo, sin motivo alguno.",1
"Entré a una tienda y el vigilante no dejó de seguirme por los pasillos. No hacía lo mismo con otras personas, y al salir, me preguntó si había pagado todo, sin motivo alguno.",1
"Entré a una tienda y el vigilante no dejó de seguirme por los pasillos. No hacía lo mismo con otras personas, y al salir, me preguntó si había pagado todo, sin motivo alguno.",1
"Entré a una tienda y el vigilante no dejó de seguirme por los pasillos. No hacía lo mismo con otras personas, y al salir, me preguntó si había pagado todo, sin motivo alguno.",1
"Entré a una tienda y el vigilante no dejó de seguirme por los pasillos. No hacía lo mismo con otras personas, y al salir, me preguntó si había pagado todo, sin motivo alguno.",1
"Entré a una tienda y el vigilante no dejó de seguirme por los pasillos. No hacía lo mismo con otras personas, y al salir, me preguntó si había pagado todo, sin motivo alguno.",1
"Entré a una tienda y el vigilante no dejó de seguirme por los pasillos. No hacía lo mismo con otras personas, y al salir, me preguntó si había pagado todo, sin motivo alguno.",1
"Entré a una tienda y el vigilante no dejó de seguirme por los pasillos. No hacía lo mismo con otras personas, y al salir, me preguntó si había pagado todo, sin motivo alguno.",1
"Entré a una tienda y el vigilante no dejó de seguirme por los pasillos. No hacía lo mismo con otras personas, y al salir, me preguntó si había pagado todo, sin motivo alguno.",1
"Entré a una tienda y noté que algo no iba bien. El trato que recibí fue distante, casi frío, en comparación con el resto. Salí del lugar con la sensación de haber sido señalado por ser diferente.",1
"Entré a una tienda y noté que algo no iba bien. Me atendieron con evidente desgana, mientras que a otros les ofrecían sonrisas y ayuda. Me hizo pensar en cuántas veces estas cosas pasan sin que nadie las cuestione.",1
"Entré a una tienda y noté que algo no iba bien. Me ignoraron por completo, aunque estaba justo delante. Fue una experiencia que me dejó un mal sabor de boca, sin saber cómo reaccionar.",1
"Entré a una tienda y noté que algo no iba bien. Me ignoraron por completo, aunque estaba justo delante. Una situación cotidiana que, por cómo me trataron, se volvió muy amarga.",1
Entré a una tienda y noté que algo no iba bien. Una señora empezó a hacer observaciones hirientes sobre cómo hablaba o vestía. La indiferencia y el juicio estaban presentes en cada mirada.,1
"Entré en una cafetería y, mientras esperaba mi turno, el camarero ignoró varias veces mi petición, atendiendo a otras personas que llegaron después de mí. Al final, me miró y dijo: 'Es que no entiendo tu forma de hablar'.",1
"Entré en una tienda y el dependiente, al verme, dijo en voz alta: 'Siempre vienen estos a molestar, ni siquiera compran nada'.",1
Es curioso cómo algunos piden respeto pero no respetan a los demás.,2
Es curioso cómo las mujeres se quejan de machismo pero siguen buscando hombres que paguen por todo.,2
"Es curioso que algunas religiones exijan respeto, pero no respeten otras creencias.",2
Es curioso que en ciertos barrios solo haya inmigrantes y no se integren con los demás.,2
"Es difícil hablar de esto, pero algunas culturas tienen más dificultades para integrarse.",2
"Es difícil hablar de esto, pero algunas minorías se victimizan demasiado.",2
"Es difícil hablar de esto, pero antes no había tantos problemas con la inmigración.",2
"Es difícil hablar de esto, pero las mujeres tienden a ser más emocionales que los hombres.",2
"Es difícil hablar de esto, pero los jóvenes de hoy en día no respetan nada.",2
"Es difícil hablar de esto, pero no entiendo por qué hay tantas identidades de género ahora.",2
"Es difícil hablar de esto, pero parece que ser heterosexual ahora es algo malo.",2
Es importante escuchar a los demás para entender sus puntos de vista.,2
Es injusto que unos tengan más beneficios que otros por su identidad.,2
Es necesario abrir la mente y el corazón a las experiencias de los demás.,2
"Es normal que la gente prefiera estar con los de su misma cultura, no es racismo.",2
Es un hecho que los hombres son físicamente más fuertes que las mujeres.,2
Es verdad que algunas culturas tienen más dificultades para integrarse.,2
"Es verdad que algunas culturas tratan a las mujeres de forma terrible, pero nadie dice nada por miedo.",2
Es verdad que algunas minorías se victimizan demasiado.,2
Es verdad que algunas religiones imponen demasiadas restricciones sin sentido.,2
"Es verdad que algunos refugiados vienen a trabajar, pero otros solo buscan ayudas.",2
Es verdad que antes no había tantos problemas con la inmigración.,2
"Es verdad que ciertos grupos tienen más problemas con la delincuencia, no es racismo decirlo.",2
"Es verdad que la comunidad lgbt ya tiene derechos, pero siguen actuando como si vivieran en la opresión.",2
Es verdad que las mujeres tienden a ser más emocionales que los hombres.,2
"Es verdad que los europeos son fríos, pero al menos son organizados.",2
"Es verdad que los hombres son mejores en trabajos físicos, es una realidad biológica.",2
Es verdad que los hombres suelen ser más racionales en la toma de decisiones.,2
Es verdad que los inmigrantes deberían esforzarse más por hablar el idioma del país al que llegan.,2
"Es verdad que muchas mujeres buscan igualdad, pero solo en lo que les conviene.",2
Es verdad que no entiendo por qué ahora hay que hacer tantas adaptaciones para personas con discapacidad.,2
Es verdad que no sé por qué hay tantas ayudas para los inmigrantes mientras los locales también pasan dificultades.,2
"Es verdad que no tengo nada en contra de los gays, pero a veces exageran con sus exigencias.",2
"Es verdad que si alguien tiene una discapacidad, eso no significa que deban tratarlo como intocable.",2
"Es verdad que si una persona no quiere integrarse, quizás debería regresar a su país.",2
Es verdad que si vienen a nuestro país deberían respetar nuestras costumbres.,2
Escuchar sin prejuicios nos permite crecer como individuos y como sociedad.,2
Escuchar y aprender de los demás es una muestra de respeto.,2
"Está bien dar apoyo a la gente con discapacidad, pero no se les debería tratar como intocables.",2
"Estaba caminando por el parque con mi hijo cuando un grupo de adolescentes empezó a burlarse de mi forma de vestir, riéndose y señalándome.",1
"Estaba comprando en una tienda y al escuchar que hablaba portugués con mi hijo, un cliente murmuró que no entendía por qué venían tantos 'de fuera'.",1
"Estaba en un bar con amigos cuando un desconocido, al verme, me dijo: 'Seguro que tienes un restaurante de sushi o algo así, ¿verdad?'.",1
Estaba en un espacio público y comenté en una reunión que estaba en una relación con otra mujer. Una persona cercana me miró fijamente y soltó: '¿Eso no es solo una fase?',1
Estaba en un espacio público y comenté en una reunión que estaba en una relación con otra mujer. Una persona cercana me miró fijamente y soltó: '¿Eso no es solo una fase?',1
Estaba en un espacio público y comenté en una reunión que estaba en una relación con otra mujer. Una persona cercana me miró fijamente y soltó: '¿Eso no es solo una fase?',1
Estaba en un espacio público y comenté en una reunión que estaba en una relación con otra mujer. Una persona cercana me miró fijamente y soltó: '¿Y tus padres lo saben?',1
Estaba en un espacio público y comenté en una reunión que estaba en una relación con otra mujer. Una persona cercana me miró fijamente y soltó: 'Aquí no es lugar para esas cosas.',1
Estaba en un espacio público y comenté en una reunión que estaba en una relación con otra mujer. Una persona cercana me miró fijamente y soltó: 'Deberías mantener esas cosas en privado.',1
Estaba en un espacio público y comenté en una reunión que estaba en una relación con otra mujer. Una persona cercana me miró fijamente y soltó: 'Eso es contra natura.',1
"Estaba en un espacio público y comenté en una reunión que estaba en una relación con otra mujer. Una persona cercana me miró fijamente y soltó: 'Esto antes no se veía, qué horror.'",1
"Estaba en un espacio público y comenté en una reunión que estaba en una relación con otra mujer. Una persona cercana me miró fijamente y soltó: 'Esto antes no se veía, qué horror.'",1
"Estaba en un espacio público y comenté en una reunión que estaba en una relación con otra mujer. Una persona cercana me miró fijamente y soltó: 'Esto antes no se veía, qué horror.'",1
Estaba en un espacio público y entré al baño con la identidad de género con la que me identifico. Una persona cercana me miró fijamente y soltó: '¿Y no te da vergüenza decirlo en voz alta?',1
Estaba en un espacio público y entré al baño con la identidad de género con la que me identifico. Una persona cercana me miró fijamente y soltó: '¿Y tus padres lo saben?',1
Estaba en un espacio público y entré al baño con la identidad de género con la que me identifico. Una persona cercana me miró fijamente y soltó: 'Aquí no es lugar para esas cosas.',1
Estaba en un espacio público y entré al baño con la identidad de género con la que me identifico. Una persona cercana me miró fijamente y soltó: 'Esa moda se os pasará.',1
Estaba en un espacio público y entré al baño con la identidad de género con la que me identifico. Una persona cercana me miró fijamente y soltó: 'Esa moda se os pasará.',1
Estaba en un espacio público y entré al baño con la identidad de género con la que me identifico. Una persona cercana me miró fijamente y soltó: 'Eso es contra natura.',1
Estaba en un espacio público y entré al baño con la identidad de género con la que me identifico. Una persona cercana me miró fijamente y soltó: 'Eso es contra natura.',1
Estaba en un espacio público y entré al baño con la identidad de género con la que me identifico. Una persona cercana me miró fijamente y soltó: 'Eso es contra natura.',1
"Estaba en un espacio público y entré al baño con la identidad de género con la que me identifico. Una persona cercana me miró fijamente y soltó: 'Esto antes no se veía, qué horror.'",1
Estaba en un espacio público y hablaba con naturalidad sobre mi orientación sexual. Una persona cercana me miró fijamente y soltó: '¿Eso no es solo una fase?',1
Estaba en un espacio público y hablaba con naturalidad sobre mi orientación sexual. Una persona cercana me miró fijamente y soltó: '¿Eso no es solo una fase?',1
Estaba en un espacio público y hablaba con naturalidad sobre mi orientación sexual. Una persona cercana me miró fijamente y soltó: '¿Eso no es solo una fase?',1
Estaba en un espacio público y hablaba con naturalidad sobre mi orientación sexual. Una persona cercana me miró fijamente y soltó: '¿Y no te da vergüenza decirlo en voz alta?',1
Estaba en un espacio público y hablaba con naturalidad sobre mi orientación sexual. Una persona cercana me miró fijamente y soltó: '¿Y no te da vergüenza decirlo en voz alta?',1
Estaba en un espacio público y hablaba con naturalidad sobre mi orientación sexual. Una persona cercana me miró fijamente y soltó: '¿Y tus padres lo saben?',1
Estaba en un espacio público y hablaba con naturalidad sobre mi orientación sexual. Una persona cercana me miró fijamente y soltó: '¿Y tus padres lo saben?',1
Estaba en un espacio público y hablaba con naturalidad sobre mi orientación sexual. Una persona cercana me miró fijamente y soltó: 'Deberías mantener esas cosas en privado.',1
Estaba en un espacio público y hablaba con naturalidad sobre mi orientación sexual. Una persona cercana me miró fijamente y soltó: 'Esa moda se os pasará.',1
Estaba en un espacio público y hablaba con naturalidad sobre mi orientación sexual. Una persona cercana me miró fijamente y soltó: 'Eso es contra natura.',1
Estaba en un espacio público y hablaba con naturalidad sobre mi orientación sexual. Una persona cercana me miró fijamente y soltó: 'Eso es contra natura.',1
Estaba en un espacio público y hice una observación sobre la inclusión de personas LGBTQ+ en el trabajo. Una persona cercana me miró fijamente y soltó: '¿Eso no es solo una fase?',1
Estaba en un espacio público y hice una observación sobre la inclusión de personas LGBTQ+ en el trabajo. Una persona cercana me miró fijamente y soltó: '¿Eso no es solo una fase?',1
Estaba en un espacio público y hice una observación sobre la inclusión de personas LGBTQ+ en el trabajo. Una persona cercana me miró fijamente y soltó: '¿Y no te da vergüenza decirlo en voz alta?',1
Estaba en un espacio público y hice una observación sobre la inclusión de personas LGBTQ+ en el trabajo. Una persona cercana me miró fijamente y soltó: '¿Y tus padres lo saben?',1
Estaba en un espacio público y hice una observación sobre la inclusión de personas LGBTQ+ en el trabajo. Una persona cercana me miró fijamente y soltó: '¿Y tus padres lo saben?',1
Estaba en un espacio público y hice una observación sobre la inclusión de personas LGBTQ+ en el trabajo. Una persona cercana me miró fijamente y soltó: 'Aquí no es lugar para esas cosas.',1
Estaba en un espacio público y hice una observación sobre la inclusión de personas LGBTQ+ en el trabajo. Una persona cercana me miró fijamente y soltó: 'Deberías mantener esas cosas en privado.',1
Estaba en un espacio público y hice una observación sobre la inclusión de personas LGBTQ+ en el trabajo. Una persona cercana me miró fijamente y soltó: 'Deberías mantener esas cosas en privado.',1
Estaba en un espacio público y hice una observación sobre la inclusión de personas LGBTQ+ en el trabajo. Una persona cercana me miró fijamente y soltó: 'Esa moda se os pasará.',1
Estaba en un espacio público y hice una observación sobre la inclusión de personas LGBTQ+ en el trabajo. Una persona cercana me miró fijamente y soltó: 'Esa moda se os pasará.',1
"Estaba en un espacio público y hice una observación sobre la inclusión de personas LGBTQ+ en el trabajo. Una persona cercana me miró fijamente y soltó: 'Esto antes no se veía, qué horror.'",1
Estaba en un espacio público y hice una observación sobre la inclusión de personas LGBTQ+ en el trabajo. Una persona cercana me miró fijamente y soltó: 'No me siento cómodo con eso cerca.',1
Estaba en un espacio público y iba de la mano con mi pareja del mismo sexo. Una persona cercana me miró fijamente y soltó: '¿Y no te da vergüenza ir de la mano por la calle?',1
Estaba en un espacio público y iba de la mano con mi pareja del mismo sexo. Una persona cercana me miró fijamente y soltó: '¿Y tus padres lo saben?',1
Estaba en un espacio público y iba de la mano con mi pareja del mismo sexo. Una persona cercana me miró fijamente y soltó: '¿Y tus padres lo saben?',1
Estaba en un espacio público y iba de la mano con mi pareja del mismo sexo. Una persona cercana me miró fijamente y soltó: 'Deberías mantener esas cosas en privado.',1
Estaba en un espacio público y iba de la mano con mi pareja del mismo sexo. Una persona cercana me miró fijamente y soltó: 'Deberías mantener esas cosas en privado.',1
Estaba en un espacio público y iba de la mano con mi pareja del mismo sexo. Una persona cercana me miró fijamente y soltó: 'Esa moda se os pasará.',1
Estaba en un espacio público y iba de la mano con mi pareja del mismo sexo. Una persona cercana me miró fijamente y soltó: 'Esa moda se os pasará.',1
Estaba en un espacio público y iba de la mano con mi pareja del mismo sexo. Una persona cercana me miró fijamente y soltó: 'Eso es contra natura.',1
"Estaba en un espacio público y iba de la mano con mi pareja del mismo sexo. Una persona cercana me miró fijamente y soltó: 'Esto antes no se veía, qué horror.'",1
"Estaba en un espacio público y iba de la mano con mi pareja del mismo sexo. Una persona cercana me miró fijamente y soltó: 'No lo digas tan libremente, hay niños delante.'",1
Estaba en un espacio público y iba de la mano con mi pareja del mismo sexo. Una persona cercana me miró fijamente y soltó: 'No me siento cómodo con eso cerca.',1
Estaba en un espacio público y le conté a un compañero que soy trans. Una persona cercana me miró fijamente y soltó: '¿Eso no es solo una fase?',1
Estaba en un espacio público y le conté a un compañero que soy trans. Una persona cercana me miró fijamente y soltó: '¿Eso no es solo una fase?',1
Estaba en un espacio público y le conté a un compañero que soy trans. Una persona cercana me miró fijamente y soltó: '¿Y no te da vergüenza decirlo en voz alta?',1
Estaba en un espacio público y le conté a un compañero que soy trans. Una persona cercana me miró fijamente y soltó: '¿Y tus padres lo saben?',1
Estaba en un espacio público y le conté a un compañero que soy trans. Una persona cercana me miró fijamente y soltó: 'Aquí no es lugar para esas cosas.',1
Estaba en un espacio público y le conté a un compañero que soy trans. Una persona cercana me miró fijamente y soltó: 'Deberías mantener esas cosas en privado.',1
Estaba en un espacio público y le conté a un compañero que soy trans. Una persona cercana me miró fijamente y soltó: 'Esa moda se os pasará.',1
Estaba en un espacio público y le conté a un compañero que soy trans. Una persona cercana me miró fijamente y soltó: 'Eso es contra natura.',1
"Estaba en un espacio público y le conté a un compañero que soy trans. Una persona cercana me miró fijamente y soltó: 'Esto antes no se veía, qué horror.'",1
"Estaba en un espacio público y le conté a un compañero que soy trans. Una persona cercana me miró fijamente y soltó: 'No lo digas tan libremente, hay niños delante.'",1
Estaba en un espacio público y llevaba una camiseta con un mensaje de orgullo. Una persona cercana me miró fijamente y soltó: '¿Eso no es solo una fase?',1
Estaba en un espacio público y llevaba una camiseta con un mensaje de orgullo. Una persona cercana me miró fijamente y soltó: '¿Y no te da vergüenza decirlo en voz alta?',1
Estaba en un espacio público y llevaba una camiseta con un mensaje de orgullo. Una persona cercana me miró fijamente y soltó: '¿Y no te da vergüenza decirlo en voz alta?',1
Estaba en un espacio público y llevaba una camiseta con un mensaje de orgullo. Una persona cercana me miró fijamente y soltó: '¿Y tus padres lo saben?',1
Estaba en un espacio público y llevaba una camiseta con un mensaje de orgullo. Una persona cercana me miró fijamente y soltó: '¿Y tus padres lo saben?',1
Estaba en un espacio público y llevaba una camiseta con un mensaje de orgullo. Una persona cercana me miró fijamente y soltó: '¿Y tus padres lo saben?',1
Estaba en un espacio público y llevaba una camiseta con un mensaje de orgullo. Una persona cercana me miró fijamente y soltó: 'Aquí no es lugar para esas cosas.',1
Estaba en un espacio público y llevaba una camiseta con un mensaje de orgullo. Una persona cercana me miró fijamente y soltó: 'Aquí no es lugar para esas cosas.',1
Estaba en un espacio público y llevaba una camiseta con un mensaje de orgullo. Una persona cercana me miró fijamente y soltó: 'Deberías mantener esas cosas en privado.',1
Estaba en un espacio público y llevaba una camiseta con un mensaje de orgullo. Una persona cercana me miró fijamente y soltó: 'Deberías mantener esas cosas en privado.',1
Estaba en un espacio público y llevaba una camiseta con un mensaje de orgullo. Una persona cercana me miró fijamente y soltó: 'Esa moda se os pasará.',1
Estaba en un espacio público y llevaba una camiseta con un mensaje de orgullo. Una persona cercana me miró fijamente y soltó: 'Esa moda se os pasará.',1
Estaba en un espacio público y llevaba una camiseta con un mensaje de orgullo. Una persona cercana me miró fijamente y soltó: 'Esa moda se os pasará.',1
"Estaba en un espacio público y llevaba una camiseta con un mensaje de orgullo. Una persona cercana me miró fijamente y soltó: 'No lo digas tan libremente, hay niños delante.'",1
"Estaba en un espacio público y llevaba una camiseta con un mensaje de orgullo. Una persona cercana me miró fijamente y soltó: 'No lo digas tan libremente, hay niños delante.'",1
Estaba en un espacio público y llevaba una camiseta con un mensaje de orgullo. Una persona cercana me miró fijamente y soltó: 'No me siento cómodo con eso cerca.',1
Estaba en un espacio público y me presenté con mis pronombres y alguien se burló. Una persona cercana me miró fijamente y soltó: '¿Eso no es solo una fase?',1
Estaba en un espacio público y me presenté con mis pronombres y alguien se burló. Una persona cercana me miró fijamente y soltó: '¿Y tus padres lo saben?',1
Estaba en un espacio público y me presenté con mis pronombres y alguien se burló. Una persona cercana me miró fijamente y soltó: '¿Y tus padres lo saben?',1
Estaba en un espacio público y me presenté con mis pronombres y alguien se burló. Una persona cercana me miró fijamente y soltó: '¿Y tus padres lo saben?',1
Estaba en un espacio público y me presenté con mis pronombres y alguien se burló. Una persona cercana me miró fijamente y soltó: 'Esa moda se os pasará.',1
Estaba en un espacio público y me presenté con mis pronombres y alguien se burló. Una persona cercana me miró fijamente y soltó: 'Esa moda se os pasará.',1
Estaba en un espacio público y me presenté con mis pronombres y alguien se burló. Una persona cercana me miró fijamente y soltó: 'Eso es contra natura.',1
"Estaba en un espacio público y me presenté con mis pronombres y alguien se burló. Una persona cercana me miró fijamente y soltó: 'Esto antes no se veía, qué horror.'",1
"Estaba en un espacio público y me presenté con mis pronombres y alguien se burló. Una persona cercana me miró fijamente y soltó: 'No lo digas tan libremente, hay niños delante.'",1
"Estaba en un espacio público y me presenté con mis pronombres y alguien se burló. Una persona cercana me miró fijamente y soltó: 'No lo digas tan libremente, hay niños delante.'",1
Estaba en un espacio público y me presenté con mis pronombres y alguien se burló. Una persona cercana me miró fijamente y soltó: 'No me siento cómodo con eso cerca.',1
Estaba en un espacio público y me presenté con mis pronombres y alguien se burló. Una persona cercana me miró fijamente y soltó: 'No me siento cómodo con eso cerca.',1
Estaba en un espacio público y mencioné que no me identifico con ningún género binario. Una persona cercana me miró fijamente y soltó: '¿Y no te da vergüenza decirlo en voz alta?',1
Estaba en un espacio público y mencioné que no me identifico con ningún género binario. Una persona cercana me miró fijamente y soltó: '¿Y tus padres lo saben?',1
Estaba en un espacio público y mencioné que no me identifico con ningún género binario. Una persona cercana me miró fijamente y soltó: 'Deberías mantener esas cosas en privado.',1
"Estaba en un espacio público y mencioné que no me identifico con ningún género binario. Una persona cercana me miró fijamente y soltó: 'No lo digas tan libremente, hay niños delante.'",1
"Estaba en un espacio público y mencioné que no me identifico con ningún género binario. Una persona cercana me miró fijamente y soltó: 'No lo digas tan libremente, hay niños delante.'",1
Estaba en un espacio público y mencioné que no me identifico con ningún género binario. Una persona cercana me miró fijamente y soltó: 'No me siento cómodo con eso cerca.',1
Estaba en un espacio público y participé en una marcha del orgullo y subí fotos. Una persona cercana me miró fijamente y soltó: 'Aquí no es lugar para esas cosas.',1
Estaba en un espacio público y participé en una marcha del orgullo y subí fotos. Una persona cercana me miró fijamente y soltó: 'Esa moda se os pasará.',1
Estaba en un espacio público y participé en una marcha del orgullo y subí fotos. Una persona cercana me miró fijamente y soltó: 'Eso es contra natura.',1
"Estaba en una cafetería del centro mientras ayudaba a alguien traduciendo del español al árabe. una persona en la mesa de al lado me observaba con evidente incomodidad. de pronto, se dirigió a mí con tono sarcástico y dijo: 'no hace falta restregarnos su cultura.'",1
"Estaba en una cafetería del centro mientras ayudaba a alguien traduciendo del español al guaraní. una persona en la mesa de al lado me observaba con evidente incomodidad. de pronto, se dirigió a mí con tono sarcástico y dijo: 'esas lenguas no deberían usarse en público.'",1
"Estaba en una cafetería del centro mientras ayudaba a alguien traduciendo del español al guaraní. una persona en la mesa de al lado me observaba con evidente incomodidad. de pronto, se dirigió a mí con tono sarcástico y dijo: 'estamos en españa, no en tu país.'",1
"Estaba en una cafetería del centro mientras ayudaba a alguien traduciendo del español al hindi. una persona en la mesa de al lado me observaba con evidente incomodidad. de pronto, se dirigió a mí con tono sarcástico y dijo: 'eso da mal rollo, parece que planeas algo.'",1
"Estaba en una cafetería del centro mientras ayudaba a alguien traduciendo del español al hindi. una persona en la mesa de al lado me observaba con evidente incomodidad. de pronto, se dirigió a mí con tono sarcástico y dijo: 'eso da mal rollo, parece que planeas algo.'",1
"Estaba en una cafetería del centro mientras ayudaba a alguien traduciendo del español al quechua. una persona en la mesa de al lado me observaba con evidente incomodidad. de pronto, se dirigió a mí con tono sarcástico y dijo: 'estamos en españa, no en tu país.'",1
"Estaba en una cafetería del centro mientras ayudaba a alguien traduciendo del español al quechua. una persona en la mesa de al lado me observaba con evidente incomodidad. de pronto, se dirigió a mí con tono sarcástico y dijo: 'estamos en españa, no en tu país.'",1
"Estaba en una cafetería del centro mientras ayudaba a alguien traduciendo del español al quechua. una persona en la mesa de al lado me observaba con evidente incomodidad. de pronto, se dirigió a mí con tono sarcástico y dijo: 'no estamos en la onu, habla español.'",1
"Estaba en una cafetería del centro mientras ayudaba a alguien traduciendo del español al quechua. una persona en la mesa de al lado me observaba con evidente incomodidad. de pronto, se dirigió a mí con tono sarcástico y dijo: 'no hace falta restregarnos su cultura.'",1
"Estaba en una cafetería del centro mientras ayudaba a alguien traduciendo del español al urdu. una persona en la mesa de al lado me observaba con evidente incomodidad. de pronto, se dirigió a mí con tono sarcástico y dijo: 'no sé qué dices, pero suena peligroso.'",1
"Estaba en una cafetería del centro mientras cantaba una canción popular en árabe en la calle. una persona en la mesa de al lado me observaba con evidente incomodidad. de pronto, se dirigió a mí con tono sarcástico y dijo: 'no hace falta restregarnos su cultura.'",1
"Estaba en una cafetería del centro mientras cantaba una canción popular en chino en la calle. una persona en la mesa de al lado me observaba con evidente incomodidad. de pronto, se dirigió a mí con tono sarcástico y dijo: 'ya bastante tenemos con lo nuestro.'",1
"Estaba en una cafetería del centro mientras cantaba una canción popular en quechua en la calle. una persona en la mesa de al lado me observaba con evidente incomodidad. de pronto, se dirigió a mí con tono sarcástico y dijo: 'no hace falta restregarnos su cultura.'",1
"Estaba en una cafetería del centro mientras cantaba una canción popular en rumano en la calle. una persona en la mesa de al lado me observaba con evidente incomodidad. de pronto, se dirigió a mí con tono sarcástico y dijo: 'eso da mal rollo, parece que planeas algo.'",1
"Estaba en una cafetería del centro mientras cantaba una canción popular en rumano en la calle. una persona en la mesa de al lado me observaba con evidente incomodidad. de pronto, se dirigió a mí con tono sarcástico y dijo: 'estamos en españa, no en tu país.'",1
"Estaba en una cafetería del centro mientras cantaba una canción popular en rumano en la calle. una persona en la mesa de al lado me observaba con evidente incomodidad. de pronto, se dirigió a mí con tono sarcástico y dijo: 'estamos en españa, no en tu país.'",1
"Estaba en una cafetería del centro mientras enseñaba frases en árabe a una amiga. una persona en la mesa de al lado me observaba con evidente incomodidad. de pronto, se dirigió a mí con tono sarcástico y dijo: '¿puedes hablar como la gente normal?'",1
"Estaba en una cafetería del centro mientras enseñaba frases en chino a una amiga. una persona en la mesa de al lado me observaba con evidente incomodidad. de pronto, se dirigió a mí con tono sarcástico y dijo: 'aquí hablamos español, no esas cosas.'",1
"Estaba en una cafetería del centro mientras enseñaba frases en chino a una amiga. una persona en la mesa de al lado me observaba con evidente incomodidad. de pronto, se dirigió a mí con tono sarcástico y dijo: 'eso da mal rollo, parece que planeas algo.'",1
"Estaba en una cafetería del centro mientras enseñaba frases en guaraní a una amiga. una persona en la mesa de al lado me observaba con evidente incomodidad. de pronto, se dirigió a mí con tono sarcástico y dijo: 'no estamos en la onu, habla español.'",1
"Estaba en una cafetería del centro mientras enseñaba frases en hindi a una amiga. una persona en la mesa de al lado me observaba con evidente incomodidad. de pronto, se dirigió a mí con tono sarcástico y dijo: 'eso da mal rollo, parece que planeas algo.'",1
"Estaba en una cafetería del centro mientras enseñaba frases en quechua a una amiga. una persona en la mesa de al lado me observaba con evidente incomodidad. de pronto, se dirigió a mí con tono sarcástico y dijo: 'luego dicen que no se quieren integrar.'",1
"Estaba en una cafetería del centro mientras enseñaba frases en quechua a una amiga. una persona en la mesa de al lado me observaba con evidente incomodidad. de pronto, se dirigió a mí con tono sarcástico y dijo: 'no estamos en la onu, habla español.'",1
"Estaba en una cafetería del centro mientras enseñaba frases en tagalo a una amiga. una persona en la mesa de al lado me observaba con evidente incomodidad. de pronto, se dirigió a mí con tono sarcástico y dijo: 'eso da mal rollo, parece que planeas algo.'",1
"Estaba en una cafetería del centro mientras enseñaba frases en urdu a una amiga. una persona en la mesa de al lado me observaba con evidente incomodidad. de pronto, se dirigió a mí con tono sarcástico y dijo: 'no estamos en la onu, habla español.'",1
"Estaba en una cafetería del centro mientras enseñaba frases en wolof a una amiga. una persona en la mesa de al lado me observaba con evidente incomodidad. de pronto, se dirigió a mí con tono sarcástico y dijo: 'ya bastante tenemos con lo nuestro.'",1
"Estaba en una cafetería del centro mientras escuchaba música en árabe con mis auriculares. una persona en la mesa de al lado me observaba con evidente incomodidad. de pronto, se dirigió a mí con tono sarcástico y dijo: 'ya bastante tenemos con lo nuestro.'",1
"Estaba en una cafetería del centro mientras escuchaba música en chino con mis auriculares. una persona en la mesa de al lado me observaba con evidente incomodidad. de pronto, se dirigió a mí con tono sarcástico y dijo: 'aquí hablamos español, no esas cosas.'",1
"Estaba en una cafetería del centro mientras escuchaba música en chino con mis auriculares. una persona en la mesa de al lado me observaba con evidente incomodidad. de pronto, se dirigió a mí con tono sarcástico y dijo: 'no hace falta restregarnos su cultura.'",1
"Estaba en una cafetería del centro mientras escuchaba música en chino con mis auriculares. una persona en la mesa de al lado me observaba con evidente incomodidad. de pronto, se dirigió a mí con tono sarcástico y dijo: 'ya bastante tenemos con lo nuestro.'",1
"Estaba en una cafetería del centro mientras escuchaba música en guaraní con mis auriculares. una persona en la mesa de al lado me observaba con evidente incomodidad. de pronto, se dirigió a mí con tono sarcástico y dijo: 'aquí hablamos español, no esas cosas.'",1
"Estaba en una cafetería del centro mientras escuchaba música en guaraní con mis auriculares. una persona en la mesa de al lado me observaba con evidente incomodidad. de pronto, se dirigió a mí con tono sarcástico y dijo: 'ya bastante tenemos con lo nuestro.'",1
"Estaba en una cafetería del centro mientras escuchaba música en polaco con mis auriculares. una persona en la mesa de al lado me observaba con evidente incomodidad. de pronto, se dirigió a mí con tono sarcástico y dijo: 'no sé qué dices, pero suena peligroso.'",1
"Estaba en una cafetería del centro mientras escuchaba música en rumano con mis auriculares. una persona en la mesa de al lado me observaba con evidente incomodidad. de pronto, se dirigió a mí con tono sarcástico y dijo: 'ya bastante tenemos con lo nuestro.'",1
"Estaba en una cafetería del centro mientras escuchaba música en tagalo con mis auriculares. una persona en la mesa de al lado me observaba con evidente incomodidad. de pronto, se dirigió a mí con tono sarcástico y dijo: 'aquí hablamos español, no esas cosas.'",1
"Estaba en una cafetería del centro mientras escuchaba música en tagalo con mis auriculares. una persona en la mesa de al lado me observaba con evidente incomodidad. de pronto, se dirigió a mí con tono sarcástico y dijo: 'no hace falta restregarnos su cultura.'",1
"Estaba en una cafetería del centro mientras escuchaba música en wolof con mis auriculares. una persona en la mesa de al lado me observaba con evidente incomodidad. de pronto, se dirigió a mí con tono sarcástico y dijo: 'no hace falta restregarnos su cultura.'",1
"Estaba en una cafetería del centro mientras explicaba mi cultura en chino en una clase de intercambio. una persona en la mesa de al lado me observaba con evidente incomodidad. de pronto, se dirigió a mí con tono sarcástico y dijo: '¿puedes hablar como la gente normal?'",1
"Estaba en una cafetería del centro mientras explicaba mi cultura en guaraní en una clase de intercambio. una persona en la mesa de al lado me observaba con evidente incomodidad. de pronto, se dirigió a mí con tono sarcástico y dijo: 'no hace falta restregarnos su cultura.'",1
"Estaba en una cafetería del centro mientras explicaba mi cultura en hindi en una clase de intercambio. una persona en la mesa de al lado me observaba con evidente incomodidad. de pronto, se dirigió a mí con tono sarcástico y dijo: 'no hace falta restregarnos su cultura.'",1
"Estaba en una cafetería del centro mientras explicaba mi cultura en polaco en una clase de intercambio. una persona en la mesa de al lado me observaba con evidente incomodidad. de pronto, se dirigió a mí con tono sarcástico y dijo: 'ya bastante tenemos con lo nuestro.'",1
"Estaba en una cafetería del centro mientras explicaba mi cultura en urdu en una clase de intercambio. una persona en la mesa de al lado me observaba con evidente incomodidad. de pronto, se dirigió a mí con tono sarcástico y dijo: 'luego dicen que no se quieren integrar.'",1
"Estaba en una cafetería del centro mientras hablaba por teléfono en árabe en el transporte público. una persona en la mesa de al lado me observaba con evidente incomodidad. de pronto, se dirigió a mí con tono sarcástico y dijo: '¿puedes hablar como la gente normal?'",1
"Estaba en una cafetería del centro mientras hablaba por teléfono en árabe en el transporte público. una persona en la mesa de al lado me observaba con evidente incomodidad. de pronto, se dirigió a mí con tono sarcástico y dijo: '¿puedes hablar como la gente normal?'",1
"Estaba en una cafetería del centro mientras hablaba por teléfono en árabe en el transporte público. una persona en la mesa de al lado me observaba con evidente incomodidad. de pronto, se dirigió a mí con tono sarcástico y dijo: 'aquí hablamos español, no esas cosas.'",1
"Estaba en una cafetería del centro mientras hablaba por teléfono en árabe en el transporte público. una persona en la mesa de al lado me observaba con evidente incomodidad. de pronto, se dirigió a mí con tono sarcástico y dijo: 'no hace falta restregarnos su cultura.'",1
"Estaba en una cafetería del centro mientras hablaba por teléfono en chino en el transporte público. una persona en la mesa de al lado me observaba con evidente incomodidad. de pronto, se dirigió a mí con tono sarcástico y dijo: 'estamos en españa, no en tu país.'",1
"Estaba en una cafetería del centro mientras hablaba por teléfono en guaraní en el transporte público. una persona en la mesa de al lado me observaba con evidente incomodidad. de pronto, se dirigió a mí con tono sarcástico y dijo: 'no hace falta restregarnos su cultura.'",1
"Estaba en una cafetería del centro mientras hablaba por teléfono en polaco en el transporte público. una persona en la mesa de al lado me observaba con evidente incomodidad. de pronto, se dirigió a mí con tono sarcástico y dijo: 'no hace falta restregarnos su cultura.'",1
"Estaba en una cafetería del centro mientras hablaba por teléfono en rumano en el transporte público. una persona en la mesa de al lado me observaba con evidente incomodidad. de pronto, se dirigió a mí con tono sarcástico y dijo: 'no sé qué dices, pero suena peligroso.'",1
"Estaba en una cafetería del centro mientras hablaba por teléfono en tagalo en el transporte público. una persona en la mesa de al lado me observaba con evidente incomodidad. de pronto, se dirigió a mí con tono sarcástico y dijo: 'eso da mal rollo, parece que planeas algo.'",1
"Estaba en una cafetería del centro mientras hablaba por teléfono en urdu en el transporte público. una persona en la mesa de al lado me observaba con evidente incomodidad. de pronto, se dirigió a mí con tono sarcástico y dijo: 'aquí hablamos español, no esas cosas.'",1
"Estaba en una cafetería del centro mientras hablaba por teléfono en urdu en el transporte público. una persona en la mesa de al lado me observaba con evidente incomodidad. de pronto, se dirigió a mí con tono sarcástico y dijo: 'aquí hablamos español, no esas cosas.'",1
"Estaba en una cafetería del centro mientras hablaba por teléfono en urdu en el transporte público. una persona en la mesa de al lado me observaba con evidente incomodidad. de pronto, se dirigió a mí con tono sarcástico y dijo: 'estamos en españa, no en tu país.'",1
"Estaba en una cafetería del centro mientras leía un libro en árabe en el parque. una persona en la mesa de al lado me observaba con evidente incomodidad. de pronto, se dirigió a mí con tono sarcástico y dijo: 'ya bastante tenemos con lo nuestro.'",1
"Estaba en una cafetería del centro mientras leía un libro en chino en el parque. una persona en la mesa de al lado me observaba con evidente incomodidad. de pronto, se dirigió a mí con tono sarcástico y dijo: 'esas lenguas no deberían usarse en público.'",1
"Estaba en una cafetería del centro mientras leía un libro en guaraní en el parque. una persona en la mesa de al lado me observaba con evidente incomodidad. de pronto, se dirigió a mí con tono sarcástico y dijo: 'esas lenguas no deberían usarse en público.'",1
"Estaba en una cafetería del centro mientras leía un libro en quechua en el parque. una persona en la mesa de al lado me observaba con evidente incomodidad. de pronto, se dirigió a mí con tono sarcástico y dijo: 'aquí hablamos español, no esas cosas.'",1
"Estaba en una cafetería del centro mientras leía un libro en quechua en el parque. una persona en la mesa de al lado me observaba con evidente incomodidad. de pronto, se dirigió a mí con tono sarcástico y dijo: 'eso da mal rollo, parece que planeas algo.'",1
"Estaba en una cafetería del centro mientras leía un libro en quechua en el parque. una persona en la mesa de al lado me observaba con evidente incomodidad. de pronto, se dirigió a mí con tono sarcástico y dijo: 'no estamos en la onu, habla español.'",1
"Estaba en una cafetería del centro mientras leía un libro en quechua en el parque. una persona en la mesa de al lado me observaba con evidente incomodidad. de pronto, se dirigió a mí con tono sarcástico y dijo: 'ya bastante tenemos con lo nuestro.'",1
"Estaba en una cafetería del centro mientras leía un libro en rumano en el parque. una persona en la mesa de al lado me observaba con evidente incomodidad. de pronto, se dirigió a mí con tono sarcástico y dijo: 'no estamos en la onu, habla español.'",1
"Estaba en una cafetería del centro mientras leía un libro en urdu en el parque. una persona en la mesa de al lado me observaba con evidente incomodidad. de pronto, se dirigió a mí con tono sarcástico y dijo: 'estamos en españa, no en tu país.'",1
"Estaba en una cafetería del centro mientras leía un libro en wolof en el parque. una persona en la mesa de al lado me observaba con evidente incomodidad. de pronto, se dirigió a mí con tono sarcástico y dijo: '¿puedes hablar como la gente normal?'",1
"Estaba en una cafetería del centro mientras leía un libro en wolof en el parque. una persona en la mesa de al lado me observaba con evidente incomodidad. de pronto, se dirigió a mí con tono sarcástico y dijo: 'estamos en españa, no en tu país.'",1
"Estaba en una cafetería del centro mientras leía un libro en wolof en el parque. una persona en la mesa de al lado me observaba con evidente incomodidad. de pronto, se dirigió a mí con tono sarcástico y dijo: 'luego dicen que no se quieren integrar.'",1
"Estaba en una cafetería del centro mientras llevaba una camiseta con una frase en hindi. una persona en la mesa de al lado me observaba con evidente incomodidad. de pronto, se dirigió a mí con tono sarcástico y dijo: 'no hace falta restregarnos su cultura.'",1
"Estaba en una cafetería del centro mientras llevaba una camiseta con una frase en quechua. una persona en la mesa de al lado me observaba con evidente incomodidad. de pronto, se dirigió a mí con tono sarcástico y dijo: 'no hace falta restregarnos su cultura.'",1
"Estaba en una cafetería del centro mientras llevaba una camiseta con una frase en rumano. una persona en la mesa de al lado me observaba con evidente incomodidad. de pronto, se dirigió a mí con tono sarcástico y dijo: '¿puedes hablar como la gente normal?'",1
"Estaba en una cafetería del centro mientras llevaba una camiseta con una frase en rumano. una persona en la mesa de al lado me observaba con evidente incomodidad. de pronto, se dirigió a mí con tono sarcástico y dijo: 'no estamos en la onu, habla español.'",1
"Estaba en una cafetería del centro mientras llevaba una camiseta con una frase en rumano. una persona en la mesa de al lado me observaba con evidente incomodidad. de pronto, se dirigió a mí con tono sarcástico y dijo: 'no hace falta restregarnos su cultura.'",1
"Estaba en una cafetería del centro mientras llevaba una camiseta con una frase en tagalo. una persona en la mesa de al lado me observaba con evidente incomodidad. de pronto, se dirigió a mí con tono sarcástico y dijo: '¿puedes hablar como la gente normal?'",1
"Estaba en una cafetería del centro mientras llevaba una camiseta con una frase en tagalo. una persona en la mesa de al lado me observaba con evidente incomodidad. de pronto, se dirigió a mí con tono sarcástico y dijo: 'eso da mal rollo, parece que planeas algo.'",1
"Estaba en una cafetería del centro mientras llevaba una camiseta con una frase en urdu. una persona en la mesa de al lado me observaba con evidente incomodidad. de pronto, se dirigió a mí con tono sarcástico y dijo: 'esas lenguas no deberían usarse en público.'",1
"Estaba en una cafetería del centro mientras pedía comida en un restaurante usando árabe. una persona en la mesa de al lado me observaba con evidente incomodidad. de pronto, se dirigió a mí con tono sarcástico y dijo: 'aquí hablamos español, no esas cosas.'",1
"Estaba en una cafetería del centro mientras pedía comida en un restaurante usando chino. una persona en la mesa de al lado me observaba con evidente incomodidad. de pronto, se dirigió a mí con tono sarcástico y dijo: 'esas lenguas no deberían usarse en público.'",1
"Estaba en una cafetería del centro mientras pedía comida en un restaurante usando guaraní. una persona en la mesa de al lado me observaba con evidente incomodidad. de pronto, se dirigió a mí con tono sarcástico y dijo: '¿puedes hablar como la gente normal?'",1
"Estaba en una cafetería del centro mientras pedía comida en un restaurante usando guaraní. una persona en la mesa de al lado me observaba con evidente incomodidad. de pronto, se dirigió a mí con tono sarcástico y dijo: 'no sé qué dices, pero suena peligroso.'",1
"Estaba en una cafetería del centro mientras pedía comida en un restaurante usando hindi. una persona en la mesa de al lado me observaba con evidente incomodidad. de pronto, se dirigió a mí con tono sarcástico y dijo: 'aquí hablamos español, no esas cosas.'",1
"Estaba en una cafetería del centro mientras pedía comida en un restaurante usando hindi. una persona en la mesa de al lado me observaba con evidente incomodidad. de pronto, se dirigió a mí con tono sarcástico y dijo: 'estamos en españa, no en tu país.'",1
"Estaba en una cafetería del centro mientras pedía comida en un restaurante usando quechua. una persona en la mesa de al lado me observaba con evidente incomodidad. de pronto, se dirigió a mí con tono sarcástico y dijo: 'no hace falta restregarnos su cultura.'",1
"Estaba en una cafetería del centro mientras pedía comida en un restaurante usando quechua. una persona en la mesa de al lado me observaba con evidente incomodidad. de pronto, se dirigió a mí con tono sarcástico y dijo: 'no hace falta restregarnos su cultura.'",1
"Estaba en una cafetería del centro mientras pedía comida en un restaurante usando rumano. una persona en la mesa de al lado me observaba con evidente incomodidad. de pronto, se dirigió a mí con tono sarcástico y dijo: 'luego dicen que no se quieren integrar.'",1
"Estaba en una cafetería del centro mientras pedía comida en un restaurante usando urdu. una persona en la mesa de al lado me observaba con evidente incomodidad. de pronto, se dirigió a mí con tono sarcástico y dijo: 'estamos en españa, no en tu país.'",1
"Estaba en una cafetería del centro mientras pedía comida en un restaurante usando urdu. una persona en la mesa de al lado me observaba con evidente incomodidad. de pronto, se dirigió a mí con tono sarcástico y dijo: 'luego dicen que no se quieren integrar.'",1
"Estaba en una cafetería del centro mientras pedía comida en un restaurante usando urdu. una persona en la mesa de al lado me observaba con evidente incomodidad. de pronto, se dirigió a mí con tono sarcástico y dijo: 'luego dicen que no se quieren integrar.'",1
"Estaba en una cafetería del centro mientras pedía comida en un restaurante usando urdu. una persona en la mesa de al lado me observaba con evidente incomodidad. de pronto, se dirigió a mí con tono sarcástico y dijo: 'no sé qué dices, pero suena peligroso.'",1
"Estaba en una cafetería del centro mientras publicaba una historia en redes sociales en árabe. una persona en la mesa de al lado me observaba con evidente incomodidad. de pronto, se dirigió a mí con tono sarcástico y dijo: 'eso da mal rollo, parece que planeas algo.'",1
"Estaba en una cafetería del centro mientras publicaba una historia en redes sociales en árabe. una persona en la mesa de al lado me observaba con evidente incomodidad. de pronto, se dirigió a mí con tono sarcástico y dijo: 'estamos en españa, no en tu país.'",1
"Estaba en una cafetería del centro mientras publicaba una historia en redes sociales en árabe. una persona en la mesa de al lado me observaba con evidente incomodidad. de pronto, se dirigió a mí con tono sarcástico y dijo: 'no sé qué dices, pero suena peligroso.'",1
"Estaba en una cafetería del centro mientras publicaba una historia en redes sociales en guaraní. una persona en la mesa de al lado me observaba con evidente incomodidad. de pronto, se dirigió a mí con tono sarcástico y dijo: 'esas lenguas no deberían usarse en público.'",1
"Estaba en una cafetería del centro mientras publicaba una historia en redes sociales en hindi. una persona en la mesa de al lado me observaba con evidente incomodidad. de pronto, se dirigió a mí con tono sarcástico y dijo: 'eso da mal rollo, parece que planeas algo.'",1
"Estaba en una cafetería del centro mientras publicaba una historia en redes sociales en hindi. una persona en la mesa de al lado me observaba con evidente incomodidad. de pronto, se dirigió a mí con tono sarcástico y dijo: 'eso da mal rollo, parece que planeas algo.'",1
"Estaba en una cafetería del centro mientras publicaba una historia en redes sociales en quechua. una persona en la mesa de al lado me observaba con evidente incomodidad. de pronto, se dirigió a mí con tono sarcástico y dijo: 'esas lenguas no deberían usarse en público.'",1
"Estaba en una cafetería del centro mientras publicaba una historia en redes sociales en rumano. una persona en la mesa de al lado me observaba con evidente incomodidad. de pronto, se dirigió a mí con tono sarcástico y dijo: 'aquí hablamos español, no esas cosas.'",1
"Estaba en una cafetería del centro mientras publicaba una historia en redes sociales en tagalo. una persona en la mesa de al lado me observaba con evidente incomodidad. de pronto, se dirigió a mí con tono sarcástico y dijo: 'esas lenguas no deberían usarse en público.'",1
"Estaba en una cafetería del centro mientras publicaba una historia en redes sociales en tagalo. una persona en la mesa de al lado me observaba con evidente incomodidad. de pronto, se dirigió a mí con tono sarcástico y dijo: 'estamos en españa, no en tu país.'",1
"Estaba en una cafetería del centro mientras publicaba una historia en redes sociales en tagalo. una persona en la mesa de al lado me observaba con evidente incomodidad. de pronto, se dirigió a mí con tono sarcástico y dijo: 'no sé qué dices, pero suena peligroso.'",1
"Estaba en una cafetería del centro mientras publicaba una historia en redes sociales en urdu. una persona en la mesa de al lado me observaba con evidente incomodidad. de pronto, se dirigió a mí con tono sarcástico y dijo: 'ya bastante tenemos con lo nuestro.'",1
"Estaba en una cafetería del centro mientras publicaba una historia en redes sociales en wolof. una persona en la mesa de al lado me observaba con evidente incomodidad. de pronto, se dirigió a mí con tono sarcástico y dijo: 'ya bastante tenemos con lo nuestro.'",1
"Estaba en una oficina de empleo y una funcionaria me habló muy despacio y con palabras simples, como si no pudiera entender, sin siquiera haber escuchado cómo me expresaba.",1
"Estaba esperando el autobús cuando un hombre empezó a gritarme, diciéndome que debería 'volver a mi país'.",1
"Estaba esperando en la cola de una cafetería y atendieron a tres personas que llegaron después que yo. Cuando pregunté, simplemente dijeron que no me habían visto.",1
"Estaba esperando en la cola de una cafetería y atendieron a tres personas que llegaron después que yo. Cuando pregunté, simplemente dijeron que no me habían visto.",1
"Estaba esperando en la cola de una cafetería y atendieron a tres personas que llegaron después que yo. Cuando pregunté, simplemente dijeron que no me habían visto.",1
"Estaba esperando mi turno en un local. Alguien decidió que yo no encajaba, sin siquiera conocerme. Aunque no dijeron nada explícito, el mensaje era claro: no era bienvenido.",1
"Estaba esperando mi turno en un local. Alguien decidió que yo no encajaba, sin siquiera conocerme. Salí del lugar con la sensación de haber sido señalado por ser diferente.",1
"Estaba esperando mi turno en un local. El trato que recibí fue distante, casi frío, en comparación con el resto. Salí del lugar con la sensación de haber sido señalado por ser diferente.",1
"Estaba esperando mi turno en un local. Me atendieron con evidente desgana, mientras que a otros les ofrecían sonrisas y ayuda. La indiferencia y el juicio estaban presentes en cada mirada.",1
"Estaba esperando mi turno en un local. Me hicieron preguntas personales fuera de lugar, sin venir a cuento. La indiferencia y el juicio estaban presentes en cada mirada.",1
"Estaba esperando mi turno en un local. Me hicieron preguntas personales fuera de lugar, sin venir a cuento. Me hizo pensar en cuántas veces estas cosas pasan sin que nadie las cuestione.",1
"Estaba esperando mi turno en un local. Me ignoraron por completo, aunque estaba justo delante. No supe cómo responder, pero claramente me estaban tratando de forma distinta.",1
"Estaba esperando mi turno en un local. Me miraron con desaprobación todo el tiempo que estuve allí. Fue una experiencia que me dejó un mal sabor de boca, sin saber cómo reaccionar.",1
Estaba esperando mi turno en un local. Me miraron con desaprobación todo el tiempo que estuve allí. Me hizo pensar en cuántas veces estas cosas pasan sin que nadie las cuestione.,1
"Estaba esperando mi turno en un local. Me miraron con desaprobación todo el tiempo que estuve allí. No supe cómo responder, pero claramente me estaban tratando de forma distinta.",1
"Estaba esperando mi turno en un local. Noté un cambio de actitud al verme, como si fuera sospechoso automáticamente. No hubo agresión, pero el desprecio estaba en cada gesto y palabra no dicha.",1
"Estaba esperando mi turno en un local. Una persona del lugar me observaba constantemente, como si desconfiara de mí sin razón. La indiferencia y el juicio estaban presentes en cada mirada.",1
"Estaba esperando mi turno en un local. Una persona del lugar me observaba constantemente, como si desconfiara de mí sin razón. No supe cómo responder, pero claramente me estaban tratando de forma distinta.",1
"Estaba esperando mi turno en un local. Una señora empezó a hacer observaciones hirientes sobre cómo hablaba o vestía. Aunque no dijeron nada explícito, el mensaje era claro: no era bienvenido.",1
"Estaba esperando mi turno en un local. Una señora empezó a hacer observaciones hirientes sobre cómo hablaba o vestía. Una situación cotidiana que, por cómo me trataron, se volvió muy amarga.",1
"Estaba pidiendo en un restaurante y al notar mi acento, el camarero empezó a imitarme de forma burlona. Fue humillante.",1
"Estaba pidiendo en un restaurante y al notar mi acento, el camarero empezó a imitarme de forma burlona. Fue humillante.",1
"Estaba pidiendo en un restaurante y al notar mi acento, el camarero empezó a imitarme de forma burlona. Fue humillante.",1
"Estaba pidiendo en un restaurante y al notar mi acento, el camarero empezó a imitarme de forma burlona. Fue humillante.",1
"Estaba pidiendo en un restaurante y al notar mi acento, el camarero empezó a imitarme de forma burlona. Fue humillante.",1
"Estaba pidiendo en un restaurante y al notar mi acento, el camarero empezó a imitarme de forma burlona. Fue humillante.",1
"Estaba pidiendo en un restaurante y al notar mi acento, el camarero empezó a imitarme de forma burlona. Fue humillante.",1
"Fui a donar sangre y me preguntaron insistentemente si había vivido en mi país en los últimos años, aunque ya había respondido que no.",1
"Fui a recoger un paquete y me preguntaron tres veces mi identidad, mientras a otras personas se la daban sin cuestionar.",1
"Fui a una entrevista de trabajo con ilusión. Alguien decidió que yo no encajaba, sin siquiera conocerme. No supe cómo responder, pero claramente me estaban tratando de forma distinta.",1
"Fui a una entrevista de trabajo con ilusión. El trato que recibí fue distante, casi frío, en comparación con el resto. La indiferencia y el juicio estaban presentes en cada mirada.",1
"Fui a una entrevista de trabajo con ilusión. Me atendieron con evidente desgana, mientras que a otros les ofrecían sonrisas y ayuda. Fue una experiencia que me dejó un mal sabor de boca, sin saber cómo reaccionar.",1
"Fui a una entrevista de trabajo con ilusión. Me ignoraron por completo, aunque estaba justo delante. No hubo agresión, pero el desprecio estaba en cada gesto y palabra no dicha.",1
"Fui a una entrevista de trabajo con ilusión. Me miraron con desaprobación todo el tiempo que estuve allí. Fue una experiencia que me dejó un mal sabor de boca, sin saber cómo reaccionar.",1
"Fui a una entrevista de trabajo con ilusión. Noté un cambio de actitud al verme, como si fuera sospechoso automáticamente. Fue una experiencia que me dejó un mal sabor de boca, sin saber cómo reaccionar.",1
"Fui a una entrevista de trabajo con ilusión. Una persona del lugar me observaba constantemente, como si desconfiara de mí sin razón. Salí del lugar con la sensación de haber sido señalado por ser diferente.",1
"Fui a una entrevista de trabajo con ilusión. Una señora empezó a hacer observaciones hirientes sobre cómo hablaba o vestía. No hubo agresión, pero el desprecio estaba en cada gesto y palabra no dicha.",1
Fui a una entrevista de trabajo y el entrevistador preguntó si ese era mi nombre 'real'. La entrevista duró menos de cinco minutos.,1
Fui a una entrevista de trabajo y el entrevistador preguntó si ese era mi nombre 'real'. La entrevista duró menos de cinco minutos.,1
Fui a una entrevista de trabajo y el entrevistador preguntó si ese era mi nombre 'real'. La entrevista duró menos de cinco minutos.,1
Fui a una entrevista de trabajo y el entrevistador preguntó si ese era mi nombre 'real'. La entrevista duró menos de cinco minutos.,1
Fui a una entrevista de trabajo y el entrevistador preguntó si ese era mi nombre 'real'. La entrevista duró menos de cinco minutos.,1
Fui a una entrevista de trabajo y el entrevistador preguntó si ese era mi nombre 'real'. La entrevista duró menos de cinco minutos.,1
Fui a una entrevista de trabajo y el entrevistador preguntó si ese era mi nombre 'real'. La entrevista duró menos de cinco minutos.,1
Fui a una entrevista de trabajo y el entrevistador preguntó si ese era mi nombre 'real'. La entrevista duró menos de cinco minutos.,1
Fui a una entrevista de trabajo y el entrevistador preguntó si ese era mi nombre 'real'. La entrevista duró menos de cinco minutos.,1
Fui a una tienda de ropa y el dependiente me comentó que 'gente como yo no suele comprar cosas de esta calidad'.,1
Hay barrios donde el crimen es más común que en otros.,2
Hay barrios donde el crimen es más común que en otros.,2
Hay costumbres en otras culturas que parecen ser demasiado invasivas o difíciles de aceptar.,2
Hay estudios que sugieren que algunas culturas tienen más dificultades para integrarse.,2
Hay estudios que sugieren que algunas minorías se victimizan demasiado.,2
Hay estudios que sugieren que antes no había tantos problemas con la inmigración.,2
Hay estudios que sugieren que las mujeres tienden a ser más emocionales que los hombres.,2
Hay estudios que sugieren que los hombres suelen ser más racionales en la toma de decisiones.,2
Hay estudios que sugieren que los jóvenes de hoy en día no respetan nada.,2
Hay estudios que sugieren que no entiendo por qué hay tantas identidades de género ahora.,2
Hay estudios que sugieren que parece que ser heterosexual ahora es algo malo.,2
"Hay lugares donde ya casi no hay gente local, todo son inmigrantes.",2
"Hay lugares donde ya casi no se escucha el idioma local, parece otro país.",2
Hay mujeres que usan la discriminación como excusa para justificar sus fracasos.,2
"Hay países donde la gente no está acostumbrada a respetar las normas, y cuando vienen aquí, eso se nota.",2
"Hay personas con discapacidad que trabajan más duro que los que no la tienen, así que no es una excusa.",2
"Hay personas que siempre juegan a ser las víctimas, aunque no haya motivo para ello.",2
Hay quienes buscan cambiar todo para acomodarse a sus necesidades.,2
Hay quienes buscan privilegios disfrazados de igualdad.,2
Hay quienes buscan privilegios disfrazados de igualdad.,2
Hay quienes confunden derechos con privilegios.,2
Hay quienes confunden igualdad con favoritismo.,2
Hay quienes confunden igualdad con privilegios.,2
Hay quienes se ofenden por cualquier cosa solo por moda.,2
Hay quienes se sienten atacados solo por escuchar otra opinión.,2
Hay quienes usan el racismo como excusa para todo.,2
Hay quienes usan el racismo como excusa para todo.,2
Hay quienes ven discriminación en todo lo que no les gusta.,2
Hay quienes ven discriminación en todo lo que no les gusta.,2
Hoy en día es común pensar que algunas culturas tienen más dificultades para integrarse.,2
Hoy en día es común pensar que algunas minorías se victimizan demasiado.,2
Hoy en día es más fácil ser víctima que responsable de uno mismo.,2
Hoy en día no se puede decir nada sin que alguien se ofenda.,2
Hoy en día parece que algunas minorías se victimizan demasiado.,2
Hoy en día parece que cualquiera se puede ofender por cualquier cosa.,2
Hoy en día parece que el feminismo actual a veces parece más agresivo que necesario.,2
Hoy en día parece que hoy en día ser hombre blanco parece ser un problema.,2
"Hoy en día parece que la gente se ofende por todo, cualquier palabra puede ser malinterpretada.",2
Hoy en día parece que las mujeres tienden a ser más emocionales que los hombres.,2
Hoy en día parece que los hombres suelen ser más racionales en la toma de decisiones.,2
Hoy en día parece que los jóvenes de hoy en día no respetan nada.,2
"Hoy en día parece que muchas mujeres buscan igualdad, pero solo en lo que les conviene.",2
Hoy en día parece que parece que ser heterosexual ahora es algo malo.,2
Hoy en día parece que ser diferente te da más derechos.,2
Hoy en día parece que si vienen a nuestro país deberían respetar nuestras costumbres.,2
Hoy en día parece que todo es ofensivo para alguien.,2
Hoy en día parece que todo es un problema.,2
"Hoy en día ser hombre blanco parece ser lo peor, todo el mundo habla de privilegios como si fuéramos culpables de todo.",2
"Hoy en día ser hombre está mal visto, todo es machismo.",2
Hoy en día todo es una injusticia para alguien.,2
Hoy en día todo se debe aceptar sin cuestionar nada.,2
"Hoy en día, ya no se puede expresar una opinión sin que te llamen intolerante.",2
"Hoy me desperté antes de que suene la alarma y aproveché para leer.""",0
"Hoy salí a caminar temprano y el clima estaba perfecto.""",0
"Iba en el metro y una señora comentó que si no me adapto, no debería estar en este país. No gritó ni me insultó directamente, pero fue muy humillante.",1
"Iba en el metro y una señora comentó que si no me adapto, no debería estar en este país. No gritó ni me insultó directamente, pero fue muy humillante.",1
"Iba en el metro y una señora comentó que si no me adapto, no debería estar en este país. No gritó ni me insultó directamente, pero fue muy humillante.",1
"Iba en el metro y una señora comentó que si no me adapto, no debería estar en este país. No gritó ni me insultó directamente, pero fue muy humillante.",1
"Iba en el metro y una señora comentó que si no me adapto, no debería estar en este país. No gritó ni me insultó directamente, pero fue muy humillante.",1
"Iba en el metro y una señora comentó que si no me adapto, no debería estar en este país. No gritó ni me insultó directamente, pero fue muy humillante.",1
"Iba en el metro y una señora comentó que si no me adapto, no debería estar en este país. No gritó ni me insultó directamente, pero fue muy humillante.",1
"Iba en el transporte público, sentado tranquilamente. Alguien decidió que yo no encajaba, sin siquiera conocerme. Fue una experiencia que me dejó un mal sabor de boca, sin saber cómo reaccionar.",1
"Iba en el transporte público, sentado tranquilamente. Alguien decidió que yo no encajaba, sin siquiera conocerme. No hubo agresión, pero el desprecio estaba en cada gesto y palabra no dicha.",1
"Iba en el transporte público, sentado tranquilamente. Alguien decidió que yo no encajaba, sin siquiera conocerme. No hubo insultos ni amenazas directas, pero me fui sintiéndome juzgado y excluido.",1
"Iba en el transporte público, sentado tranquilamente. Alguien decidió que yo no encajaba, sin siquiera conocerme. No pasó nada que pudiera denunciar, pero fue una situación profundamente incómoda.",1
"Iba en el transporte público, sentado tranquilamente. El trato que recibí fue distante, casi frío, en comparación con el resto. Aunque no dijeron nada explícito, el mensaje era claro: no era bienvenido.",1
"Iba en el transporte público, sentado tranquilamente. El trato que recibí fue distante, casi frío, en comparación con el resto. Salí del lugar con la sensación de haber sido señalado por ser diferente.",1
"Iba en el transporte público, sentado tranquilamente. Escuché comentarios en voz baja que claramente estaban dirigidos hacia mí. Una situación cotidiana que, por cómo me trataron, se volvió muy amarga.",1
"Iba en el transporte público, sentado tranquilamente. Me atendieron con evidente desgana, mientras que a otros les ofrecían sonrisas y ayuda. La indiferencia y el juicio estaban presentes en cada mirada.",1
"Iba en el transporte público, sentado tranquilamente. Me atendieron con evidente desgana, mientras que a otros les ofrecían sonrisas y ayuda. No hubo insultos ni amenazas directas, pero me fui sintiéndome juzgado y excluido.",1
"Iba en el transporte público, sentado tranquilamente. Me hicieron preguntas personales fuera de lugar, sin venir a cuento. Fue una experiencia que me dejó un mal sabor de boca, sin saber cómo reaccionar.",1
"Iba en el transporte público, sentado tranquilamente. Me miraron con desaprobación todo el tiempo que estuve allí. No hubo insultos ni amenazas directas, pero me fui sintiéndome juzgado y excluido.",1
"Iba en el transporte público, sentado tranquilamente. Me miraron con desaprobación todo el tiempo que estuve allí. No supe cómo responder, pero claramente me estaban tratando de forma distinta.",1
"Iba en el transporte público, sentado tranquilamente. Noté un cambio de actitud al verme, como si fuera sospechoso automáticamente. No hubo agresión, pero el desprecio estaba en cada gesto y palabra no dicha.",1
"Iba en el transporte público, sentado tranquilamente. Una persona del lugar me observaba constantemente, como si desconfiara de mí sin razón. No pasó nada que pudiera denunciar, pero fue una situación profundamente incómoda.",1
"Iba en el transporte público, sentado tranquilamente. Una señora empezó a hacer observaciones hirientes sobre cómo hablaba o vestía. La indiferencia y el juicio estaban presentes en cada mirada.",1
"Iba tranquilamente por el barrio cuando un señor bien vestido me miró de arriba abajo y, con voz condescendiente, me dijo: ‘Aquí no es tu sitio, cariño. Si quieres pedir algo, mejor vete a la otra calle, donde la gente es más… como tú’.",1
La bondad y el respeto no tienen fronteras.,2
"La bondad, más que la ley, es lo que realmente construye una comunidad.",2
La comprensión mutua nos permite encontrar puntos de acuerdo incluso en nuestras diferencias.,2
La comprensión y el respeto son las bases de cualquier relación saludable.,2
"La comunidad LGBT ha conseguido muchos derechos, pero siguen actuando como si vivieran en la opresión.",2
"La convivencia pacífica se construye día a día, con pequeños actos de respeto mutuo.",2
La cooperación y el entendimiento entre diferentes grupos es la clave del progreso.,2
La corrección política está acabando con el sentido común.,2
La corrección política está arruinando la libertad de expresión.,2
La corrección política está creando más problemas de los que resuelve.,2
La corrección política está destruyendo el debate real.,2
La corrección política ha hecho imposible el debate abierto.,2
La corrección política ha matado la comedia y el debate.,2
La cultura de la cancelación está afectando la creatividad.,2
La cultura de la cancelación ha arruinado muchas carreras injustamente.,2
La cultura de la cancelación ha hecho que la gente tenga miedo de opinar.,2
La cultura de la cancelación ha vuelto imposible la discusión real.,2
La cultura de la cancelación ha vuelto imposible la discusión real.,2
La cultura de la ofensa ha llegado demasiado lejos.,2
"La diferencia cultural es una oportunidad para aprender, no para excluir.",2
La diferencia no es algo negativo; es lo que nos hace especiales.,2
"La diferencia no es una amenaza, sino una oportunidad para aprender.",2
La discriminación inversa también es un problema del que nadie habla.,2
La discriminación limita el potencial humano y el progreso social.,2
"La discriminación solo crea barreras, mientras que el respeto las derrumba.",2
La diversidad de pensamientos y creencias enriquece nuestra convivencia.,2
"La diversidad es buena, pero no cuando se impone por la fuerza.",2
"La diversidad es buena, pero no debe imponerse a la fuerza.",2
"La diversidad es buena, pero sin imponerla por la fuerza.",2
"La diversidad es buena, pero sin imponerla por la fuerza.",2
La diversidad es un reflejo de la belleza del mundo en que vivimos.,2
"La diversidad está bien, pero cuando es descontrolada, puede traer conflictos.",2
"La diversidad está bien, pero no debería imponerse en todos los ámbitos, especialmente cuando no aporta nada útil.",2
"La diversidad está bien, pero sin imponer reglas a los demás.",2
"La diversidad está bien, pero sin imponer reglas a los demás.",2
"La diversidad está bien, pero sin imponerla a la fuerza.",2
La diversidad forzada no es diversidad real.,2
La diversidad forzada no es verdadera diversidad.,2
"La diversidad no debe ser forzada, debe ser natural.",2
"La diversidad no debe ser impuesta, sino natural.",2
"La doctora revisó mis papeles y dijo: 'Mmm... según esto, tu ADN no coincide con tu 'identidad declarada'. ¿Seguro que no estás confundida?'.",1
La educación es la clave para erradicar prejuicios y discriminación.,2
"La empatía nos permite conectarnos con los demás, más allá de nuestras diferencias.",2
La equidad es el camino hacia una sociedad más justa y armónica.,2
"La fe está bien, pero cuando se usa para justificar cosas malas, deja de ser respetable.",2
La gente debería aprender a tolerar opiniones distintas sin ofenderse.,2
La gente debería preocuparse menos por las palabras y más por las acciones.,2
"La gente debería ser juzgada por sus acciones, no por su color de piel, pero parece que ahora todo se trata de raza.",2
"La gente puede hacer lo que quiera, pero no deberían imponer su estilo de vida a los demás.",2
"La historia debe respetarse, no reescribirse para evitar molestias.",2
"La historia debe respetarse, no reescribirse para evitar ofensas.",2
"La historia debe ser preservada, no reescrita por conveniencia.",2
La historia no debe cambiarse solo porque incomoda a algunos.,2
La historia no debe ser borrada solo porque a algunos no les gusta.,2
La historia no debe ser borrada solo porque a algunos no les gusta.,2
La historia no debe ser reescrita para evitar ofender a algunos.,2
La historia no debe ser reescrita solo porque incomoda a algunos.,2
La historia no debería reescribirse para complacer a ciertos grupos.,2
La historia no debería ser reescrita para complacer a algunos.,2
La historia no debería ser reescrita para evitar que alguien se ofenda.,2
La historia no debería ser reescrita solo porque incomoda a algunos.,2
La historia se está reescribiendo para que algunos no se ofendan.,2
La historia se está reescribiendo para que algunos no se ofendan.,2
La humanidad avanza cuando nos unimos y nos respetamos mutuamente.,2
La identidad de género no debería ser más importante que la capacidad.,2
La identidad no debería definir los derechos de una persona.,2
La identidad no debería definir los derechos de una persona.,2
La identidad personal no debería estar por encima de la realidad.,2
La identidad personal no debería estar por encima de la realidad.,2
"La ideología de género está confundiendo a los niños, antes todo era más claro y nadie tenía problemas con su identidad.",2
La igualdad de derechos es un principio que debemos defender todos los días.,2
La igualdad de todos ante la ley es fundamental para una sociedad justa.,2
"La igualdad no es solo un derecho, es una responsabilidad que todos debemos abrazar.",2
La inclusión es la clave para un futuro en el que todos tengan las mismas oportunidades.,2
La inclusión no debería ser excusa para eliminar tradiciones.,2
La inclusión no debería significar excluir a otros.,2
La inclusión no debería significar excluir a otros.,2
La inclusión no debería significar exclusión para otros.,2
La inclusión no debería significar imposición.,2
La inclusión no debería significar tratar a unos mejor que a otros.,2
La inclusión no significa tratar a unos mejor que a otros.,2
La integración de todos los pueblos en una sociedad global es esencial para la paz mundial.,2
"La justicia debería ser igual para todos, sin privilegios para nadie.",2
La libertad de expresión está en peligro por la cultura de la cancelación.,2
La libertad de expresión está en peligro por la cultura de la cancelación.,2
La libertad de expresión está muriendo por la corrección política.,2
La libertad de expresión no debería ser un privilegio de unos pocos.,2
La libertad de expresión no debería ser un privilegio de unos pocos.,2
La lucha por la igualdad está generando más desigualdad.,2
"La mayoría de los atentados vienen de ciertos grupos, aunque no se pueda decir abiertamente.",2
La mayoría de los políticos solo buscan enriquecerse.,2
"La mayoría de los trabajos peligrosos los hacen hombres, pero nadie habla de eso.",2
La paz comienza en el corazón de cada individuo.,2
La política está llena de gente corrupta.,2
La política está llena de gente corrupta.,2
La religión ha causado muchas guerras y conflictos en la historia.,2
La religión ha causado muchos conflictos a lo largo de la historia.,2
"La religión ha generado demasiados conflictos en la historia, siempre termina dividiendo.",2
La religión ha sido fuente de conflictos en toda la historia.,2
La religión ha sido fuente de conflictos en toda la historia.,2
La religión siempre ha sido una fuente de conflicto aunque no todos los creyentes lo sean,2
La sociedad de antes era más respetuosa con la autoridad hoy en día parece que todos hacen lo que quieren,2
La sociedad está cambiando demasiado rápido sin pensar en las consecuencias.,2
La sociedad está cambiando demasiado rápido sin pensar en las consecuencias.,2
"La sociedad está forzando demasiado la aceptación de lo LGBT, ya no puedes opinar diferente.",2
La sociedad está siendo moldeada para evitar que alguien se ofenda.,2
La sociedad está siendo moldeada para evitar que alguien se ofenda.,2
La solidaridad es una de las virtudes más poderosas para un mundo mejor.,2
La unidad en la diversidad es la verdadera fuerza de una comunidad.,2
La unidad en la diversidad fortalece a la sociedad.,2
La verdadera fuerza de una sociedad radica en su capacidad para abrazar las diferencias.,2
"La verdadera fuerza está en la unidad, no en la división.",2
"La vida es dura para todos, no solo para quienes tienen una enfermedad.",2
Las campañas contra la discriminación a veces discriminan a otros.,2
"Las cuotas de diversidad deberían basarse en capacidad, no en identidad.",2
"Las cuotas de diversidad deberían basarse en capacidad, no en identidad.",2
"Las cuotas de género deberían basarse en mérito, no en identidad.",2
Las cuotas no deberían reemplazar el mérito y la capacidad.,2
Las cuotas no deberían reemplazar el mérito y la capacidad.,2
Las cuotas y beneficios especiales crean más división que igualdad.,2
Las diferencias culturales a veces causan más problemas que soluciones.,2
Las diferencias nos hacen más fuertes como sociedad.,2
Las identidades personales no deberían definir cómo te tratan los demás.,2
Las lesbianas deberían ir al infierno por vivir en pecado.,2
Las leyes de igualdad a veces crean más desigualdad.,2
Las leyes de igualdad a veces generan más desigualdad.,2
Las leyes de igualdad a veces terminan perjudicando a otras personas.,2
Las leyes de igualdad a veces terminan siendo injustas.,2
Las leyes de igualdad a veces terminan siendo injustas.,2
"Las leyes de igualdad deberían beneficiar a todos, no solo a ciertos grupos.",2
"Las leyes de inclusión deberían ser justas para todos, no solo para algunos.",2
Las leyes de inclusión han creado más problemas de los que han resuelto.,2
Las leyes de inclusión han creado más problemas de los que han resuelto.,2
Las leyes de inclusión muchas veces excluyen a otras personas.,2
Las leyes de inclusión muchas veces excluyen a otros.,2
"Las leyes deberían aplicarse por igual para todos, sin excepciones.",2
Las leyes deberían ser aplicadas sin favorecer a ciertos grupos.,2
"Las minorías deben ser respetadas, pero también respetar a la mayoría.",2
Las mujeres a veces no saben separar lo personal de lo profesional.,2
"Las mujeres a veces se toman todo muy personal, lo que puede complicar el ambiente de trabajo.",2
"Las mujeres dicen querer igualdad, pero luego buscan ventajas en cosas como la custodia de los hijos o las leyes de violencia de género.",2
"Las mujeres dicen querer igualdad, pero siempre esperan que paguemos nosotros.""",2
"Las mujeres no sirven para cargos importantes, no tienen la capacidad que los hombres tienen.",2
Las mujeres que se visten de manera provocativa merecen ser violadas.,2
Las mujeres son más propensas a cambiar de opinión por sus emociones.,2
"Las mujeres suelen ser más emocionales que los hombres, es algo natural.",2
"Las normas existen por algo, no deberían cambiarse sin razón válida.",2
"Las normas existen por una razón, no deberían cambiarse sin necesidad.",2
Las normas tradicionales existen por una razón.,2
Las nuevas generaciones se ofenden por cosas que antes eran normales.,2
Las nuevas normas sociales parecen más bien imposiciones.,2
Las nuevas normas sociales parecen más una imposición que un avance.,2
Las personas con discapacidad suelen necesitar demasiados ajustes en la sociedad.,2
"Las personas de clase baja siempre se quejan de todo, pero no quieren mejorar su situación.",2
Las personas de otras culturas deberían aprender a adaptarse a las nuestras en lugar de imponer sus costumbres.,2
Las personas mayores suelen ser menos abiertas a nuevas ideas y cambios.,2
"Las personas tienen el derecho de ser ellas mismas, sin temor a ser discriminadas.",2
Las personas trans son una abominación y deberían ser eliminadas.,2
Las redes sociales han convertido la indignación en una estrategia de poder.,2
Las redes sociales han convertido la indignación en una industria.,2
Las redes sociales han convertido la indignación en una moda.,2
Las redes sociales han convertido la ofensa en un negocio.,2
Las redes sociales han convertido la ofensa en una industria rentable.,2
Las redes sociales han convertido la queja en una forma de vida.,2
Las redes sociales han convertido la queja en una herramienta política.,2
Las redes sociales han hecho que el debate sea imposible.,2
Las redes sociales han hecho que la gente se ofenda por todo.,2
Las redes sociales han hecho que la gente se sienta ofendida por todo.,2
Las redes sociales han hecho que la gente se vuelva más sensible.,2
Las redes sociales han hecho que la gente se vuelva más sensible.,2
Las redes sociales han hecho que la gente se vuelva más susceptible.,2
Las redes sociales han hecho que la gente sea más frágil.,2
"Las redes sociales han hecho que la opinión se base en emociones, no en hechos.",2
"Las reglas de antes tenían un propósito, no deberían cambiarse por presión.",2
"Las reglas deberían ser iguales para todos, sin excepciones.",2
Las tradiciones deberían respetarse en lugar de ser eliminadas.,2
Las tradiciones deberían respetarse en lugar de ser eliminadas.,2
Las tradiciones no deberían desaparecer por corrección política.,2
Las tradiciones no deberían desaparecer por presión social.,2
Las tradiciones no deberían desaparecer solo por presión social.,2
Las tradiciones no deberían desaparecer solo porque a algunos no les gustan.,2
"Llamé a preguntar por una habitación en alquiler y cuando mencioné que era colombiano, me dijeron que ya estaba ocupada, sin siquiera escucharme más.",1
"Los ateos también merecen respeto, pero siempre se habla más de proteger la religión.",2
"Los derechos deberían ser para todos, no solo para algunos grupos.",2
"Los europeos son fríos, pero al menos son más organizados.",2
"Los gais deberían ser exterminados, no tienen cabida en la sociedad.",2
"Los gais pueden hacer lo que quieran, pero no deberían exigir que todo el mundo esté de acuerdo con su estilo de vida.",2
Los gays son una plaga que está destruyendo nuestra sociedad.,2
Los hombres son mejores para tomar decisiones en situaciones de estrés.,2
Los hombres suelen ser más racionales y las mujeres más intuitivas.,2
Los hombres toman decisiones más lógicas mientras que las mujeres se dejan llevar por sus emociones,2
"Los homosexuales deberían ser encarcelados, es contra la naturaleza.",2
Los homosexuales siempre parecen querer llamar la atención con su orientación.,2
Los inmigrantes deberían esforzarse más por hablar el idioma del país al que llegan.,2
Los inmigrantes deberían ser tratados como animales y no como personas.,2
"Los inmigrantes no deberían estar en este país, solo vienen a robar nuestros trabajos.",2
Los inmigrantes se aprovechan del sistema de bienestar social sin contribuir lo suficiente.,2
"Los jóvenes actuales son mucho más sensibles que las generaciones anteriores, no soportan nada.",2
Los jóvenes de ahora parecen no tener respeto por nada ni por las generaciones anteriores,2
Los jóvenes de hoy en día no respetan nada.,2
Los jóvenes hoy en día no tienen la misma ética de trabajo que las generaciones anteriores.,2
Los judíos controlan todo y siempre están buscando cómo perjudicar a los demás.,2
Los judíos son los responsables de todos los problemas del mundo.,2
"Los latinos siempre hablan demasiado en reuniones, parece que no pueden quedarse callados.",2
"Los latinos son unos criminales, siempre están involucrados en actividades ilegales.",2
"Los millennials no pueden escuchar ni una crítica sin sentirse ofendidos, son demasiado sensibles.",2
Los millonarios solo buscan su propio beneficio.,2
Los millonarios solo buscan su propio beneficio.,2
Los musulmanes a veces no respetan los valores fundamentales de las sociedades occidentales.,2
Los musulmanes deberían ser expulsados de todos los países occidentales.,2
Los musulmanes deberían ser exterminados por la paz del mundo,2
"Los musulmanes no deberían vivir aquí, siempre están creando problemas.",2
Los musulmanes parecen tener un problema con la integración en sociedades occidentales.,2
"Los negros nunca van a poder ser tan inteligentes como los blancos, eso es un hecho.",2
"Los negros son muy buenos en deportes, pero no en otras áreas.",2
"Los niños son muy influenciables, y ahora están expuestos a demasiados temas LGBT desde pequeños.",2
Los prejuicios solo nos alejan de una sociedad más inclusiva y justa.,2
Los ricos se olvidan de los problemas de los demás están más enfocados en su propio bienestar,2
Los trans no tienen derecho a usar los mismos baños que las personas cisgénero.,2
Los veganos siempre están buscando maneras de hacernos sentir mal por comer carne.,2
"Me acerqué a pedir información en una oficina pública. Alguien decidió que yo no encajaba, sin siquiera conocerme. Salí del lugar con la sensación de haber sido señalado por ser diferente.",1
"Me acerqué a pedir información en una oficina pública. El trato que recibí fue distante, casi frío, en comparación con el resto. No pasó nada que pudiera denunciar, pero fue una situación profundamente incómoda.",1
"Me acerqué a pedir información en una oficina pública. Me hicieron preguntas personales fuera de lugar, sin venir a cuento. La indiferencia y el juicio estaban presentes en cada mirada.",1
"Me acerqué a pedir información en una oficina pública. Me hicieron preguntas personales fuera de lugar, sin venir a cuento. No hubo agresión, pero el desprecio estaba en cada gesto y palabra no dicha.",1
"Me acerqué a pedir información en una oficina pública. Me hicieron preguntas personales fuera de lugar, sin venir a cuento. No pasó nada que pudiera denunciar, pero fue una situación profundamente incómoda.",1
"Me acerqué a pedir información en una oficina pública. Me hicieron preguntas personales fuera de lugar, sin venir a cuento. Salí del lugar con la sensación de haber sido señalado por ser diferente.",1
"Me acerqué a pedir información en una oficina pública. Me miraron con desaprobación todo el tiempo que estuve allí. Fue una experiencia que me dejó un mal sabor de boca, sin saber cómo reaccionar.",1
Me acerqué a pedir información en una oficina pública. Me miraron con desaprobación todo el tiempo que estuve allí. La indiferencia y el juicio estaban presentes en cada mirada.,1
"Me acerqué a pedir información en una oficina pública. Noté un cambio de actitud al verme, como si fuera sospechoso automáticamente. Fue una experiencia que me dejó un mal sabor de boca, sin saber cómo reaccionar.",1
"Me acerqué a pedir información en una oficina pública. Noté un cambio de actitud al verme, como si fuera sospechoso automáticamente. No pasó nada que pudiera denunciar, pero fue una situación profundamente incómoda.",1
"Me acerqué a pedir información en una oficina pública. Noté un cambio de actitud al verme, como si fuera sospechoso automáticamente. No supe cómo responder, pero claramente me estaban tratando de forma distinta.",1
"Me acerqué a pedir información en una oficina pública. Una persona del lugar me observaba constantemente, como si desconfiara de mí sin razón. No pasó nada que pudiera denunciar, pero fue una situación profundamente incómoda.",1
"Me acerqué a pedir información en una oficina pública. Una señora empezó a hacer observaciones hirientes sobre cómo hablaba o vestía. No hubo insultos ni amenazas directas, pero me fui sintiéndome juzgado y excluido.",1
Me gusta la pizza aunque sea italiana,2
Me incomoda cuando las personas que llegan aquí no respetan nuestras tradiciones y costumbres.,2
Me sorprende que en pleno siglo XXI la gente aún se ofenda por comentarios tan simples.,2
Mi casero me dijo al renovar el contrato: 'Este es un edificio familiar. Espero que no traigas 'amigos' a pasar la noche'.,1
"Mi entrenador me dijo: 'Si quieres ganar músculo, deja esas costumbres afeminadas. Los atletas de verdad son otra cosa'.",1
"Mi pareja y yo estábamos abrazados en un parque cuando alguien se acercó a gritarnos que eso no era 'normal'. Nos hizo sentir incómodos, pero no llegó a amenazarnos.",1
"Mi pareja y yo estábamos abrazados en un parque cuando alguien se acercó a gritarnos que eso no era 'normal'. Nos hizo sentir incómodos, pero no llegó a amenazarnos.",1
"Mi pareja y yo estábamos abrazados en un parque cuando alguien se acercó a gritarnos que eso no era 'normal'. Nos hizo sentir incómodos, pero no llegó a amenazarnos.",1
"Mi pareja y yo estábamos abrazados en un parque cuando alguien se acercó a gritarnos que eso no era 'normal'. Nos hizo sentir incómodos, pero no llegó a amenazarnos.",1
"Mi pareja y yo estábamos abrazados en un parque cuando alguien se acercó a gritarnos que eso no era 'normal'. Nos hizo sentir incómodos, pero no llegó a amenazarnos.",1
"Mi pareja y yo estábamos abrazados en un parque cuando alguien se acercó a gritarnos que eso no era 'normal'. Nos hizo sentir incómodos, pero no llegó a amenazarnos.",1
"Mi pareja y yo estábamos abrazados en un parque cuando alguien se acercó a gritarnos que eso no era 'normal'. Nos hizo sentir incómodos, pero no llegó a amenazarnos.",1
"Mientras tomaba un café en una cafetería, oí comentarios sarcásticos acerca de mi matrimonio interracial.",1
Mucha gente piensa que algunas culturas tienen más dificultades para integrarse.,2
Mucha gente piensa que algunas culturas tienen más dificultades para integrarse.,2
Mucha gente piensa que algunas minorías se victimizan demasiado.,2
Mucha gente piensa que algunas minorías se victimizan demasiado.,2
"Mucha gente piensa que ciertos grupos tienen más problemas con la delincuencia, no es racismo decirlo.",2
Mucha gente piensa que el feminismo actual a veces parece más agresivo que necesario.,2
Mucha gente piensa que hoy en día no se puede decir nada sin que alguien se ofenda.,2
Mucha gente piensa que hoy en día ser hombre blanco parece ser un problema.,2
Mucha gente piensa que la religión ha causado muchos conflictos a lo largo de la historia.,2
Mucha gente piensa que las mujeres tienden a ser más emocionales que los hombres.,2
"Mucha gente piensa que los hombres son mejores en trabajos físicos, es una realidad biológica.",2
Mucha gente piensa que los hombres suelen ser más racionales en la toma de decisiones.,2
Mucha gente piensa que los jóvenes de hoy en día no respetan nada.,2
"Mucha gente piensa que muchas mujeres buscan igualdad, pero solo en lo que les conviene.",2
"Mucha gente piensa que no tengo nada en contra de los gays, pero a veces exageran con sus exigencias.",2
Mucha gente piensa que si vienen a nuestro país deberían respetar nuestras costumbres.,2
"Muchas feministas dicen que buscan igualdad, pero en realidad buscan ventajas.",2
"Muchas feministas no buscan igualdad, sino superioridad sobre los hombres.",2
"Muchas mujeres buscan igualdad, aunque solo en lo que les conviene.",2
Muchas personas dicen ser no binarias solo para llamar la atención.,2
Muchas personas se victimizan demasiado y eso hace que pierdan el foco de lo realmente importante,2
Muchas tradiciones se están perdiendo por la corrección política.,2
Muchas tradiciones se están perdiendo por la corrección política.,2
"Muchos inmigrantes trabajan duro, pero también hay otros que solo buscan aprovecharse del sistema.",2
Nadie debería sentirse excluido o marginado por ser quien es.,2
Nadie tiene problema con los gays hasta que empiezan a hacer activismo exagerado.,2
"Negrata que intenta hablar de historia, negrata que solo repite tonterías.""",1
No confío en quienes vienen de países que no tienen estabilidad política o económica.,2
No deberíamos cambiar el idioma solo para que algunos se sientan mejor.,2
No deberíamos cambiar el idioma solo para que algunos se sientan mejor.,2
No deberíamos cambiar toda la sociedad para complacer a unos pocos.,2
"No entiendo por qué ahora hay que hacer tantas adaptaciones para personas con discapacidad, cuando antes no se necesitaban.",2
No entiendo por qué ahora hay que hacer tantas adaptaciones para personas con discapacidad.,2
"No entiendo por qué ahora hay tantas adaptaciones para personas con discapacidad, antes no se necesitaban.",2
No entiendo por qué algunas comunidades reciben trato especial.,2
No entiendo por qué algunas culturas reciben trato especial.,2
No entiendo por qué algunas personas se sienten atacadas por cualquier cosa.,2
No entiendo por qué ciertas comunidades reciben tantos beneficios.,2
No entiendo por qué ciertas palabras ahora son ofensivas.,2
No entiendo por qué ciertas palabras ahora son ofensivas.,2
No entiendo por qué ciertos grupos tienen más derechos que los demás.,2
No entiendo por qué ciertos temas no se pueden discutir.,2
No entiendo por qué en algunos países la gente no respeta las normas de tráfico.,2
No entiendo por qué en ciertos países las mujeres tienen que cubrirse completamente.,2
No entiendo por qué hay tanta sensibilidad con todo.,2
No entiendo por qué hay tantas ayudas para los inmigrantes.,2
No entiendo por qué hay tantas ayudas para los refugiados mientras hay ciudadanos que también lo están pasando mal.,2
No entiendo por qué hay tantas etiquetas para definir a las personas.,2
No entiendo por qué hay tantas etiquetas para lo mismo.,2
No entiendo por qué hay tantas identidades de género ahora.,2
"No entiendo por qué hay tantas identidades de género, antes solo eran hombre y mujer.",2
No entiendo por qué hay tantas palabras nuevas para lo mismo de siempre.,2
No entiendo por qué hay tantos beneficios para ciertos grupos.,2
No entiendo por qué hay tantos beneficios para ciertos grupos.,2
No entiendo por qué hay tantos términos nuevos para lo mismo de siempre.,2
No entiendo por qué hay tantos términos nuevos para lo mismo.,2
No entiendo por qué los trans insisten tanto en que el mundo los vea como el género con el que se identifican.,2
"No entiendo por qué se habla tanto sobre los géneros, antes era todo mucho más sencillo.",2
No entiendo por qué tenemos que cambiar nuestras costumbres para no ofender a los recién llegados.,2
No es discriminación decir que algunas culturas tienen más dificultades para integrarse.,2
No es discriminación decir que algunas minorías se victimizan demasiado.,2
No es discriminación decir que algunas religiones imponen demasiadas restricciones sin sentido.,2
No es discriminación decir que antes no había tantos problemas con la inmigración.,2
No es discriminación decir que hoy en día no se puede decir nada sin que alguien se ofenda.,2
No es discriminación decir que hoy en día ser hombre blanco parece ser un problema.,2
"No es discriminación decir que la comunidad lgbt ya tiene derechos, pero siguen actuando como si vivieran en la opresión.",2
No es discriminación decir que las mujeres muchas veces no saben separar lo personal de lo profesional.,2
No es discriminación decir que las mujeres tienden a ser más emocionales que los hombres.,2
No es discriminación decir que no entiendo por qué hay tantas identidades de género ahora.,2
"No es discriminación decir que no soy racista, pero hay barrios donde la delincuencia es mayor.",2
No es discriminación decir que parece que ser heterosexual ahora es algo malo.,2
"No es discriminación decir que si alguien tiene una discapacidad, eso no significa que deban tratarlo como intocable.",2
"No es discriminación decir que si una persona no quiere integrarse, quizás debería regresar a su país.",2
No es discriminación decir que si vienen a nuestro país deberían respetar nuestras costumbres.,2
"No es machismo, es que las mujeres no tienen la misma capacidad lógica.""",2
"No es que tenga nada contra ellos, pero siempre hacen ruido en el tren.""",2
No es racismo decir que algunas comunidades tienen más problemas de delincuencia.,2
No es racismo decir que ciertas comunidades tienen más problemas con la delincuencia.,2
"No es racista decir que ciertos grupos cometen más delitos, es simplemente una realidad que se refleja en los datos.",2
No es raro escuchar que algunas culturas tienen más dificultades para integrarse.,2
No es raro escuchar que algunas minorías se victimizan demasiado.,2
No es raro escuchar que las mujeres tienden a ser más emocionales que los hombres.,2
No es raro escuchar que los jóvenes de hoy en día no respetan nada.,2
"No es una opinión popular, pero algunas culturas tienen más dificultades para integrarse.",2
"No es una opinión popular, pero algunas minorías se victimizan demasiado.",2
"No es una opinión popular, pero antes no había tantos problemas con la inmigración.",2
"No es una opinión popular, pero las mujeres tienden a ser más emocionales que los hombres.",2
"No es una opinión popular, pero los jóvenes de hoy en día no respetan nada.",2
"No es una opinión popular, pero no entiendo por qué hay tantas identidades de género ahora.",2
"No es una opinión popular, pero parece que ser heterosexual ahora es algo malo.",2
No hay espacio para el odio en un mundo que busca la comprensión.,2
No hay lugar para el odio en un mundo que busca la paz y la unidad.,2
"No me importa que alguien sea diferente, pero si viene aquí, que se adapte a cómo hacemos las cosas.",2
"No me molesta la gente trans, pero no deberían competir en deportes con su nuevo género.",2
No me molesta que sean distintos pero a veces parecen querer cambiarlo todo a su manera,2
"No me siento seguro al tratar con alguien de ese país, siempre he tenido malas experiencias.",2
No podemos avanzar como sociedad si no respetamos la dignidad de todas las personas.,2
"No quiero ser polémico, pero algunas culturas tienen más dificultades para integrarse.",2
"No quiero ser polémico, pero algunas minorías se victimizan demasiado.",2
"No quiero ser polémico, pero antes no había tantos problemas con la inmigración.",2
"No quiero ser polémico, pero las mujeres tienden a ser más emocionales que los hombres.",2
"No quiero ser polémico, pero los jóvenes de hoy en día no respetan nada.",2
"No quiero ser polémico, pero no entiendo por qué hay tantas identidades de género ahora.",2
"No quiero ser polémico, pero parece que ser heterosexual ahora es algo malo.",2
"No quiero ser polémico, pero si vienen a nuestro país deberían respetar nuestras costumbres.",2
No sé por qué hay tantas ayudas para algunos inmigrantes mientras algunos locales también pasan dificultades.,2
No sé por qué los inmigrantes reciben tantas ayudas cuando hay gente de aquí que también las necesita.,2
No sé por qué se les da tanta ayuda a los inmigrantes cuando algunos ni siquiera intentan adaptarse,2
No sé por qué tantos inmigrantes vienen aquí si no se sienten bien con la cultura.,2
No se puede criticar nada sin que te acusen de algo.,2
No se puede debatir libremente sin miedo a ser censurado.,2
"No se puede decir nada hoy en día sin que alguien se ofenda, especialmente ciertos colectivos que parecen buscar problemas.",2
No se puede hablar de ciertos temas sin ser atacado.,2
No se puede hacer un chiste sin miedo a ser censurado.,2
No se puede hacer un chiste sin miedo a ser censurado.,2
"No se trata de discriminar, pero algunas culturas tienen más dificultades para integrarse.",2
"No se trata de discriminar, pero algunas minorías se victimizan demasiado.",2
"No se trata de discriminar, pero antes no había tantos problemas con la inmigración.",2
"No se trata de discriminar, pero las mujeres tienden a ser más emocionales que los hombres.",2
"No se trata de discriminar, pero los jóvenes de hoy en día no respetan nada.",2
"No se trata de discriminar, pero no entiendo por qué hay tantas identidades de género ahora.",2
"No se trata de discriminar, pero parece que ser heterosexual ahora es algo malo.",2
"No soy racista, pero hay barrios donde la delincuencia es mayor.",2
"No tengo nada en contra de los extranjeros, pero deberían hacer más esfuerzo por adaptarse.",2
"No tengo nada en contra de los gays, aunque a veces exageran con sus exigencias.",2
"No tengo nada en contra de los gitanos, pero muchos tienen una forma de vida difícil de aceptar.",2
"No tengo nada en contra de los inmigrantes, pero deberían demostrar que son útiles para quedarse aquí.",2
"No tengo nada en contra de los musulmanes, pero algunas de sus creencias chocan con los valores de nuestra sociedad.",2
"No tengo problema con ellos, pero deberían integrarse mejor.",2
"No tengo problema con ellos, pero deberían integrarse mejor.",2
"No tengo problema con esto, pero algunas culturas tienen más dificultades para integrarse.",2
"No tengo problema con esto, pero algunas minorías se victimizan demasiado.",2
"No tengo problema con esto, pero las mujeres tienden a ser más emocionales que los hombres.",2
"No tengo problema con esto, pero los jóvenes de hoy en día no respetan nada.",2
"No tengo problema con esto, pero parece que ser heterosexual ahora es algo malo.",2
"No tengo problema con los gays, pero no entiendo por qué tienen que hacer marchas tan exageradas.",2
"No tengo problema con ninguna religión, pero algunas son más problemáticas que otras.",2
No tengo problema con su orientación pero a veces deberían ser más discretos,2
No toda enfermedad es una excusa para recibir trato especial.,2
No toda la historia debe ser reescrita para complacer a algunos.,2
No todas las diferencias son discriminación.,2
No todas las personas trans deberían competir en deportes con su nuevo género.,2
No todas las tradiciones son malas solo por ser antiguas.,2
No todo cambio es bueno solo porque es nuevo.,2
No todo cambio es bueno solo porque es nuevo.,2
No todo cambio es positivo solo por ser nuevo.,2
No todo cambio es positivo solo por ser un cambio.,2
No todo el mundo debe aceptar las nuevas tendencias.,2
No todo el mundo necesita un trato especial.,2
No todo el mundo necesita un trato especial.,2
No todo el mundo necesita una etiqueta especial.,2
No todo el mundo tiene que aceptar las nuevas modas sociales.,2
No todo el mundo tiene que aceptar todas las nuevas ideas sin cuestionarlas.,2
No todo el mundo tiene que aceptar todas las nuevas ideas sin cuestionarlas.,2
"No todo es machismo, algunas cosas simplemente son diferencias biológicas.",2
No todo lo antiguo es malo solo porque es antiguo.,2
"No todo lo antiguo es malo, algunas cosas funcionaban mejor antes.",2
No todo lo nuevo es mejor solo por ser nuevo.,2
No todo lo nuevo es mejor solo por ser nuevo.,2
No todo lo políticamente correcto es correcto en realidad.,2
No todo lo que antes era aceptado debe cambiar solo por moda.,2
No todo lo que antes era aceptado debe cambiar solo por presión.,2
No todo lo que antes era normal debe cambiar por presiones sociales.,2
No todo lo que antes era normal debe cambiar porque alguien se ofenda.,2
No todo lo que antes era normal debe cambiar porque alguien se ofenda.,2
No todo lo que antes era normal debe cambiar sin razón válida.,2
No todo lo que antes era normal debe cambiar solo por presión social.,2
No todo lo que antes era normal debe ser considerado ofensivo.,2
No todo lo que se considera discriminación realmente lo es.,2
No todo lo que se considera discriminación realmente lo es.,2
No todo lo que se llama discriminación es real.,2
No todo lo que se llama discriminación lo es realmente.,2
No todo lo que se llama discriminación realmente lo es.,2
No todo lo que se llama inclusión es realmente justo.,2
No todo lo que se llama inclusión realmente beneficia a la sociedad.,2
No todo lo que se llama inclusión realmente busca equidad.,2
No todo lo que se llama inclusión realmente busca justicia.,2
No todo lo que se llama justicia social realmente lo es.,2
No todo lo que se llama progreso es realmente un avance.,2
No todo lo que se llama progreso realmente lo es.,2
No todo lo que se llama progreso realmente lo es.,2
No todo lo tradicional es malo ni todo lo nuevo es bueno.,2
No todo lo tradicional es malo ni todo lo nuevo es bueno.,2
No todo lo tradicional es malo solo por ser antiguo.,2
No todo lo tradicional es malo solo por ser antiguo.,2
"No todo lo tradicional es malo, algunas cosas funcionan bien así.",2
No todo se soluciona con cambiar las palabras.,2
No todo se soluciona con cambiar las palabras.,2
"No todos los discapacitados necesitan ayuda especial, algunos pueden hacer las cosas como los demás.",2
No todos los problemas pueden resolverse con nuevas leyes.,2
"Nuestro valor no depende de nuestra apariencia, sino de nuestras acciones.",2
Parece que ahora cualquiera puede ser una víctima con solo decirlo.,2
Parece que ahora hay más géneros que personas en el mundo.,2
Parece que ahora hay que pedir permiso para tener una opinión.,2
Parece que ahora hay que pedir permiso para tener una opinión.,2
Parece que ahora la libertad de expresión es solo para algunos.,2
Parece que ahora la libertad de expresión tiene límites políticos.,2
Parece que ahora la opinión debe ser aprobada por la mayoría.,2
Parece que ahora todo el mundo es víctima de algo.,2
Parece que ahora todo el mundo es víctima de algo.,2
Parece que hay más géneros que personas.,2
Parece que hoy en día cualquier comentario puede ser ofensivo.,2
Parece que hoy en día cualquier cosa puede ser ofensiva.,2
Parece que hoy en día cualquiera puede ser víctima de algo.,2
Parece que hoy en día cualquiera puede ser víctima de algo.,2
Parece que hoy en día hay más etiquetas que identidades reales.,2
Parece que hoy en día hay más géneros que personas.,2
Parece que hoy en día hay más normas para limitar el pensamiento crítico.,2
Parece que hoy en día hay más normas para limitar la opinión libre.,2
Parece que hoy en día hay que pedir permiso para opinar.,2
Parece que la gente prefiere sentirse ofendida antes que debatir.,2
Parece que la gente prefiere sentirse ofendida en lugar de debatir.,2
Parece que la igualdad de derechos solo funciona para algunos.,2
Parece que la opinión libre ya no es bienvenida en la sociedad actual.,2
Parece que la opinión libre ya no es bienvenida en la sociedad actual.,2
Parece que opinar distinto es ahora un delito.,2
Parece que opinar distinto es ahora un delito.,2
Parece que ser diferente significa tener más derechos.,2
Parece que ser heterosexual es algo malo hoy en día.,2
Parece que ser ofendido es la nueva forma de ser popular.,2
Parece que ser ofendido es una moda en estos tiempos.,2
Parece que ser políticamente correcto es más importante que ser honesto.,2
Parece que ser políticamente incorrecto es ahora un crimen.,2
Parece que ser políticamente incorrecto es peor que cometer un crimen.,2
Parece que ser políticamente incorrecto es peor que cometer un delito.,2
Parece que ser víctima da más ventajas que ser responsable.,2
Parece que ser víctima da más ventajas que ser responsable.,2
Parece que tener una opinión distinta es peor que cometer un crimen.,2
"Pasaba por el parque cuando alguien me miró de forma extraña. Alguien decidió que yo no encajaba, sin siquiera conocerme. Fue una experiencia que me dejó un mal sabor de boca, sin saber cómo reaccionar.",1
"Pasaba por el parque cuando alguien me miró de forma extraña. Alguien decidió que yo no encajaba, sin siquiera conocerme. No hubo insultos ni amenazas directas, pero me fui sintiéndome juzgado y excluido.",1
"Pasaba por el parque cuando alguien me miró de forma extraña. El trato que recibí fue distante, casi frío, en comparación con el resto. Fue una experiencia que me dejó un mal sabor de boca, sin saber cómo reaccionar.",1
"Pasaba por el parque cuando alguien me miró de forma extraña. El trato que recibí fue distante, casi frío, en comparación con el resto. No hubo insultos ni amenazas directas, pero me fui sintiéndome juzgado y excluido.",1
"Pasaba por el parque cuando alguien me miró de forma extraña. El trato que recibí fue distante, casi frío, en comparación con el resto. Salí del lugar con la sensación de haber sido señalado por ser diferente.",1
"Pasaba por el parque cuando alguien me miró de forma extraña. Me hicieron preguntas personales fuera de lugar, sin venir a cuento. No hubo agresión, pero el desprecio estaba en cada gesto y palabra no dicha.",1
"Pasaba por el parque cuando alguien me miró de forma extraña. Me hicieron preguntas personales fuera de lugar, sin venir a cuento. No hubo insultos ni amenazas directas, pero me fui sintiéndome juzgado y excluido.",1
"Pasaba por el parque cuando alguien me miró de forma extraña. Me ignoraron por completo, aunque estaba justo delante. La indiferencia y el juicio estaban presentes en cada mirada.",1
"Pasaba por el parque cuando alguien me miró de forma extraña. Me ignoraron por completo, aunque estaba justo delante. No supe cómo responder, pero claramente me estaban tratando de forma distinta.",1
"Pasaba por el parque cuando alguien me miró de forma extraña. Noté un cambio de actitud al verme, como si fuera sospechoso automáticamente. Aunque no dijeron nada explícito, el mensaje era claro: no era bienvenido.",1
"Paseaba por el centro comercial cuando ocurrió algo incómodo. Escuché comentarios en voz baja que claramente estaban dirigidos hacia mí. No hubo agresión, pero el desprecio estaba en cada gesto y palabra no dicha.",1
"Paseaba por el centro comercial cuando ocurrió algo incómodo. Escuché comentarios en voz baja que claramente estaban dirigidos hacia mí. No pasó nada que pudiera denunciar, pero fue una situación profundamente incómoda.",1
"Paseaba por el centro comercial cuando ocurrió algo incómodo. Me atendieron con evidente desgana, mientras que a otros les ofrecían sonrisas y ayuda. Fue una experiencia que me dejó un mal sabor de boca, sin saber cómo reaccionar.",1
"Paseaba por el centro comercial cuando ocurrió algo incómodo. Me atendieron con evidente desgana, mientras que a otros les ofrecían sonrisas y ayuda. Una situación cotidiana que, por cómo me trataron, se volvió muy amarga.",1
"Paseaba por el centro comercial cuando ocurrió algo incómodo. Me ignoraron por completo, aunque estaba justo delante. No pasó nada que pudiera denunciar, pero fue una situación profundamente incómoda.",1
Paseaba por el centro comercial cuando ocurrió algo incómodo. Me miraron con desaprobación todo el tiempo que estuve allí. La indiferencia y el juicio estaban presentes en cada mirada.,1
Paseaba por el centro comercial cuando ocurrió algo incómodo. Me miraron con desaprobación todo el tiempo que estuve allí. Salí del lugar con la sensación de haber sido señalado por ser diferente.,1
"Paseaba por el centro comercial cuando ocurrió algo incómodo. Una persona del lugar me observaba constantemente, como si desconfiara de mí sin razón. Fue una experiencia que me dejó un mal sabor de boca, sin saber cómo reaccionar.",1
"Paseaba por el centro comercial cuando ocurrió algo incómodo. Una persona del lugar me observaba constantemente, como si desconfiara de mí sin razón. Me hizo pensar en cuántas veces estas cosas pasan sin que nadie las cuestione.",1
"Paseaba por el centro comercial cuando ocurrió algo incómodo. Una señora empezó a hacer observaciones hirientes sobre cómo hablaba o vestía. Aunque no dijeron nada explícito, el mensaje era claro: no era bienvenido.",1
Pedí ayuda con un trámite digital y me dijeron que esas cosas no eran para gente como yo. No me ofrecieron asistencia y me ignoraron por completo.,1
Pedí ayuda con un trámite digital y me dijeron que esas cosas no eran para gente como yo. No me ofrecieron asistencia y me ignoraron por completo.,1
Pedí ayuda con un trámite digital y me dijeron que esas cosas no eran para gente como yo. No me ofrecieron asistencia y me ignoraron por completo.,1
Pedí ayuda con un trámite digital y me dijeron que esas cosas no eran para gente como yo. No me ofrecieron asistencia y me ignoraron por completo.,1
Pedí ayuda con un trámite digital y me dijeron que esas cosas no eran para gente como yo. No me ofrecieron asistencia y me ignoraron por completo.,1
Pedí ayuda con un trámite digital y me dijeron que esas cosas no eran para gente como yo. No me ofrecieron asistencia y me ignoraron por completo.,1
Pedí ayuda con un trámite digital y me dijeron que esas cosas no eran para gente como yo. No me ofrecieron asistencia y me ignoraron por completo.,1
"Pedí ayuda con una dirección en la calle, y al responder con mi acento francés, la persona me ignoró completamente y se fue sin decir palabra.",1
"Pedí ayuda para una gestión online y la persona me respondió lentamente, como si no pudiera entender lo que decía.",1
"Pedí un café y al oír mi acento argentino, el camarero me preguntó si sabía cómo funcionaban las propinas aquí, con tono burlón.",1
"Pedí una hoja de reclamaciones y el encargado me dijo que eso no era algo que ‘la gente como yo’ solía pedir, con una sonrisa irónica.",1
"Pedía en un restaurante y noté el tono del camarero. Alguien decidió que yo no encajaba, sin siquiera conocerme. Aunque no dijeron nada explícito, el mensaje era claro: no era bienvenido.",1
"Pedía en un restaurante y noté el tono del camarero. Alguien decidió que yo no encajaba, sin siquiera conocerme. La indiferencia y el juicio estaban presentes en cada mirada.",1
"Pedía en un restaurante y noté el tono del camarero. Alguien decidió que yo no encajaba, sin siquiera conocerme. No supe cómo responder, pero claramente me estaban tratando de forma distinta.",1
"Pedía en un restaurante y noté el tono del camarero. El trato que recibí fue distante, casi frío, en comparación con el resto. Una situación cotidiana que, por cómo me trataron, se volvió muy amarga.",1
"Pedía en un restaurante y noté el tono del camarero. Escuché comentarios en voz baja que claramente estaban dirigidos hacia mí. Fue una experiencia que me dejó un mal sabor de boca, sin saber cómo reaccionar.",1
"Pedía en un restaurante y noté el tono del camarero. Escuché comentarios en voz baja que claramente estaban dirigidos hacia mí. No hubo insultos ni amenazas directas, pero me fui sintiéndome juzgado y excluido.",1
"Pedía en un restaurante y noté el tono del camarero. Una señora empezó a hacer observaciones hirientes sobre cómo hablaba o vestía. Fue una experiencia que me dejó un mal sabor de boca, sin saber cómo reaccionar.",1
Promover la paz comienza con pequeños actos de respeto y generosidad.,2
"Quise alquilar un piso y al hablar con acento, el casero me dijo que ya estaba ocupado, aunque seguía anunciado días después.",1
"Quise pagar con tarjeta y el cajero preguntó si tenía una cuenta nacional, con desconfianza, como si esperara que no.",1
"Quise participar en una actividad grupal al aire libre. El trato que recibí fue distante, casi frío, en comparación con el resto. La indiferencia y el juicio estaban presentes en cada mirada.",1
Quise participar en una actividad grupal al aire libre. Escuché comentarios en voz baja que claramente estaban dirigidos hacia mí. Salí del lugar con la sensación de haber sido señalado por ser diferente.,1
"Quise participar en una actividad grupal al aire libre. Me ignoraron por completo, aunque estaba justo delante. No hubo insultos ni amenazas directas, pero me fui sintiéndome juzgado y excluido.",1
"Quise participar en una actividad grupal al aire libre. Noté un cambio de actitud al verme, como si fuera sospechoso automáticamente. Salí del lugar con la sensación de haber sido señalado por ser diferente.",1
"Quise participar en una actividad grupal al aire libre. Noté un cambio de actitud al verme, como si fuera sospechoso automáticamente. Una situación cotidiana que, por cómo me trataron, se volvió muy amarga.",1
"Quise participar en una actividad grupal al aire libre. Una persona del lugar me observaba constantemente, como si desconfiara de mí sin razón. Me hizo pensar en cuántas veces estas cosas pasan sin que nadie las cuestione.",1
"Quise participar en una actividad grupal al aire libre. Una señora empezó a hacer observaciones hirientes sobre cómo hablaba o vestía. Aunque no dijeron nada explícito, el mensaje era claro: no era bienvenido.",1
"Quise participar en una actividad grupal al aire libre. Una señora empezó a hacer observaciones hirientes sobre cómo hablaba o vestía. No hubo insultos ni amenazas directas, pero me fui sintiéndome juzgado y excluido.",1
"Reorganicé mi escritorio para dejar más espacio libre para trabajar.""",0
Se ha normalizado decir que algunas culturas tienen más dificultades para integrarse.,2
Se ha normalizado decir que algunas minorías se victimizan demasiado.,2
Se ha normalizado decir que las mujeres tienden a ser más emocionales que los hombres.,2
Se ha normalizado decir que los jóvenes de hoy en día no respetan nada.,2
Se ha normalizado decir que no entiendo por qué hay tantas identidades de género ahora.,2
Se ha normalizado decir que parece que ser heterosexual ahora es algo malo.,2
"Según dicen algunos expertos, algunas culturas tienen más dificultades para integrarse.",2
"Según dicen algunos expertos, algunas minorías se victimizan demasiado.",2
"Según dicen algunos expertos, algunas religiones imponen demasiadas restricciones sin sentido.",2
"Según dicen algunos expertos, antes no había tantos problemas con la inmigración.",2
"Según dicen algunos expertos, el feminismo actual a veces parece más agresivo que necesario.",2
"Según dicen algunos expertos, hoy en día ser hombre blanco parece ser un problema.",2
"Según dicen algunos expertos, las mujeres tienden a ser más emocionales que los hombres.",2
"Según dicen algunos expertos, los jóvenes de hoy en día no respetan nada.",2
"Según dicen algunos expertos, muchas mujeres buscan igualdad, pero solo en lo que les conviene.",2
"Según dicen algunos expertos, no entiendo por qué hay tantas identidades de género ahora.",2
"Según dicen algunos expertos, parece que ser heterosexual ahora es algo malo.",2
"Según dicen algunos expertos, si vienen a nuestro país deberían respetar nuestras costumbres.",2
Ser diferente no debería significar tener más privilegios.,2
Ser políticamente correcto se ha vuelto más importante que ser honesto.,2
"Si alguien es diferente, que haga lo que quiera pero sin imponerlo a los demás.",2
"Si alguien es diferente, que haga lo que quiera pero sin molestar.",2
"Si alguien es diferente, que haga lo que quiera, pero sin imponerlo.",2
"Si alguien no encaja, debería adaptarse en lugar de cambiar todo.",2
"Si alguien no encaja, debería adaptarse en lugar de cambiar todo.",2
"Si alguien quiere respeto, debe demostrarlo con acciones.",2
"Si alguien quiere respeto, debe demostrarlo con sus acciones.",2
"Si alguien quiere respeto, debe demostrarlo con sus actos.",2
"Si alguien quiere respeto, debe ganárselo con acciones, no exigirlo.",2
"Si alguien quiere respeto, también debe respetar a los demás.",2
"Si alguien quiere respeto, también debe respetar las normas de convivencia.",2
"Si alguien quiere respeto, también debe respetar las reglas.",2
"Si alguien quiere respeto, también debe respetar las reglas.",2
"Si alguien quiere respeto, también debería respetar a los demás.",2
"Si alguien quiere ser diferente, está bien, pero sin imponerlo.",2
"Si alguien quiere ser diferente, está bien, pero sin imponerlo.",2
"Si alguien se muda a otro país, debería adaptarse a su cultura.",2
"Si alguien se muda a otro país, debería adaptarse a sus costumbres.",2
Si alguien tiene una forma de vida diferente está bien pero debería respetar las reglas del lugar,2
"Si alguien viene a nuestro país, lo mínimo es que respete nuestras costumbres.",2
"Si alguien viene a otro país, debería adaptarse a sus normas.",2
"Si alguien viene a un país laico, no debería intentar imponer sus creencias religiosas.",2
"Si lo piensas bien, algunas culturas tienen más dificultades para integrarse.",2
"Si lo piensas bien, algunas culturas tienen más dificultades para integrarse.",2
"Si lo piensas bien, algunas minorías se victimizan demasiado.",2
"Si lo piensas bien, algunas minorías se victimizan demasiado.",2
"Si lo piensas bien, algunas religiones imponen demasiadas restricciones sin sentido.",2
"Si lo piensas bien, antes no había tantos problemas con la inmigración.",2
"Si lo piensas bien, el feminismo actual a veces parece más agresivo que necesario.",2
"Si lo piensas bien, hoy en día ser hombre blanco parece ser un problema.",2
"Si lo piensas bien, las mujeres tienden a ser más emocionales que los hombres.",2
"Si lo piensas bien, los hombres suelen ser más racionales en la toma de decisiones.",2
"Si lo piensas bien, los jóvenes de hoy en día no respetan nada.",2
"Si lo piensas bien, muchas mujeres buscan igualdad, pero solo en lo que les conviene.",2
"Si lo piensas bien, no todas las personas trans deberían competir en deportes con su nuevo género.",2
"Si lo piensas bien, parece que ser heterosexual ahora es algo malo.",2
"Si lo piensas bien, si vienen a nuestro país deberían respetar nuestras costumbres.",2
"Si lo vemos desde otro punto de vista, algunas culturas tienen más dificultades para integrarse.",2
"Si lo vemos desde otro punto de vista, algunas culturas tratan a las mujeres de forma terrible, pero nadie dice nada por miedo.",2
"Si lo vemos desde otro punto de vista, algunas minorías se victimizan demasiado.",2
"Si lo vemos desde otro punto de vista, algunas religiones imponen demasiadas restricciones sin sentido.",2
"Si lo vemos desde otro punto de vista, algunos refugiados vienen a trabajar, pero otros solo buscan ayudas.",2
"Si lo vemos desde otro punto de vista, antes no había tantos problemas con la inmigración.",2
"Si lo vemos desde otro punto de vista, ciertos grupos tienen más problemas con la delincuencia, no es racismo decirlo.",2
"Si lo vemos desde otro punto de vista, el feminismo actual a veces parece más agresivo que necesario.",2
"Si lo vemos desde otro punto de vista, hoy en día no se puede decir nada sin que alguien se ofenda.",2
"Si lo vemos desde otro punto de vista, hoy en día ser hombre blanco parece ser un problema.",2
"Si lo vemos desde otro punto de vista, la religión ha causado muchos conflictos a lo largo de la historia.",2
"Si lo vemos desde otro punto de vista, las mujeres muchas veces no saben separar lo personal de lo profesional.",2
"Si lo vemos desde otro punto de vista, las mujeres tienden a ser más emocionales que los hombres.",2
"Si lo vemos desde otro punto de vista, los europeos son fríos, pero al menos son organizados.",2
"Si lo vemos desde otro punto de vista, los hombres son mejores en trabajos físicos, es una realidad biológica.",2
"Si lo vemos desde otro punto de vista, los hombres suelen ser más racionales en la toma de decisiones.",2
"Si lo vemos desde otro punto de vista, los inmigrantes deberían esforzarse más por hablar el idioma del país al que llegan.",2
"Si lo vemos desde otro punto de vista, los jóvenes de hoy en día no respetan nada.",2
"Si lo vemos desde otro punto de vista, muchas mujeres buscan igualdad, pero solo en lo que les conviene.",2
"Si lo vemos desde otro punto de vista, no entiendo por qué ahora hay que hacer tantas adaptaciones para personas con discapacidad.",2
"Si lo vemos desde otro punto de vista, no entiendo por qué hay tantas identidades de género ahora.",2
"Si lo vemos desde otro punto de vista, no sé por qué hay tantas ayudas para los inmigrantes mientras los locales también pasan dificultades.",2
"Si lo vemos desde otro punto de vista, no soy racista, pero hay barrios donde la delincuencia es mayor.",2
"Si lo vemos desde otro punto de vista, no tengo nada en contra de los gays, pero a veces exageran con sus exigencias.",2
"Si lo vemos desde otro punto de vista, no todas las personas trans deberían competir en deportes con su nuevo género.",2
"Si lo vemos desde otro punto de vista, parece que ser heterosexual ahora es algo malo.",2
"Si lo vemos desde otro punto de vista, si alguien tiene una discapacidad, eso no significa que deban tratarlo como intocable.",2
"Si lo vemos desde otro punto de vista, si una persona no quiere integrarse, quizás debería regresar a su país.",2
"Si lo vemos desde otro punto de vista, si vienen a nuestro país deberían respetar nuestras costumbres.",2
"Si los inmigrantes quieren respeto, deberían empezar por respetar las costumbres del país que los acoge.",2
"Si miras la historia, la religión ha sido la causa de más guerras que soluciones.",2
"Si no les gusta cómo son las cosas aquí, pueden irse a otro lugar.",2
"Si no les gusta cómo son las cosas aquí, pueden irse a otro lugar.",2
"Si no te adaptas a nuestras costumbres, entonces no deberías vivir aquí.",2
"Si no te adaptas a nuestras costumbres, mejor vete, los extranjeros no son bienvenidos.",2
"Si no te gusta el país, ¿por qué no te vas?",2
"Si no te gusta el país, ¿por qué no te vas?",2
"Si no te gusta la cultura del país donde vives, ¿por qué te quedas?",2
"Si quieres respeto, también debes respetar las reglas.",2
"Si todos somos iguales, ¿por qué algunos reciben más apoyo?",2
"Si todos somos iguales, ¿por qué algunos reciben más beneficios?",2
"Si todos somos iguales, ¿por qué algunos tienen más privilegios?",2
"Si todos somos iguales, ¿por qué hay cuotas especiales?",2
"Si todos somos iguales, ¿por qué hay diferencias en las leyes?",2
"Si todos somos iguales, ¿por qué hay leyes diferentes para algunos?",2
"Si todos somos iguales, ¿por qué unos tienen más derechos?",2
"Si todos somos iguales, ¿por qué unos tienen más privilegios?",2
"Si todos tenemos derechos, ¿por qué unos tienen más que otros?",2
"Si una comunidad quiere respeto, también debe darlo.",2
"Si una comunidad quiere respeto, también debe darlo.",2
"Si una comunidad quiere respeto, también debe demostrarlo.",2
"Si una comunidad quiere respeto, también debe ganárselo.",2
"Si una comunidad quiere respeto, también debe respetar a los demás.",2
"Si una mujer quiere respeto, lo primero que debería hacer es respetarse a sí misma.",2
"Si una persona no es capaz de hablar bien el idioma, no debería esperar que los demás se esfuercen en entenderla.",2
"Si una tradición funciona, no debería cambiar solo por presión social.",2
"Si una tradición funciona, no debería cambiar solo por presión social.",2
"Si una tradición ha funcionado, ¿por qué cambiarla por moda?",2
"Si una tradición ha funcionado, ¿por qué cambiarla por presión social?",2
"Si una tradición ofende a alguien, eso no significa que deba desaparecer.",2
"Si van a quedarse en este país, lo mínimo que pueden hacer es adaptarse a nuestras reglas.",2
"Si vas a vivir en otro país, deberías adaptarte a sus normas, no esperar que se adapten a ti.",2
"Si vienen a otro país, deberían respetar sus costumbres.",2
"Si vienen a otro país, deberían respetar sus costumbres.",2
Si vienen a vivir aquí deberían adaptarse a nuestras costumbres en lugar de imponer las suyas,2
"Si vienes a un país, deberías adaptarte a sus reglas.",2
Tener una discapacidad no hace a alguien mejor persona ni más especial.,2
Todos los latinos son indocumentados y roban recursos de nuestra sociedad.,2
"Todos los negros son ladrones, no hay uno que no lo sea.",2
Todos los seres humanos merecen vivir en paz y sin discriminación.,2
"Todos somos parte de un mismo tejido humano, y cada hilo es valioso.",2
Todos somos responsables de construir un entorno donde cada persona se sienta segura y valorada.,2
Todos tenemos algo valioso que ofrecer al mundo.,2
Un cliente en el trabajo murmuró: 'Prefiero que me atienda alguien... tradicional. No me gustan estas modas modernas'.,1
"Un compañero de trabajo bromeó: 'Tú podrías ser jefa, pero ¿quién querría trabajar para alguien con tus... cambios hormonales mensuales?'.",1
"Un compañero de trabajo preguntó: 'Oye, ¿tú eras hombre o mujer antes? Es que no logro adivinarlo'.",1
"Un desconocido en el bar me gritó: '¡Oye, esto no es un desfile! Guarda tus gestos para otro sitio'",1
"Un día ayudaba a alguien traduciendo del español al chino, cuando una persona cercana comentó con desdén: '¿Puedes hablar como la gente normal?'",1
"Un día ayudaba a alguien traduciendo del español al guaraní, cuando una persona cercana comentó con desdén: 'Esas lenguas no deberían usarse en público.'",1
"Un día ayudaba a alguien traduciendo del español al hindi, cuando una persona cercana comentó con desdén: 'No estamos en la ONU, habla español.'",1
"Un día ayudaba a alguien traduciendo del español al quechua, cuando una persona cercana comentó con desdén: 'Esas lenguas no deberían usarse en público.'",1
"Un día ayudaba a alguien traduciendo del español al quechua, cuando una persona cercana comentó con desdén: 'No hace falta restregarnos su cultura.'",1
"Un día ayudaba a alguien traduciendo del español al rumano, cuando una persona cercana comentó con desdén: 'Eso da mal rollo, parece que planeas algo.'",1
"Un día ayudaba a alguien traduciendo del español al rumano, cuando una persona cercana comentó con desdén: 'No hace falta restregarnos su cultura.'",1
"Un día ayudaba a alguien traduciendo del español al tagalo, cuando una persona cercana comentó con desdén: 'Esas lenguas no deberían usarse en público.'",1
"Un día ayudaba a alguien traduciendo del español al tagalo, cuando una persona cercana comentó con desdén: 'Luego dicen que no se quieren integrar.'",1
"Un día ayudaba a alguien traduciendo del español al wolof, cuando una persona cercana comentó con desdén: 'Eso da mal rollo, parece que planeas algo.'",1
"Un día ayudaba a alguien traduciendo del español al wolof, cuando una persona cercana comentó con desdén: 'Estamos en España, no en tu país.'",1
"Un día cantaba una canción popular en chino en la calle, cuando una persona cercana comentó con desdén: 'No sé qué dices, pero suena peligroso.'",1
"Un día cantaba una canción popular en guaraní en la calle, cuando una persona cercana comentó con desdén: '¿Puedes hablar como la gente normal?'",1
"Un día cantaba una canción popular en hindi en la calle, cuando una persona cercana comentó con desdén: 'Estamos en España, no en tu país.'",1
"Un día cantaba una canción popular en quechua en la calle, cuando una persona cercana comentó con desdén: 'Eso da mal rollo, parece que planeas algo.'",1
"Un día cantaba una canción popular en quechua en la calle, cuando una persona cercana comentó con desdén: 'No estamos en la ONU, habla español.'",1
"Un día cantaba una canción popular en quechua en la calle, cuando una persona cercana comentó con desdén: 'Ya bastante tenemos con lo nuestro.'",1
"Un día cantaba una canción popular en rumano en la calle, cuando una persona cercana comentó con desdén: 'Aquí hablamos español, no esas cosas.'",1
"Un día cantaba una canción popular en tagalo en la calle, cuando una persona cercana comentó con desdén: '¿Puedes hablar como la gente normal?'",1
"Un día cantaba una canción popular en tagalo en la calle, cuando una persona cercana comentó con desdén: 'Estamos en España, no en tu país.'",1
"Un día cantaba una canción popular en wolof en la calle, cuando una persona cercana comentó con desdén: 'No estamos en la ONU, habla español.'",1
"Un día cantaba una canción popular en wolof en la calle, cuando una persona cercana comentó con desdén: 'No hace falta restregarnos su cultura.'",1
"Un día enseñaba frases en guaraní a una amiga, cuando una persona cercana comentó con desdén: 'Ya bastante tenemos con lo nuestro.'",1
"Un día enseñaba frases en hindi a una amiga, cuando una persona cercana comentó con desdén: 'Luego dicen que no se quieren integrar.'",1
"Un día enseñaba frases en rumano a una amiga, cuando una persona cercana comentó con desdén: 'Aquí hablamos español, no esas cosas.'",1
"Un día enseñaba frases en rumano a una amiga, cuando una persona cercana comentó con desdén: 'No estamos en la ONU, habla español.'",1
"Un día enseñaba frases en urdu a una amiga, cuando una persona cercana comentó con desdén: 'Aquí hablamos español, no esas cosas.'",1
"Un día enseñaba frases en wolof a una amiga, cuando una persona cercana comentó con desdén: 'No sé qué dices, pero suena peligroso.'",1
"Un día enseñaba frases en wolof a una amiga, cuando una persona cercana comentó con desdén: 'Ya bastante tenemos con lo nuestro.'",1
"Un día escuchaba música en árabe con mis auriculares, cuando una persona cercana comentó con desdén: 'Esas lenguas no deberían usarse en público.'",1
"Un día escuchaba música en chino con mis auriculares, cuando una persona cercana comentó con desdén: '¿Puedes hablar como la gente normal?'",1
"Un día escuchaba música en guaraní con mis auriculares, cuando una persona cercana comentó con desdén: 'Estamos en España, no en tu país.'",1
"Un día escuchaba música en guaraní con mis auriculares, cuando una persona cercana comentó con desdén: 'Ya bastante tenemos con lo nuestro.'",1
"Un día escuchaba música en rumano con mis auriculares, cuando una persona cercana comentó con desdén: 'Eso da mal rollo, parece que planeas algo.'",1
"Un día escuchaba música en tagalo con mis auriculares, cuando una persona cercana comentó con desdén: 'No sé qué dices, pero suena peligroso.'",1
"Un día escuchaba música en tagalo con mis auriculares, cuando una persona cercana comentó con desdén: 'Ya bastante tenemos con lo nuestro.'",1
"Un día escuchaba música en urdu con mis auriculares, cuando una persona cercana comentó con desdén: 'Eso da mal rollo, parece que planeas algo.'",1
"Un día escuchaba música en urdu con mis auriculares, cuando una persona cercana comentó con desdén: 'Luego dicen que no se quieren integrar.'",1
"Un día escuchaba música en urdu con mis auriculares, cuando una persona cercana comentó con desdén: 'No estamos en la ONU, habla español.'",1
"Un día escuchaba música en wolof con mis auriculares, cuando una persona cercana comentó con desdén: '¿Puedes hablar como la gente normal?'",1
"Un día escuchaba música en wolof con mis auriculares, cuando una persona cercana comentó con desdén: 'Estamos en España, no en tu país.'",1
"Un día escuchaba música en wolof con mis auriculares, cuando una persona cercana comentó con desdén: 'No sé qué dices, pero suena peligroso.'",1
"Un día explicaba mi cultura en árabe en una clase de intercambio, cuando una persona cercana comentó con desdén: 'Aquí hablamos español, no esas cosas.'",1
"Un día explicaba mi cultura en árabe en una clase de intercambio, cuando una persona cercana comentó con desdén: 'Luego dicen que no se quieren integrar.'",1
"Un día explicaba mi cultura en árabe en una clase de intercambio, cuando una persona cercana comentó con desdén: 'No hace falta restregarnos su cultura.'",1
"Un día explicaba mi cultura en chino en una clase de intercambio, cuando una persona cercana comentó con desdén: 'Eso da mal rollo, parece que planeas algo.'",1
"Un día explicaba mi cultura en chino en una clase de intercambio, cuando una persona cercana comentó con desdén: 'Estamos en España, no en tu país.'",1
"Un día explicaba mi cultura en guaraní en una clase de intercambio, cuando una persona cercana comentó con desdén: 'Luego dicen que no se quieren integrar.'",1
"Un día explicaba mi cultura en hindi en una clase de intercambio, cuando una persona cercana comentó con desdén: 'No sé qué dices, pero suena peligroso.'",1
"Un día explicaba mi cultura en hindi en una clase de intercambio, cuando una persona cercana comentó con desdén: 'No sé qué dices, pero suena peligroso.'",1
"Un día explicaba mi cultura en hindi en una clase de intercambio, cuando una persona cercana comentó con desdén: 'Ya bastante tenemos con lo nuestro.'",1
"Un día explicaba mi cultura en polaco en una clase de intercambio, cuando una persona cercana comentó con desdén: 'Estamos en España, no en tu país.'",1
"Un día explicaba mi cultura en quechua en una clase de intercambio, cuando una persona cercana comentó con desdén: 'No sé qué dices, pero suena peligroso.'",1
"Un día explicaba mi cultura en rumano en una clase de intercambio, cuando una persona cercana comentó con desdén: 'Aquí hablamos español, no esas cosas.'",1
"Un día explicaba mi cultura en tagalo en una clase de intercambio, cuando una persona cercana comentó con desdén: 'Ya bastante tenemos con lo nuestro.'",1
"Un día explicaba mi cultura en urdu en una clase de intercambio, cuando una persona cercana comentó con desdén: 'Esas lenguas no deberían usarse en público.'",1
"Un día explicaba mi cultura en urdu en una clase de intercambio, cuando una persona cercana comentó con desdén: 'No sé qué dices, pero suena peligroso.'",1
"Un día explicaba mi cultura en wolof en una clase de intercambio, cuando una persona cercana comentó con desdén: 'Aquí hablamos español, no esas cosas.'",1
"Un día hablaba por teléfono en chino en el transporte público, cuando una persona cercana comentó con desdén: 'Eso da mal rollo, parece que planeas algo.'",1
"Un día hablaba por teléfono en chino en el transporte público, cuando una persona cercana comentó con desdén: 'Estamos en España, no en tu país.'",1
"Un día hablaba por teléfono en chino en el transporte público, cuando una persona cercana comentó con desdén: 'No estamos en la ONU, habla español.'",1
"Un día hablaba por teléfono en chino en el transporte público, cuando una persona cercana comentó con desdén: 'Ya bastante tenemos con lo nuestro.'",1
"Un día hablaba por teléfono en chino en el transporte público, cuando una persona cercana comentó con desdén: 'Ya bastante tenemos con lo nuestro.'",1
"Un día hablaba por teléfono en quechua en el transporte público, cuando una persona cercana comentó con desdén: 'Eso da mal rollo, parece que planeas algo.'",1
"Un día hablaba por teléfono en rumano en el transporte público, cuando una persona cercana comentó con desdén: '¿Puedes hablar como la gente normal?'",1
"Un día hablaba por teléfono en rumano en el transporte público, cuando una persona cercana comentó con desdén: 'Aquí hablamos español, no esas cosas.'",1
"Un día hablaba por teléfono en rumano en el transporte público, cuando una persona cercana comentó con desdén: 'Eso da mal rollo, parece que planeas algo.'",1
"Un día hablaba por teléfono en wolof en el transporte público, cuando una persona cercana comentó con desdén: 'No sé qué dices, pero suena peligroso.'",1
"Un día leía un libro en guaraní en el parque, cuando una persona cercana comentó con desdén: 'Ya bastante tenemos con lo nuestro.'",1
"Un día leía un libro en hindi en el parque, cuando una persona cercana comentó con desdén: '¿Puedes hablar como la gente normal?'",1
"Un día leía un libro en hindi en el parque, cuando una persona cercana comentó con desdén: 'Aquí hablamos español, no esas cosas.'",1
"Un día leía un libro en hindi en el parque, cuando una persona cercana comentó con desdén: 'Eso da mal rollo, parece que planeas algo.'",1
"Un día leía un libro en polaco en el parque, cuando una persona cercana comentó con desdén: 'Eso da mal rollo, parece que planeas algo.'",1
"Un día leía un libro en polaco en el parque, cuando una persona cercana comentó con desdén: 'No hace falta restregarnos su cultura.'",1
"Un día leía un libro en quechua en el parque, cuando una persona cercana comentó con desdén: 'No estamos en la ONU, habla español.'",1
"Un día leía un libro en rumano en el parque, cuando una persona cercana comentó con desdén: 'Esas lenguas no deberían usarse en público.'",1
"Un día leía un libro en tagalo en el parque, cuando una persona cercana comentó con desdén: 'Aquí hablamos español, no esas cosas.'",1
"Un día leía un libro en wolof en el parque, cuando una persona cercana comentó con desdén: 'Estamos en España, no en tu país.'",1
"Un día leía un libro en wolof en el parque, cuando una persona cercana comentó con desdén: 'Ya bastante tenemos con lo nuestro.'",1
"Un día llevaba una camiseta con una frase en guaraní, cuando una persona cercana comentó con desdén: 'Ya bastante tenemos con lo nuestro.'",1
"Un día llevaba una camiseta con una frase en hindi, cuando una persona cercana comentó con desdén: 'Esas lenguas no deberían usarse en público.'",1
"Un día llevaba una camiseta con una frase en quechua, cuando una persona cercana comentó con desdén: 'Eso da mal rollo, parece que planeas algo.'",1
"Un día llevaba una camiseta con una frase en rumano, cuando una persona cercana comentó con desdén: '¿Puedes hablar como la gente normal?'",1
"Un día llevaba una camiseta con una frase en rumano, cuando una persona cercana comentó con desdén: 'Aquí hablamos español, no esas cosas.'",1
"Un día llevaba una camiseta con una frase en urdu, cuando una persona cercana comentó con desdén: 'Eso da mal rollo, parece que planeas algo.'",1
"Un día llevaba una camiseta con una frase en urdu, cuando una persona cercana comentó con desdén: 'Eso da mal rollo, parece que planeas algo.'",1
"Un día llevaba una camiseta con una frase en urdu, cuando una persona cercana comentó con desdén: 'Luego dicen que no se quieren integrar.'",1
"Un día pedía comida en un restaurante usando guaraní, cuando una persona cercana comentó con desdén: 'Aquí hablamos español, no esas cosas.'",1
"Un día pedía comida en un restaurante usando hindi, cuando una persona cercana comentó con desdén: 'No sé qué dices, pero suena peligroso.'",1
"Un día pedía comida en un restaurante usando polaco, cuando una persona cercana comentó con desdén: 'Eso da mal rollo, parece que planeas algo.'",1
"Un día pedía comida en un restaurante usando wolof, cuando una persona cercana comentó con desdén: 'Esas lenguas no deberían usarse en público.'",1
"Un día publicaba una historia en redes sociales en árabe, cuando una persona cercana comentó con desdén: 'Estamos en España, no en tu país.'",1
"Un día publicaba una historia en redes sociales en hindi, cuando una persona cercana comentó con desdén: 'No estamos en la ONU, habla español.'",1
"Un día publicaba una historia en redes sociales en polaco, cuando una persona cercana comentó con desdén: 'No hace falta restregarnos su cultura.'",1
"Un día publicaba una historia en redes sociales en quechua, cuando una persona cercana comentó con desdén: 'No sé qué dices, pero suena peligroso.'",1
"Un día publicaba una historia en redes sociales en rumano, cuando una persona cercana comentó con desdén: 'No sé qué dices, pero suena peligroso.'",1
"Un día publicaba una historia en redes sociales en tagalo, cuando una persona cercana comentó con desdén: 'No sé qué dices, pero suena peligroso.'",1
"Un día publicaba una historia en redes sociales en urdu, cuando una persona cercana comentó con desdén: 'Eso da mal rollo, parece que planeas algo.'",1
"Un día publicaba una historia en redes sociales en urdu, cuando una persona cercana comentó con desdén: 'No sé qué dices, pero suena peligroso.'",1
"Un día publicaba una historia en redes sociales en wolof, cuando una persona cercana comentó con desdén: 'No sé qué dices, pero suena peligroso.'",1
"Un familiar comentó en la cena: 'No es que no te acepte, es que la biología es la biología. ¿O ahora vamos a creer en hadas también?'",1
Un mundo inclusivo es un mundo lleno de posibilidades.,2
Un mundo mejor comienza con actos de bondad y compasión.,2
Un mundo sin odio es un lugar donde todos podemos prosperar juntos.,2
Un policía me miró el DNI y dijo: 'Esto no cuadra. ¿Te disfrazas a menudo o es algo permanente?',1
Un profesor le dijo a mi hijo: 'Tu nombre es difícil de pronunciar. ¿Tienes algún apodo más... normal?'.,1
"Un vecino, al verme sacar la basura, dijo: ‘Ah, ya veo por qué huelen así las escaleras. En tu país seguro que esto lo hacían mejor… aunque viendo cómo está, igual no’.",1
"Vi una película en blanco y negro que me pareció muy emotiva.""",0
Vivir con respeto hacia los demás es la mejor manera de contribuir a la paz mundial.,2
Vivir con tolerancia es un acto de sabiduría que beneficia a todos.,2
Vivir en armonía requiere que cada uno respete los derechos de los demás.,2
